✔ [18/644] Built Qq.SortLocalDecls (729ms)
✔ [22/644] Built ImportGraph.RequiredModules (1.0s)
✔ [23/644] Built Plausible.Attr (580ms)
✔ [24/645] Built Batteries.Util.Pickle (565ms)
✔ [25/645] Built Plausible.Random (861ms)
✔ [26/645] Built Batteries.Util.ExtendedBinder (1.3s)
✔ [27/645] Built Batteries.Util.Cache (1.0s)
✔ [28/645] Built Mathlib.Tactic.Linter.DirectoryDependency (1.0s)
✔ [29/645] Built Qq.Typ (3.0s)
✔ [30/645] Built Qq.ForLean.ToExpr (3.1s)
✔ [31/645] Built Qq.ForLean.Do (3.1s)
✔ [32/645] Built Qq.ForLean.ReduceEval (3.0s)
✔ [33/645] Built Batteries.Tactic.PermuteGoals (1.2s)
✔ [34/645] Built Batteries.Tactic.ShowUnused (1.6s)
✔ [35/645] Built Batteries.Tactic.Lemma (1.4s)
✔ [36/645] Built Batteries.Tactic.PrintOpaques (1.8s)
✔ [37/645] Built Batteries.Tactic.NoMatch (1.5s)
✔ [38/645] Built Batteries.Tactic.PrintDependents (1.6s)
✔ [39/645] Built Batteries.Tactic.SqueezeScope (2.3s)
✔ [40/645] Built Batteries.Lean.Syntax (531ms)
✔ [41/645] Built Batteries.Tactic.Instances (1.1s)
✔ [42/645] Built Batteries.Lean.PersistentHashSet (690ms)
✔ [43/645] Built Batteries.Lean.NameMapAttribute (690ms)
✔ [44/645] Built Batteries.Lean.MonadBacktrack (356ms)
✔ [45/645] Built Batteries.Lean.Meta.UnusedNames (773ms)
✔ [46/645] Built Batteries.Tactic.Congr (1.3s)
✔ [47/645] Built Batteries.Lean.Meta.Expr (453ms)
✔ [48/645] Built Batteries.Lean.PersistentHashMap (513ms)
✔ [49/645] Built Batteries.Lean.Meta.Inaccessible (676ms)
✔ [50/645] Built Batteries.Tactic.Trans (4.6s)
✔ [51/645] Built Batteries.Lean.HashSet (580ms)
✔ [52/645] Built Batteries.Lean.IO.Process (647ms)
✔ [53/645] Built Batteries.Lean.LawfulMonad (860ms)
✔ [54/645] Built Batteries.Lean.LawfulMonadLift (915ms)
✔ [55/645] Built Batteries.Tactic.OpenPrivate (1.5s)
✔ [56/645] Built Batteries.Data.Vector.Basic (461ms)
✔ [57/645] Built Batteries.Data.Vector.Lemmas (788ms)
✔ [58/645] Built Batteries.Lean.Expr (961ms)
✔ [59/645] Built Batteries.Util.Panic (548ms)
✔ [60/645] Built Batteries.Tactic.Case (2.6s)
✔ [61/645] Built Batteries.Data.Stream (649ms)
✔ [62/645] Built Batteries.Data.String.Basic (772ms)
✔ [63/645] Built Batteries.Data.RunningStats (664ms)
✔ [64/645] Built Batteries.Data.NameSet (470ms)
✔ [65/645] Built Batteries.Data.Nat.Bitwise (570ms)
✔ [66/645] Built Batteries.Lean.System.IO (530ms)
✔ [67/645] Built Batteries.Lean.Float (882ms)
✔ [68/645] Built Batteries.Lean.HashMap (446ms)
✔ [69/645] Built Batteries.Data.FloatArray (606ms)
✔ [70/645] Built Batteries.Data.Nat.Digits (1.2s)
✔ [71/645] Built Batteries.Data.String.Legacy (1.8s)
✔ [72/645] Built Batteries.Data.DList.Basic (633ms)
✔ [73/645] Built Batteries.Data.Nat.Basic (705ms)
✔ [74/645] Built Batteries.Data.ByteSlice (918ms)
✔ [75/645] Built Batteries.Data.BitVec.Basic (610ms)
✔ [76/645] Built Batteries.Data.Array.Init.Lemmas (517ms)
✔ [77/645] Built Batteries.Data.ByteArray (1.3s)
✔ [78/645] Built Batteries.Data.Random.MersenneTwister (2.3s)
✔ [79/645] Built Batteries.Data.Array.Basic (854ms)
✔ [80/645] Built Batteries.Control.Lemmas (1.1s)
✔ [81/645] Built Batteries.Control.ForInStep.Basic (961ms)
✔ [82/645] Built Batteries.Data.List.Init.Lemmas (682ms)
✔ [83/645] Built Batteries.Data.List.Count (521ms)
✔ [84/645] Built Batteries.Tactic.Lint.Basic (1.7s)
✔ [85/645] Built Batteries.Data.List.ArrayMap (504ms)
✔ [86/645] Built Batteries.Control.LawfulMonadState (1.9s)
✔ [87/645] Built Batteries.Data.Array.Match (1.6s)
✔ [88/645] Built Batteries.Data.Array.Merge (2.5s)
✔ [89/645] Built Batteries.Lean.Position (703ms)
✔ [90/645] Built Batteries.Classes.RatCast (433ms)
✔ [91/645] Built Batteries.Lean.Except (587ms)
✔ [92/645] Built Batteries.Lean.EStateM (938ms)
✔ [93/645] Built Batteries.CodeAction.Deprecated (1.5s)
✔ [94/645] Built Batteries.Util.ProofWanted (996ms)
✔ [95/645] Built Batteries.CodeAction.Attr (1.4s)
✔ [96/645] Built Batteries.Lean.TagAttribute (671ms)
✔ [97/645] Built Batteries.Tactic.SeqFocus (1.2s)
✔ [98/645] Built Batteries.Data.BinaryHeap.Basic (3.8s)
✔ [99/645] Built Batteries.Tactic.Unreachable (818ms)
✔ [100/645] Built Batteries.Tactic.Init (1.4s)
✔ [101/645] Built Batteries.Util.LibraryNote (1.2s)
✔ [102/645] Built Aesop.Search.Expansion.Simp (974ms)
✔ [103/645] Built Aesop.Util.OrderedHashSet (693ms)
✔ [104/645] Built Aesop.Frontend.Basic (1.4s)
✔ [105/645] Built Aesop.Exception (1.5s)
✔ [106/645] Built Aesop.RuleSet.Name (1.4s)
✔ [107/645] Built Aesop.Script.OptimizeSyntax (1.7s)
✔ [108/645] Built Aesop.Percent (690ms)
✔ [109/645] Built Aesop.Script.GoalWithMVars (1.5s)
✔ [110/645] Built Aesop.ElabM (1.6s)
✔ [111/645] Built Aesop.Util.Unfold (1.8s)
✔ [112/645] Built Aesop.Nanos (650ms)
✔ [113/645] Built Aesop.Util.UnionFind (904ms)
✔ [114/645] Built Aesop.Rule.Name (1.0s)
✔ [115/645] Built Aesop.Script.Tactic (1.7s)
✔ [118/645] Built Aesop.Forward.SlotIndex (680ms)
✔ [119/645] Built Aesop.RuleTac.FVarIdSubst (1.8s)
✔ [120/645] Built Aesop.Forward.PremiseIndex (615ms)
✔ [121/645] Built Aesop.Forward.LevelIndex (719ms)
✔ [122/645] Built Aesop.Check (742ms)
✔ [123/645] Built Aesop.Index.DiscrTreeConfig (1.5s)
✔ [124/646] Built ImportGraph.Imports (1.1s)
✔ [125/646] Built Plausible.Gen (1.3s)
✔ [126/646] Built Batteries.Lean.Json (490ms)
✔ [127/646] Built Aesop.Util.Tactic (1.6s)
✔ [128/646] Built Batteries.Data.Rat.Float (478ms)
✔ [129/646] Built Batteries.Lean.Meta.Simp (1.4s)
✔ [130/646] Built Aesop.Options.Public (2.2s)
✔ [131/646] Built Batteries.Data.DList.Lemmas (587ms)
✔ [132/646] Built Batteries.Data.Random (498ms)
✔ [133/646] Built Mathlib.Tactic.Linter.Header (2.1s)
✔ [134/646] Built Batteries.Control.ForInStep.Lemmas (634ms)
✔ [135/646] Built Batteries.Data.String.Matcher (716ms)
✔ [136/646] Built Batteries.Data.List.Matcher (681ms)
✔ [137/646] Built Batteries.Tactic.Lint.TypeClass (1.1s)
✔ [138/646] Built Batteries.Control.OptionT (1.0s)
✔ [139/646] Built Batteries.Lean.Meta.DiscrTree (966ms)
✔ [140/646] Built Batteries.Tactic.Lint.Misc (2.3s)
✔ [141/646] Built Aesop.Util.UnorderedArraySet (1.3s)
✔ [142/646] Built Batteries.Classes.SatisfiesM (2.1s)
✔ [143/646] Built Batteries.Lean.AttributeExtra (1.2s)
✔ [144/646] Built Batteries.Tactic.Lint.Frontend (3.7s)
✔ [145/646] Built Batteries.Data.BinaryHeap (372ms)
✔ [146/646] Built Batteries.CodeAction.Basic (1.0s)
✔ [147/646] Built Batteries.Classes.Cast (615ms)
✔ [148/646] Built Batteries.Linter.UnreachableTactic (1.3s)
✔ [149/646] Built Batteries.Tactic.Alias (3.6s)
✔ [150/646] Built Aesop.Constants (406ms)
✔ [152/646] Built Batteries.Tactic.GeneralizeProofs (6.2s)
✔ [153/646] Built Batteries.Tactic.Lint.Simp (1.7s)
✔ [155/647] Built Batteries.CodeAction.Misc (3.7s)
✔ [156/647] Built Aesop.RuleTac.RuleTerm (722ms)
✔ [157/647] Built Batteries.Data.Rat (485ms)
✔ [158/647] Built Aesop.RuleTac.ElabRuleTerm (1.9s)
✔ [159/647] Built Plausible.Arbitrary (1.0s)
✔ [160/647] Built Aesop.RuleSet.Filter (1.8s)
✔ [161/647] Built ImportGraph.Meta (1.6s)
✔ [162/647] Built Batteries.Data.DList (458ms)
✔ [163/647] Built Aesop.Util.Tactic.Unfold (2.2s)
✔ [164/647] Built Aesop.Options.Internal (1.1s)
✔ [165/647] Built Mathlib.Lean.Elab.Tactic.Meta (978ms)
✔ [166/647] Built Mathlib.Util.ParseCommand (1.0s)
✔ [167/647] Built Mathlib.Lean.Environment (979ms)
✔ [168/647] Built Qq.Macro (10.0s)
✔ [169/647] Built Mathlib.Tactic.MinImports (1.8s)
✔ [170/647] Built Batteries.Tactic.HelpCmd (5.1s)
✔ [171/647] Built Mathlib.Tactic.Linter.TacticDocumentation (903ms)
✔ [172/647] Built Mathlib.Tactic.Linter.UnusedTacticExtension (1.1s)
✔ [173/647] Built Mathlib.Tactic.Linter.PrivateModule (986ms)
✔ [174/647] Built Mathlib.Tactic.Linter.OldObtain (952ms)
✔ [175/647] Built Mathlib.Tactic.Linter.Whitespace (2.3s)
✔ [176/647] Built Mathlib.Lean.Expr.Basic (1.9s)
✔ [177/647] Built Mathlib.Tactic.DeclarationNames (863ms)
✔ [178/647] Built Mathlib.Tactic.Linter.Multigoal (1.3s)
✔ [179/647] Built Mathlib.Tactic.Linter.GlobalAttributeIn (1.0s)
✔ [180/647] Built Mathlib.Tactic.Linter.HashCommandLinter (1.2s)
✔ [181/647] Built Mathlib.Lean.Linter (683ms)
✔ [182/647] Built Batteries.Control.ForInStep (406ms)
✔ [183/647] Built Mathlib.Tactic.Linter.EmptyLine (1.3s)
✔ [184/647] Built Mathlib.Tactic.Linter.DocString (1.5s)
✔ [185/647] Built Batteries.Lean.Util.EnvSearch (651ms)
✔ [186/647] Built Mathlib.Tactic.Linter.DocPrime (1.7s)
✔ [187/647] Built Batteries.Control.AlternativeMonad (1.0s)
✔ [188/647] Built Mathlib.Tactic.Linter.DeprecatedSyntaxLinter (1.6s)
✔ [189/647] Built Mathlib.Tactic.Linter.FlexibleLinter (2.4s)
✔ [190/647] Built Batteries.Lean.SatisfiesM (686ms)
✔ [191/647] Built Batteries.Data.List.Monadic (593ms)
✔ [192/647] Built Batteries.Data.Range.Lemmas (1.0s)
✔ [193/647] Built Batteries.Tactic.Exact (1.1s)
✔ [194/647] Built Batteries.Data.HashMap.Basic (1.3s)
✔ [195/647] Built Batteries.Logic (1.1s)
✔ [196/647] Built Batteries.Data.Nat.Gcd (754ms)
✔ [197/647] Built Batteries.Linter.UnnecessarySeqFocus (2.0s)
✔ [200/649] Built Batteries.Control.Monad (810ms)
✔ [201/649] Built Batteries.Data.Nat.Lemmas (1.2s)
✔ [203/649] Built Batteries.Data.Array.Monadic (2.7s)
✔ [204/649] Built Batteries.Data.Array.Pairwise (1.2s)
✔ [205/651] Built Batteries.Tactic.Lint (755ms)
✔ [206/651] Built Plausible.ArbitraryFueled (719ms)
✔ [207/651] Built Mathlib.Lean.ContextInfo (1.0s)
✔ [208/651] Built Aesop.Util.Basic (4.5s)
✔ [209/651] Built Batteries.Data.UnionFind.Basic (4.5s)
✔ [210/651] Built Mathlib.Lean.Elab.InfoTree (1.1s)
✔ [211/651] Built Aesop.Options (1.8s)
✔ [212/651] Built Plausible.Sampleable (1.9s)
✔ [213/651] Built Batteries.Lean.Meta.Basic (808ms)
✔ [214/651] Built Mathlib.Tactic.Linter.UnusedTactic (2.0s)
✔ [215/651] Built Mathlib.Tactic.ExtractGoal (2.2s)
✔ [216/651] Built Mathlib.Tactic.Linter.MinImports (2.3s)
✔ [217/652] Built Batteries.Tactic.PrintPrefix (1.8s)
✔ [221/652] Built Batteries.Linter (1.1s)
✔ [222/652] Built Batteries.Data.HashMap (1.2s)
✔ [223/652] Built Batteries.Data.Range (1.2s)
✔ [224/652] Built Qq.Delab (3.8s)
✔ [225/652] Built Batteries.Data.List.Basic (5.6s)
✔ [226/652] Built Batteries.Data.MLList.Basic (2.3s)
✔ [227/652] Built Batteries.Data.Fin.Basic (1.9s)
✔ [228/652] Built Batteries.Data.Fin.OfBits (1.2s)
✔ [229/652] Built Batteries.Data.Int (1.3s)
✔ [230/652] Built Batteries.Data.Vector.Monadic (1.3s)
✔ [231/652] Built Mathlib.Tactic.Linter.Style (4.5s)
✔ [232/652] Built Mathlib.Tactic.Linter.Lint (1.8s)
✔ [233/652] Built Mathlib.Tactic.TacticAnalysis (2.2s)
✔ [234/652] Built Mathlib.Tactic.Linter.UnusedInstancesInType (1.8s)
✔ [235/652] Built Batteries.Data.UnionFind.Lemmas (2.2s)
✔ [236/653] Built Aesop.Tracing (2.6s)
✔ [237/653] Built Aesop.Script.CtorNames (2.6s)
✔ [240/654] Built Plausible.DeriveArbitrary (3.8s)
✔ [241/654] Built Batteries.Lean.Meta.InstantiateMVars (663ms)
✔ [242/654] Built Batteries.Lean.Meta.SavedState (812ms)
✔ [243/654] Built Aesop.Forward.Substitution (3.6s)
✔ [244/654] Built Aesop.Script.TacticState (1.9s)
✔ [245/654] Built Batteries.Tactic.Basic (795ms)
✔ [246/654] Built Plausible.Testable (3.2s)
✔ [247/654] Built Batteries.Data.List.Pairwise (1.0s)
✔ [248/654] Built Batteries.Control.Nondet.Basic (1.0s)
✔ [249/654] Built Batteries.Data.MLList.IO (629ms)
✔ [250/654] Built Batteries.Data.MLList.Heartbeats (767ms)
✔ [251/654] Built Qq.MetaM (1.9s)
✔ [252/654] Built Aesop.Util.EqualUpToIds (3.4s)
✔ [253/654] Built Batteries.Data.Vector (1.0s)
✔ [256/654] Built Batteries.Data.AssocList (2.8s)
✔ [257/654] Built Batteries.Data.UnionFind (967ms)
✔ [258/655] Built Batteries.Data.BitVec.Lemmas (2.2s)
✔ [259/655] Built Batteries.Data.Fin.Fold (2.6s)
✔ [260/658] Built Batteries.Data.Fin.Lemmas (2.0s)
✔ [261/658] Built Mathlib.Util.PrintSorries (1.4s)
✔ [262/658] Built Aesop.Util.Tactic.Ext (1.9s)
✔ [263/658] Built Aesop.EMap (2.2s)
✔ [264/658] Built Aesop.RulePattern.Cache (1.5s)
✔ [265/658] Built Aesop.Stats.Basic (2.0s)
✔ [266/658] Built Mathlib.Tactic.TacticAnalysis.Declarations (4.1s)
✔ [267/658] Built Plausible.Functions (1.7s)
✔ [268/658] Built Batteries.Classes.Order (1.0s)
✔ [269/658] Built Plausible.Tactic (1.0s)
✔ [270/658] Built Batteries.Data.MLList (465ms)
✔ [271/658] Built Qq.MatchImpl (2.1s)
✔ [272/658] Built Batteries.Data.Nat.Bisect (3.3s)
✔ [273/658] Built Qq.Simp (2.1s)
✔ [274/658] Built Batteries.Data.BitVec (759ms)
✔ [275/658] Built Aesop.Script.Util (1.3s)
✔ [276/658] Built Batteries.Data.Fin (957ms)
✔ [277/658] Built Qq.AssertInstancesCommute (2.0s)
✔ [278/658] Built Batteries.Data.List.Lemmas (8.6s)
✔ [279/658] Built Aesop.RuleTac.Forward.Basic (1.7s)
✔ [280/658] Built Aesop.Stats.File (1.5s)
✔ [281/658] Built Aesop.Stats.Extension (1.5s)
✔ [282/658] Built Batteries.Data.UInt (1.2s)
✔ [283/658] Built Mathlib.Init (1.3s)
✔ [284/658] Built Aesop.BaseM (1.7s)
✔ [285/659] Built Plausible (975ms)
✔ [286/659] Built Batteries.Classes.Deprecated (1.4s)
✔ [287/659] Built Batteries.Data.Nat (1.0s)
✔ [288/659] Built Batteries.Data.PairingHeap (2.0s)
✔ [289/659] Built Batteries.Data.Char.Basic (1.3s)
✔ [290/659] Built Batteries.Data.List.Perm (1.3s)
✔ [291/659] Built Aesop.Script.Step (2.8s)
✔ [292/659] Built Batteries.Data.RBMap.Basic (5.0s)
✔ [293/659] Built Qq.Commands (3.3s)
✔ [294/659] Built Batteries.Data.String.Lemmas (6.6s)
✔ [295/659] Built Mathlib.Util.TransImports (1.3s)
✔ [296/659] Built Aesop.Stats.Report (1.9s)
✔ [297/659] Built Mathlib.Util.WhatsNew (1.6s)
✔ [298/659] Built Batteries.Data.Array.Lemmas (2.6s)
✔ [299/659] Built Mathlib.Lean.GoalsLocation (1.1s)
✔ [300/659] Built Mathlib.Lean.Meta.KAbstractPositions (1.2s)
✔ [301/659] Built Mathlib.Tactic.Widget.SelectInsertParamsClass (1.1s)
✔ [302/659] Built Mathlib.Tactic.Core (1.7s)
✔ [303/659] Built Mathlib.Util.CountHeartbeats (2.1s)
✔ [304/659] Built Batteries.Data.BinomialHeap.Basic (8.3s)
✔ [305/659] Built Mathlib.Tactic.UnsetOption (1.2s)
✔ [306/659] Built Mathlib.Tactic.TypeCheck (1.2s)
✔ [307/659] Built Mathlib.Tactic.Trace (1.2s)
✔ [308/659] Built Mathlib.Tactic.SwapVar (1.2s)
✔ [309/659] Built Mathlib.Tactic.SuccessIfFailWithMsg (1.2s)
✔ [310/659] Built Mathlib.Tactic.SudoSetOption (1.3s)
✔ [311/659] Built Batteries.Data.List.Scan (7.0s)
✔ [312/659] Built Qq.Match (9.4s)
✔ [313/659] Built Mathlib.Tactic.Variable (2.0s)
✔ [314/659] Built Mathlib.Util.Tactic (1.2s)
✔ [315/659] Built Mathlib.Tactic.SimpIntro (1.6s)
✔ [316/659] Built Mathlib.Tactic.Relation.Rfl (1.2s)
✔ [317/659] Built Mathlib.Tactic.Set (1.8s)
✔ [318/659] Built Mathlib.Tactic.Rename (1.4s)
✔ [319/659] Built Mathlib.Tactic.Recover (1.4s)
✔ [320/659] Built Mathlib.Tactic.NthRewrite (1.2s)
✔ [321/659] Built Mathlib.Tactic.Observe (1.5s)
✔ [322/659] Built Mathlib.Tactic.Linter.UpstreamableDecl (1.4s)
✔ [323/659] Built Mathlib.Tactic.Linter.PPRoundtrip (1.5s)
✔ [324/659] Built Mathlib.Tactic.Linter.HaveLetLinter (1.5s)
✔ [325/659] Built Mathlib.Tactic.GuardHypNums (1.1s)
✔ [326/659] Built Mathlib.Tactic.InferParam (1.3s)
✔ [327/659] Built Mathlib.Util.TermReduce (1.5s)
✔ [328/659] Built Mathlib.Tactic.Linter.DeprecatedModule (1.9s)
✔ [329/659] Built Mathlib.Tactic.GuardGoalNums (1.1s)
✔ [330/659] Built Mathlib.Tactic.HigherOrder (1.7s)
✔ [331/659] Built Mathlib.Lean.Meta.RefinedDiscrTree.Basic (1.0s)
✔ [332/659] Built Mathlib.Tactic.FunProp.Mor (1.5s)
✔ [333/659] Built Mathlib.Tactic.ExistsI (1.3s)
✔ [334/659] Built Mathlib.Tactic.Find (1.5s)
✔ [335/659] Built Mathlib.Tactic.FunProp.Decl (2.3s)
✔ [336/659] Built Mathlib.Tactic.FailIfNoProgress (2.2s)
✔ [337/659] Built Mathlib.Tactic.FunProp.ToBatteries (2.7s)
✔ [338/659] Built Mathlib.Tactic.Constructor (1.6s)
✔ [339/659] Built Mathlib.Tactic.ErwQuestion (2.5s)
✔ [340/659] Built Mathlib.Tactic.ClearExclamation (1.5s)
✔ [341/659] Built Mathlib.Tactic.ClearExcept (1.6s)
✔ [342/659] Built Mathlib.Tactic.Clear_ (1.7s)
✔ [343/659] Built Mathlib.Tactic.Check (1.5s)
✔ [344/659] Built Mathlib.Tactic.ApplyWith (1.5s)
✔ [345/659] Built Mathlib.Lean.Meta.Basic (1.8s)
✔ [346/659] Built Mathlib.Tactic.ApplyCongr (1.7s)
✔ [347/659] Built Mathlib.Util.AtLocation (1.9s)
✔ [348/659] Built Mathlib.Tactic.ToExpr (1.9s)
✔ [349/659] Built Mathlib.Tactic.Coe (1.9s)
✔ [350/659] Built Mathlib.Tactic.CasesM (2.5s)
✔ [351/659] Built Mathlib.Control.Combinators (1.4s)
✔ [352/659] Built Mathlib.Tactic.GCongr.ForwardAttr (1.9s)
✔ [353/659] Built Mathlib.Tactic.Substs (1.1s)
✔ [354/659] Built Mathlib.Util.WithWeakNamespace (1.2s)
✔ [355/659] Built Mathlib.Tactic.Conv (2.7s)
✔ [356/659] Built Mathlib.Lean.PrettyPrinter.Delaborator (1.5s)
✔ [357/659] Built Mathlib.Tactic.Spread (2.0s)
✔ [358/659] Built Mathlib.Tactic.SimpRw (1.6s)
✔ [359/659] Built Mathlib.Tactic.Push.Attr (1.5s)
✔ [360/659] Built Mathlib.Data.Nat.Notation (1.3s)
✔ [361/659] Built Mathlib.Tactic.AdaptationNote (1.7s)
✔ [362/659] Built Mathlib.Tactic.Use (2.2s)
✔ [363/659] Built Mathlib.Tactic.Attr.Register (1.7s)
✔ [364/659] Built Mathlib.Tactic.OfNat (1.1s)
✔ [365/659] Built Mathlib.Util.CompileInductive (2.5s)
✔ [366/659] Built Mathlib.Lean.Meta (1.2s)
✔ [367/659] Built Mathlib.Data.Set.Defs (2.5s)
✔ [368/659] Built Mathlib.Data.Int.Notation (1.3s)
✔ [369/659] Built Mathlib.Data.String.Defs (1.3s)
✔ [370/659] Built Mathlib.Util.AssertExistsExt (1.5s)
✔ [371/659] Built Mathlib.Data.Nat.BinaryRec (1.6s)
✔ [372/659] Built Mathlib.Tactic.Eqns (1.3s)
✔ [373/659] Built Mathlib.Util.MemoFix (1.5s)
✔ [374/659] Built Mathlib.Tactic.Simps.NotationClass (1.6s)
✔ [375/659] Built Mathlib.Tactic.ExtendDoc (1.3s)
✔ [376/659] Built Mathlib.Data.Array.Defs (1.3s)
✔ [377/659] Built Mathlib.Lean.Name (1.4s)
✔ [378/659] Built Mathlib.Lean.Elab.Term (1.4s)
✔ [379/659] Built Mathlib.Tactic.PPWithUniv (1.7s)
✔ [380/659] Built Mathlib.Util.AddRelatedDecl (1.8s)
✔ [381/659] Built Mathlib.Lean.Meta.Simp (1.7s)
✔ [382/659] Built Mathlib.Tactic.Lemma (1.4s)
✔ [383/659] Built Batteries.Data.Char.AsciiCasing (1.7s)
✔ [384/659] Built Batteries.Data.Array (1.2s)
✔ [385/659] Built Aesop.Script.ScriptM (2.3s)
✔ [386/659] Built Aesop.Script.UScript (2.3s)
✔ [387/659] Built Aesop.Script.SScript (2.5s)
✔ [388/659] Built Batteries.Data.BinomialHeap.Lemmas (1.0s)
✔ [389/659] Built Batteries.Data.List (1.3s)
✔ [390/659] Built Mathlib.Tactic.Widget.SelectPanelUtils (2.3s)
✔ [391/659] Built Aesop.RulePattern (4.5s)
✔ [392/659] Built Aesop.RuleTac.GoalDiff (4.2s)
✔ [393/659] Built Mathlib.Tactic.SplitIfs (2.4s)
✔ [394/659] Built Qq (2.0s)
✔ [395/659] Built Mathlib.Tactic.RenameBVar (1.6s)
✔ [396/659] Built Mathlib.Tactic.Linter (1.3s)
✔ [397/659] Built Mathlib.Tactic.ApplyAt (1.5s)
✔ [398/659] Built Mathlib.Tactic.Attr.Core (1.3s)
✔ [399/659] Built Mathlib.Tactic.FunProp.FunctionData (2.2s)
✔ [400/659] Built Mathlib.Lean.Meta.RefinedDiscrTree.Encode (2.5s)
✔ [401/659] Built Mathlib.Lean.Meta.RefinedDiscrTree.Initialize (2.6s)
✔ [402/659] Built Mathlib.Data.Set.CoeSort (1.0s)
✔ [403/659] Built Mathlib.Tactic.FBinop (2.8s)
✔ [404/659] Built Batteries.Data.RBMap.WF (7.2s)
✔ [405/659] Built Mathlib.Tactic.TypeStar (1.2s)
✔ [406/659] Built Mathlib.Tactic.ToLevel (1.1s)
✔ [407/659] Built Mathlib.Util.AssertExists (1.6s)
✔ [408/659] Built Batteries.Data.Char (915ms)
✔ [409/659] Built Mathlib.Tactic.ScopedNS (3.4s)
✔ [410/659] Built Mathlib.Tactic.Translate.GuessName (2.1s)
✔ [411/659] Built Mathlib.Tactic.DeprecateTo (1.9s)
✔ [412/659] Built Batteries.Data.BinomialHeap (952ms)
✔ [413/659] Built Aesop.Script.Check (1.5s)
✔ [414/659] Built Batteries.CodeAction.Match (1.7s)
✔ [415/659] Built Aesop.Script.UScriptToSScript (2.6s)
✔ [416/664] Built Mathlib.Tactic.Widget.Calc (2.4s)
✔ [417/664] Built Mathlib.Tactic.Widget.InteractiveUnfold (2.5s)
✔ [418/664] Built Aesop.Script.SpecificTactics (4.1s)
✔ [419/664] Built Aesop.Forward.RuleInfo (2.8s)
✔ [420/664] Built Mathlib.Tactic.Widget.Conv (3.7s)
✔ [421/664] Built Mathlib.Data.SProd (1.3s)
✔ [422/664] Built Mathlib.Tactic.FunProp.Types (2.5s)
✔ [423/664] Built Batteries.Data.RBMap.Depth (1.4s)
✔ [424/664] Built Mathlib.Data.Option.Defs (1.2s)
✔ [425/664] Built Mathlib.Lean.Meta.RefinedDiscrTree.Lookup (2.7s)
✔ [426/664] Built Mathlib.Data.Ordering.Basic (1.4s)
✔ [427/664] Built Mathlib.Tactic.Simproc.ExistsAndEq (4.4s)
✔ [428/664] Built Mathlib.Logic.Function.Defs (1.8s)
✔ [429/664] Built Batteries.Data.RBMap.Alter (2.5s)
✔ [430/664] Built Mathlib.Logic.Function.ULift (1.4s)
✔ [431/664] Built Mathlib.Tactic.Inhabit (1.6s)
✔ [432/664] Built Mathlib.Logic.Nonempty (1.5s)
✔ [433/664] Built Mathlib.Logic.Nontrivial.Defs (1.5s)
✔ [434/664] Built Mathlib.Data.Int.Init (2.7s)
✔ [435/667] Built Batteries.CodeAction (783ms)
✔ [436/667] Built Batteries.Data.String.AsciiCasing (1.4s)
✔ [437/667] Built Mathlib.Tactic.MkIffOfInductiveProp (3.3s)
✔ [438/667] Built Mathlib.Logic.ExistsUnique (1.9s)
✔ [439/667] Built Aesop.Rule.Forward (1.5s)
✔ [440/667] Built Mathlib.Lean.Meta.RefinedDiscrTree (1.3s)
✔ [441/667] Built Aesop.Script.StructureStatic (2.0s)
✔ [442/667] Built Mathlib.Logic.Relator (1.4s)
✔ [443/672] Built Batteries.Data.String (910ms)
✔ [444/673] Built Aesop.Script.StructureDynamic (3.4s)
✔ [445/674] Built Mathlib.Tactic.Basic (2.8s)
✔ [446/675] Built Aesop.Forward.Match.Types (2.0s)
✔ [447/675] Built Mathlib.Tactic.FunProp.Theorems (3.0s)
✔ [448/675] Built Mathlib.Tactic.StacksAttribute (1.0s)
✔ [449/675] Built Aesop.Script.Main (2.2s)
✔ [450/675] Built Mathlib.Tactic.Says (3.4s)
✔ [451/675] Built Mathlib.Tactic.Hint (3.1s)
✔ [452/675] Built Mathlib.Logic.Basic (4.6s)
✔ [453/677] Built Mathlib.Data.Nat.Init (5.3s)
✔ [454/677] Built Mathlib.Tactic.Widget.LibraryRewrite (6.6s)
✔ [455/677] Built Mathlib.Tactic.RSuffices (2.4s)
✔ [456/677] Built Mathlib.Tactic.Widget.CongrM (2.9s)
✔ [457/677] Built Aesop.Index.Basic (2.3s)
✔ [458/677] Built Batteries.Data.RBMap.Lemmas (9.6s)
✔ [459/677] Built Mathlib.Tactic.DefEqTransformations (4.0s)
✔ [460/677] Built Mathlib.Tactic.FunProp.Attr (2.3s)
✔ [461/677] Built Mathlib.Tactic.Lift (4.4s)
✔ [462/677] Built Mathlib.Tactic.Subsingleton (3.5s)
✔ [463/677] Built Aesop.RuleTac.Basic (2.3s)
✔ [464/677] Built Aesop.Index.Forward (1.8s)
✔ [465/679] Built Mathlib.Util.Notation3 (16s)
✔ [466/679] Built Batteries.Data.RBMap (1.1s)
✔ [467/679] Built Mathlib.Tactic.Tauto (4.8s)
✔ [468/679] Built Aesop.Index.RulePattern (2.1s)
✔ [469/679] Built Aesop.Search.Expansion.Basic (1.8s)
✔ [470/680] Built Mathlib.Tactic.Simps.Basic (11s)
✔ [471/680] Built Aesop.RuleTac.Tactic (2.1s)
✔ [472/680] Built Aesop.RuleTac.Preprocess (1.7s)
✔ [473/689] Built Batteries (1.1s)
✔ [474/694] Built Aesop.RuleTac.Cases (2.1s)
✔ [475/694] Built Aesop.RuleTac.Descr (1.5s)
✔ [476/694] Built Mathlib.Tactic.Push (5.6s)
✔ [477/694] Built Aesop.RuleTac.Apply (1.9s)
✔ [478/694] Built Mathlib.Tactic.FunProp.Core (8.2s)
✔ [479/694] Built Mathlib.Data.List.TFAE (1.4s)
✔ [480/694] Built Mathlib.Tactic.FastInstance (1.9s)
✔ [481/697] Built Mathlib.Tactic.ToFun (2.2s)
✔ [482/697] Built Mathlib.Util.AtomM (2.4s)
✔ [483/697] Built Mathlib.Tactic.IrreducibleDef (3.3s)
✔ [484/714] Built Mathlib.Tactic.ByContra (2.2s)
✔ [485/720] Built Mathlib.Tactic.WLOG (2.8s)
✔ [486/730] Built Mathlib.Tactic.ByCases (2.0s)
✔ [487/730] Built Aesop.Rule.Basic (1.9s)
✔ [488/747] Built Mathlib.Tactic.Contrapose (2.5s)
✔ [489/747] Built Mathlib.Data.Bracket (1.3s)
✔ [490/782] Built Mathlib.Logic.OpClass (1.2s)
✔ [491/784] Built Mathlib.Data.Prod.PProd (1.2s)
✔ [492/785] Built Mathlib.Tactic.Monotonicity.Attr (909ms)
✔ [493/785] Built Mathlib.Tactic.FunProp.Elab (3.2s)
✔ [494/785] Built Mathlib.Data.Option.NAry (1.4s)
✔ [495/796] Built Mathlib.Tactic.HaveI (1.5s)
✔ [496/798] Built Aesop.Rule (2.1s)
✔ [497/798] Built Mathlib.Lean.Expr.Rat (1.2s)
✔ [498/798] Built Mathlib.Util.AtomM.Recurse (2.3s)
✔ [499/798] Built Mathlib.Data.Rat.Init (1.2s)
✔ [500/813] Built Mathlib.Tactic.FunProp (1.7s)
✔ [501/823] Built Mathlib.Tactic.TryThis (1.2s)
✔ [502/828] Built Mathlib.Util.Qq (1.0s)
✔ [503/828] Built Aesop.Tree.UnsafeQueue (1.6s)
✔ [504/830] Built Aesop.RuleSet.Member (1.6s)
✔ [505/830] Built Mathlib.Util.PPOptions (1.0s)
✔ [506/830] Built Mathlib.Tactic.TFAE (6.0s)
✔ [507/834] Built Mathlib.Data.Ineq (842ms)
✔ [508/842] Built Aesop.Forward.Match (2.0s)
✔ [509/842] Built Mathlib.Control.Basic (1.7s)
✔ [510/842] Built Mathlib.Tactic.FieldSimp.Attr (1.0s)
✔ [511/842] Built Mathlib.Util.DischargerAsTactic (1.1s)
✔ [512/844] Built Aesop.Builder.Basic (1.6s)
✔ [513/844] Built Mathlib.Data.List.Monad (1.1s)
✔ [514/844] Built Mathlib.Control.Functor (1.6s)
✔ [515/844] Built Mathlib.Tactic.Translate.Core (11s)
✔ [516/844] Built Aesop.Tree.Data.ForwardRuleMatches (1.8s)
✔ [517/844] Built Aesop.Builder.Unfold (1.7s)
✔ [518/844] Built Aesop.Builder.Apply (1.7s)
✔ [519/844] Built Aesop.Index (2.6s)
✔ [520/844] Built Aesop.Builder.Tactic (1.6s)
✔ [521/844] Built Aesop.RuleTac.Forward (3.8s)
✔ [522/844] Built Aesop.Builder.Forward (2.6s)
✔ [523/844] Built Aesop.Builder.NormSimp (1.5s)
✔ [524/844] Built Aesop.Builder.Constructors (1.7s)
✔ [525/846] Built Aesop.Builder.Cases (1.9s)
✔ [526/846] Built Mathlib.Util.SynthesizeUsing (1.9s)
✔ [527/846] Built Mathlib.Data.List.Defs (2.3s)
✔ [528/864] Built Mathlib.Tactic.Translate.ToDual (2.5s)
✔ [529/864] Built Mathlib.Tactic.Translate.ToAdditive (2.5s)
✔ [530/871] Built Mathlib.Util.Delaborators (7.9s)
✔ [531/872] Built Mathlib.Data.PNat.Notation (1.1s)
✔ [532/876] Built Aesop.Builder.Default (1.8s)
✔ [533/876] Built Aesop.RuleTac (2.0s)
✔ [534/876] Built Aesop.Forward.State (8.0s)
✔ [535/880] Built Mathlib.Tactic.ToDual (1.9s)
✔ [536/880] Built Mathlib.Tactic.ToAdditive (1.9s)
✔ [537/880] Built Mathlib.Lean.Meta.Tactic.Rewrite (1.6s)
✔ [538/880] Built Mathlib.Tactic.Linarith.Oracle.SimplexAlgorithm.Datatypes (1.8s)
✔ [539/880] Built Mathlib.Data.Tree.Basic (2.2s)
✔ [540/880] Built Aesop.RuleSet (4.9s)
✔ [541/880] Built Mathlib.Order.Bounds.Defs (2.3s)
✔ [542/880] Built Mathlib.Util.ElabWithoutMVars (1.4s)
✔ [543/880] Built Mathlib.Order.Defs.PartialOrder (3.7s)
✔ [544/880] Built Mathlib.Order.Defs.Unbundled (3.5s)
✔ [545/880] Built Aesop.Tree.Data (4.4s)
✔ [546/880] Built Mathlib.Tactic.Linarith.Oracle.SimplexAlgorithm.Gauss (1.8s)
✔ [547/880] Built Mathlib.Order.Notation (4.1s)
✔ [548/880] Built Mathlib.Tactic.Linarith.Oracle.SimplexAlgorithm.SimplexAlgorithm (2.2s)
✔ [549/880] Built Mathlib.Algebra.Notation.Defs (3.5s)
✔ [550/880] Built Aesop.Frontend.RuleExpr (5.9s)
✔ [551/880] Built Aesop.Forward.State.ApplyGoalDiff (1.7s)
✔ [552/880] Built Aesop.Forward.State.Initial (1.8s)
✔ [553/880] Built Aesop.Frontend.Extension.Init (1.7s)
✔ [554/880] Built Mathlib.Algebra.NeZero (2.1s)
✔ [555/880] Built Mathlib.Order.Interval.Set.Defs (2.2s)
✔ [556/880] Built Mathlib.Order.Defs.LinearOrder (3.3s)
✔ [557/880] Built Aesop.Search.Queue.Class (2.3s)
✔ [558/880] Built Mathlib.Tactic.Linarith.Oracle.SimplexAlgorithm.PositiveVector (1.9s)
✔ [559/880] Built Aesop.Tree.Traversal (2.0s)
✔ [560/880] Built Mathlib.Logic.Relation (4.2s)
✔ [561/880] Built Aesop.Tree.RunMetaM (2.6s)
✔ [562/880] Built Mathlib.Logic.Function.Basic (4.5s)
✔ [563/880] Built Mathlib.Order.TypeTags (2.3s)
✔ [564/882] Built Mathlib.Algebra.Regular.Defs (2.1s)
✔ [565/882] Built Mathlib.Algebra.Notation.Pi.Defs (2.5s)
✔ [566/882] Built Aesop.Frontend.Extension (2.4s)
✔ [567/882] Built Aesop.Tree.TreeM (2.7s)
✔ [568/882] Built Mathlib.Data.Bool.Basic (2.5s)
✔ [569/882] Built Mathlib.Tactic.GCongr.Core (6.7s)
✔ [570/882] Built Mathlib.Data.Int.Order.Basic (2.4s)
✔ [571/882] Built Aesop.Tree.State (2.2s)
✔ [572/882] Built Aesop.Tree.Tracing (2.7s)
✔ [573/882] Built Mathlib.Data.Sigma.Basic (2.6s)
✔ [574/882] Built Mathlib.Data.Sum.Basic (2.4s)
✔ [575/882] Built Mathlib.Logic.Function.Conjugate (2.4s)
✔ [576/882] Built Mathlib.Data.Subtype (2.7s)
✔ [577/882] Built Mathlib.Logic.IsEmpty (2.6s)
✔ [578/882] Built Mathlib.Tactic.Choose (3.6s)
✔ [579/882] Built Aesop.Saturate (7.5s)
✔ [580/882] Built Mathlib.Algebra.Notation.Pi.Basic (2.4s)
✔ [581/882] Built Aesop.Frontend.Tactic (2.6s)
✔ [582/882] Built Aesop.Tree.Stats (2.1s)
✔ [583/882] Built Aesop.Frontend.Attribute (2.4s)
✔ [584/882] Built Aesop.Frontend.Command (3.1s)
✔ [585/882] Built Aesop.Search.SearchM (2.2s)
✔ [586/882] Built Aesop.Tree.ExtractScript (2.8s)
✔ [587/882] Built Aesop.Tree.Free (2.1s)
✔ [588/882] Built Aesop.Forward.State.UpdateGoal (1.0s)
✔ [589/882] Built Aesop.Tree.ExtractProof (2.9s)
✔ [590/882] Built Mathlib.Tactic.GCongr.CoreAttrs (1.7s)
✔ [591/882] Built Mathlib.Data.Nat.Basic (2.5s)
✔ [592/882] Built Aesop.Tree.AddRapp (5.5s)
✔ [593/882] Built Mathlib.Tactic.GRewrite.Core (2.4s)
✔ [594/882] Built Mathlib.Algebra.Group.Defs (8.2s)
✔ [595/882] Built Mathlib.Logic.Function.Iterate (2.6s)
✔ [596/882] Built Aesop.Tree.Check (2.9s)
✔ [597/882] Built Mathlib.Logic.Unique (2.5s)
✔ [598/882] Built Aesop.BuiltinRules.Subst (2.2s)
✔ [599/882] Built Aesop.Frontend.Saturate (2.9s)
✔ [600/882] Built Aesop.BuiltinRules.Rfl (1.7s)
✔ [601/882] Built Aesop.BuiltinRules.Split (1.9s)
✔ [602/883] Built Mathlib.Lean.Meta.CongrTheorems (4.2s)
✔ [603/883] Built Aesop.BuiltinRules.Ext (1.8s)
✔ [604/883] Built Aesop.BuiltinRules.Intros (1.8s)
✔ [605/883] Built Aesop.BuiltinRules.ApplyHyps (1.9s)
✔ [606/883] Built Aesop.BuiltinRules.DestructProducts (2.3s)
✔ [607/883] Built Mathlib.Tactic.Bound.Init (1.0s)
✔ [608/883] Built Aesop.Search.RuleSelection (2.1s)
✔ [609/883] Built Aesop.BuiltinRules.Assumption (2.4s)
✔ [610/883] Built Mathlib.Tactic.GCongr (2.0s)
✔ [611/883] Built Mathlib.Data.Nat.Find (3.1s)
✔ [612/883] Built Mathlib.Algebra.BigOperators.Group.List.Defs (2.6s)
✔ [613/883] Built Mathlib.Algebra.Group.Nat.Defs (2.1s)
✔ [614/883] Built Mathlib.Data.Nat.Sqrt (3.9s)
✔ [615/883] Built Mathlib.Algebra.Group.Int.Defs (2.5s)
✔ [616/883] Built Mathlib.Algebra.Group.Invertible.Defs (3.0s)
✔ [617/883] Built Mathlib.Data.Nat.Cast.Defs (2.9s)
✔ [618/883] Built Mathlib.Tactic.GRewrite.Elab (3.9s)
✔ [619/883] Built Mathlib.Algebra.GroupWithZero.Defs (2.0s)
✔ [620/883] Built Aesop.Tree (2.0s)
✔ [621/883] Built Mathlib.Algebra.Group.Semiconj.Defs (2.6s)
✔ [622/883] Built Mathlib.Data.Prod.Basic (3.2s)
✔ [623/883] Built Mathlib.Data.FunLike.Basic (2.5s)
✔ [624/883] Built Aesop.Frontend (1.9s)
✔ [625/883] Built Mathlib.Logic.Pairwise (2.2s)
✔ [626/883] Built Mathlib.Algebra.Group.Pi.Basic (4.4s)
✔ [627/883] Built Mathlib.Algebra.Group.InjSurj (5.9s)
✔ [628/883] Built Mathlib.Data.Quot (4.7s)
✔ [629/883] Built Aesop.BuiltinRules (2.5s)
✔ [630/883] Built Mathlib.Data.Nat.Cast.NeZero (2.6s)
✔ [631/883] Built Mathlib.Data.Int.Cast.Defs (2.9s)
✔ [632/883] Built Mathlib.Tactic.GRewrite (2.3s)
✔ [633/883] Built Mathlib.Algebra.GroupWithZero.Nat (2.7s)
✔ [634/883] Built Mathlib.Algebra.GroupWithZero.Regular (2.7s)
✔ [635/884] Built Mathlib.Algebra.GroupWithZero.NeZero (2.5s)
✔ [636/885] Built Aesop.Search.Queue (2.1s)
✔ [637/885] Built Mathlib.Tactic.CongrExclamation (6.6s)
✔ [638/885] Built Mathlib.Tactic.TermCongr (7.0s)
✔ [639/885] Built Mathlib.Algebra.Group.Commute.Defs (2.8s)
✔ [640/885] Built Aesop.Search.Expansion.Norm (7.5s)
✔ [641/885] Built Mathlib.Logic.Nontrivial.Basic (2.2s)
✔ [642/885] Built Mathlib.Algebra.Notation.Prod (2.0s)
✔ [643/887] Built Mathlib.Data.FunLike.Embedding (1.0s)
✔ [644/887] Built Mathlib.Algebra.CharZero.Defs (2.6s)
✔ [645/899] Built Mathlib.Tactic.CongrM (2.9s)
✔ [646/899] Built Mathlib.Algebra.GroupWithZero.InjSurj (3.5s)
✔ [647/908] Built Mathlib.Control.ULift (1.5s)
✔ [648/929] Built Mathlib.Tactic.Convert (3.6s)
✔ [649/929] Built Mathlib.Algebra.Ring.Defs (5.0s)
✔ [650/929] Built Mathlib.Lean.Expr.ExtraRecognizers (1.2s)
✔ [651/930] Built Aesop.Search.Expansion (4.1s)
✔ [652/930] Built Mathlib.Data.FunLike.Equiv (2.3s)
✔ [653/932] Built Mathlib.Algebra.Notation (2.2s)
✔ [654/940] Built Mathlib.Data.Int.Basic (2.9s)
✔ [655/940] Built Mathlib.Algebra.Ring.Nat (2.7s)
✔ [656/955] Built Mathlib.Algebra.Group.Units.Defs (7.0s)
✔ [657/955] Built Mathlib.Algebra.Ring.Semiconj (2.5s)
✔ [658/1018] Built Mathlib.Algebra.Group.Hom.Defs (9.9s)
✔ [659/1018] Built Mathlib.Data.Int.Cast.Pi (1.3s)
✔ [660/1069] Built Mathlib.Algebra.Field.Defs (3.2s)
✔ [661/1070] Built Mathlib.Data.Int.DivMod (1.3s)
✔ [662/1079] Built Aesop.Search.ExpandSafePrefix (3.2s)
✔ [663/1104] Built Mathlib.Algebra.Group.Nat.Units (2.3s)
✔ [664/1152] Built Mathlib.Data.Sigma.Lex (2.0s)
✔ [665/1164] Built Mathlib.Data.List.Pairwise (2.0s)
✔ [666/1189] Built Mathlib.Data.List.Flatten (3.2s)
✔ [667/1190] Built Mathlib.Order.Basic (8.2s)
✔ [668/1190] Built Mathlib.Data.Nat.Bits (3.6s)
✔ [669/1190] Built Mathlib.Algebra.Group.Commute.Hom (2.0s)
✔ [670/1190] Built Mathlib.Algebra.Group.Commutator (2.6s)
✔ [671/1190] Built Mathlib.Data.ENat.Defs (2.2s)
✔ [672/1190] Built Mathlib.Logic.Equiv.Defs (7.3s)
✔ [673/1190] Built Mathlib.Control.Traversable.Basic (1.9s)
✔ [674/1190] Built Aesop.Search.Main (5.3s)
✔ [675/1190] Built Mathlib.Control.Applicative (2.9s)
✔ [676/1190] Built Mathlib.Algebra.Order.ZeroLEOne (2.5s)
✔ [677/1190] Built Mathlib.Data.PNat.Defs (2.7s)
✔ [678/1193] Built Mathlib.Order.ULift (3.1s)
✔ [679/1193] Built Mathlib.Logic.Small.Defs (3.1s)
✔ [680/1194] Built Mathlib.Data.Finite.Defs (3.4s)
✔ [681/1195] Built Mathlib.Control.EquivFunctor (3.4s)
✔ [682/1204] Built Mathlib.Order.RelClasses (4.7s)
✔ [683/1206] Built Mathlib.Order.Synonym (3.7s)
✔ [684/1206] Built Mathlib.Data.PNat.Equiv (2.6s)
✔ [685/1206] Built Mathlib.Data.Countable.Defs (2.2s)
✔ [686/1209] Built Aesop.Main (3.2s)
✔ [687/1216] Built Mathlib.Logic.UnivLE (2.0s)
✔ [688/1228] Built Mathlib.Control.Monad.Basic (1.0s)
✔ [689/1264] Built Mathlib.Algebra.Group.Equiv.Defs (6.9s)
✔ [690/1266] Built Mathlib.Logic.Function.CompTypeclasses (1.3s)
✔ [691/1276] Built Mathlib.Order.Compare (2.2s)
✔ [692/1301] Built Aesop (2.1s)
✔ [693/1301] Built Mathlib.Algebra.GroupWithZero.Pi (2.6s)
✔ [694/1301] Built Mathlib.Algebra.Group.PUnit (2.3s)
✔ [695/1301] Built Mathlib.Order.Max (3.7s)
✔ [696/1301] Built Mathlib.Algebra.Group.Hom.CompTypeclasses (2.9s)
✔ [697/1301] Built Mathlib.Algebra.Group.Irreducible.Defs (2.8s)
✔ [698/1301] Built Mathlib.Algebra.Order.Group.Synonym (5.8s)
✔ [699/1301] Built Mathlib.Data.Finset.Attr (2.0s)
✔ [700/1301] Built Mathlib.Tactic.SetLike (2.2s)
✔ [701/1301] Built Mathlib.Algebra.Group.ULift (3.6s)
✔ [702/1301] Built Mathlib.Algebra.Opposites (3.5s)
✔ [703/1302] Built Mathlib.Tactic.Nontriviality.Core (2.8s)
✔ [704/1302] Built Mathlib.Data.Option.Basic (2.7s)
✔ [705/1302] Built Mathlib.Tactic.Finiteness.Attr (2.1s)
✔ [706/1302] Built Mathlib.Tactic.Bound.Attribute (3.1s)
✔ [707/1302] Built Mathlib.Tactic.Common (2.8s)
✔ [708/1302] Built Mathlib.Algebra.Ring.PUnit (2.3s)
✔ [709/1302] Built Mathlib.Data.Set.Operations (3.2s)
✔ [710/1302] Built Mathlib.Algebra.Order.GroupWithZero.Synonym (2.5s)
✔ [711/1302] Built Mathlib.Algebra.GroupWithZero.ULift (2.6s)
✔ [712/1302] Built Mathlib.Algebra.Regular.Opposite (2.6s)
✔ [713/1302] Built Mathlib.Tactic.Nontriviality (2.2s)
✔ [714/1302] Built Mathlib.Logic.Equiv.Option (3.2s)
✔ [715/1302] Built Mathlib.Data.Rat.Defs (3.3s)
✔ [716/1302] Built Mathlib.Order.BoundedOrder.Basic (4.1s)
✔ [717/1302] Built Mathlib.Algebra.Group.WithOne.Defs (4.0s)
✔ [718/1302] Built Mathlib.Algebra.Group.Action.Defs (5.0s)
✔ [719/1302] Built Mathlib.Data.Vector.Defs (3.5s)
✔ [720/1302] Built Mathlib.Algebra.Group.Basic (9.6s)
✔ [721/1302] Built Mathlib.Algebra.Quotient (2.4s)
✔ [722/1302] Built Mathlib.Data.List.ProdSigma (2.4s)
✔ [723/1302] Built Mathlib.Data.List.Count (2.6s)
✔ [724/1302] Built Mathlib.Data.Int.Sqrt (2.5s)
✔ [725/1304] Built Mathlib.Data.Set.Notation (2.5s)
✔ [726/1304] Built Mathlib.Data.Nat.Factorial.Basic (4.9s)
✔ [727/1304] Built Mathlib.Data.List.InsertIdx (3.6s)
✔ [728/1304] Built Mathlib.Data.List.TakeDrop (4.8s)
✔ [729/1304] Built Mathlib.Order.Monotone.Defs (5.3s)
✔ [730/1304] Built Mathlib.Order.Nat (3.3s)
✔ [731/1304] Built Mathlib.Algebra.Group.WithOne.Map (3.7s)
✔ [732/1304] Built Mathlib.Algebra.AddTorsor.Defs (4.1s)
✔ [733/1304] Built Mathlib.Algebra.Group.Action.Faithful (3.0s)
✔ [734/1304] Built Mathlib.Logic.Equiv.Prod (29s)
✔ [735/1304] Built Mathlib.Data.Int.Cast.Basic (3.1s)
✔ [736/1304] Built Mathlib.Algebra.Group.Idempotent (3.2s)
✔ [737/1304] Built Mathlib.Algebra.Group.Semiconj.Basic (3.2s)
✔ [738/1304] Built Mathlib.Algebra.Group.Int.Units (3.3s)
✔ [739/1305] Built Mathlib.Order.SetNotation (10s)
✔ [740/1307] Built Mathlib.Algebra.Regular.Basic (3.5s)
✔ [741/1307] Built Mathlib.Algebra.Divisibility.Basic (3.9s)
✔ [742/1307] Built Mathlib.Algebra.Group.Torsion (3.4s)
✔ [743/1307] Built Mathlib.Algebra.GroupWithZero.Basic (5.1s)
✔ [744/1307] Built Mathlib.Algebra.Order.Monoid.Unbundled.Defs (4.7s)
✔ [745/1307] Built Mathlib.Algebra.Group.Hom.Basic (6.2s)
✔ [746/1307] Built Mathlib.Algebra.Group.Units.Basic (7.3s)
✔ [747/1307] Built Mathlib.Data.Nat.Choose.Basic (5.7s)
✔ [748/1307] Built Mathlib.Algebra.Group.Action.Units (4.2s)
✔ [749/1308] Built Mathlib.Order.Monotone.Basic (4.9s)
✔ [750/1308] Built Mathlib.Data.List.Basic (18s)
✔ [751/1308] Built Mathlib.Logic.Equiv.Sum (3.8s)
✔ [752/1308] Built Mathlib.Algebra.Ring.Int.Defs (1.0s)
✔ [753/1308] Built Mathlib.Tactic.Zify (2.1s)
✔ [754/1308] Built Mathlib.Algebra.Ring.GrindInstances (2.1s)
✔ [755/1308] Built Mathlib.Algebra.Divisibility.Hom (1.0s)
✔ [756/1308] Built Mathlib.Algebra.Group.Commute.Basic (2.3s)
✔ [757/1308] Built Mathlib.Algebra.Group.Opposite (3.0s)
✔ [758/1308] Built Mathlib.Algebra.Order.Monoid.Unbundled.OrderDual (1.9s)
✔ [759/1308] Built Mathlib.Algebra.Ring.InjSurj (4.8s)
✔ [760/1308] Built Mathlib.Algebra.Divisibility.Units (2.7s)
✔ [761/1308] Built Mathlib.Algebra.Group.TypeTags.Basic (3.7s)
✔ [762/1308] Built Mathlib.Algebra.Group.Semiconj.Units (2.3s)
✔ [763/1308] Built Mathlib.Algebra.Order.GroupWithZero.Unbundled.Defs (3.3s)
✔ [764/1310] Built Mathlib.Algebra.GroupWithZero.Units.Basic (3.3s)
✔ [765/1310] Built Mathlib.Algebra.Group.Units.Hom (3.1s)
✔ [766/1310] Built Mathlib.Algebra.GroupWithZero.Hom (2.8s)
✔ [767/1310] Built Mathlib.Order.BoundedOrder.Monotone (2.1s)
✔ [768/1310] Built Mathlib.Order.Iterate (2.4s)
✔ [769/1310] Built Mathlib.Order.GaloisConnection.Defs (2.7s)
✔ [770/1310] Built Mathlib.Algebra.Group.Hom.Instances (4.3s)
✔ [771/1310] Built Mathlib.Data.List.Enum (2.1s)
✔ [772/1310] Built Mathlib.Data.List.Lex (2.6s)
✔ [773/1310] Built Mathlib.Data.List.Perm.Subperm (2.0s)
✔ [774/1310] Built Mathlib.Data.List.Induction (2.8s)
✔ [775/1310] Built Mathlib.Data.List.Lattice (3.1s)
✔ [776/1310] Built Mathlib.Order.Lattice (5.4s)
✔ [777/1310] Built Mathlib.Data.List.Forall2 (3.3s)
✔ [778/1310] Built Mathlib.Algebra.FreeMonoid.Basic (5.3s)
✔ [779/1310] Built Mathlib.Data.Int.Cast.Field (2.1s)
✔ [780/1310] Built Mathlib.Algebra.GroupWithZero.Opposite (2.2s)
✔ [781/1313] Built Mathlib.Algebra.Group.Action.Opposite (2.9s)
✔ [782/1313] Built Mathlib.Algebra.Group.TypeTags.Hom (2.5s)
✔ [783/1313] Built Mathlib.Algebra.Group.Commute.Units (2.6s)
✔ [784/1313] Built Mathlib.Algebra.Group.Action.TypeTags (1.0s)
✔ [785/1313] Built Mathlib.Algebra.GroupWithZero.Divisibility (2.5s)
✔ [786/1313] Built Mathlib.Algebra.GroupWithZero.Semiconj (2.1s)
✔ [787/1313] Built Mathlib.Logic.Equiv.Basic (5.8s)
✔ [788/1313] Built Mathlib.Algebra.Ring.Hom.InjSurj (1.8s)
✔ [789/1313] Built Mathlib.Algebra.GroupWithZero.Equiv (2.0s)
✔ [790/1313] Built Mathlib.Algebra.Group.Hom.End (2.2s)
✔ [791/1313] Built Mathlib.Algebra.Ring.Basic (2.0s)
✔ [792/1313] Built Mathlib.Order.BoundedOrder.Lattice (2.1s)
✔ [793/1313] Built Mathlib.Data.Multiset.Defs (2.0s)
✔ [794/1313] Built Mathlib.Data.List.Infix (2.9s)
✔ [795/1313] Built Mathlib.Algebra.Group.Prod (6.3s)
✔ [796/1313] Built Mathlib.Algebra.Order.GroupWithZero.Unbundled.Basic (7.4s)
✔ [797/1313] Built Mathlib.Data.Prod.Lex (3.4s)
✔ [798/1315] Built Mathlib.Order.MinMax (2.5s)
✔ [799/1315] Built Mathlib.Data.List.Zip (2.4s)
✔ [800/1315] Built Mathlib.Data.Fin.Basic (3.9s)
✔ [801/1315] Built Mathlib.Algebra.Group.Nat.Hom (2.3s)
✔ [802/1315] Built Mathlib.Data.List.Perm.Basic (3.1s)
✔ [803/1315] Built Mathlib.Algebra.Group.Invertible.Basic (2.7s)
✔ [804/1315] Built Mathlib.Algebra.GroupWithZero.Action.Defs (3.8s)
✔ [805/1315] Built Mathlib.Data.List.Nodup (3.7s)
✔ [806/1315] Built Mathlib.Data.List.Chain (5.2s)
✔ [807/1315] Built Mathlib.Algebra.Group.Action.Pretransitive (1.0s)
✔ [808/1315] Built Mathlib.Algebra.Group.Equiv.TypeTags (3.2s)
✔ [809/1315] Built Mathlib.Algebra.Prime.Defs (2.0s)
✔ [810/1315] Built Mathlib.Algebra.GroupWithZero.Commute (2.1s)
✔ [811/1315] Built Mathlib.Data.Int.GCD (2.9s)
✔ [812/1315] Built Mathlib.Order.WithBot (10s)
✔ [813/1315] Built Mathlib.Logic.Embedding.Basic (3.2s)
✔ [814/1318] Built Mathlib.Data.ULift (2.2s)
✔ [815/1318] Built Mathlib.Algebra.Ring.Rat (2.4s)
✔ [816/1318] Built Mathlib.Algebra.Group.Equiv.Basic (3.8s)
✔ [817/1318] Built Mathlib.Algebra.GroupWithZero.WithZero (4.0s)
✔ [818/1318] Built Mathlib.Data.Nat.Cast.Prod (1.9s)
✔ [819/1318] Built Mathlib.Algebra.GroupWithZero.Invertible (2.2s)
✔ [820/1318] Built Mathlib.Data.Multiset.ZeroCons (3.1s)
✔ [821/1318] Built Mathlib.Algebra.Ring.Hom.Defs (4.2s)
✔ [822/1318] Built Mathlib.Order.Disjoint (4.2s)
✔ [823/1318] Built Mathlib.Data.List.Perm.Lattice (2.4s)
✔ [824/1318] Built Mathlib.Data.List.Sublists (2.9s)
✔ [825/1318] Built Mathlib.Data.List.Duplicate (2.4s)
✔ [826/1318] Built Mathlib.Algebra.BigOperators.Group.List.Basic (5.4s)
✔ [827/1318] Built Mathlib.Data.List.OffDiag (3.2s)
✔ [828/1318] Built Mathlib.Data.List.Rotate (3.3s)
✔ [829/1318] Built Mathlib.Data.List.Dedup (2.8s)
✔ [830/1318] Built Mathlib.Algebra.GroupWithZero.Action.Opposite (2.1s)
✔ [831/1318] Built Mathlib.Algebra.GroupWithZero.Action.Units (2.3s)
✔ [832/1318] Built Mathlib.Algebra.Order.Monoid.Unbundled.Basic (7.2s)
✔ [833/1318] Built Mathlib.Algebra.GroupWithZero.Action.Hom (2.3s)
✔ [834/1318] Built Mathlib.Algebra.Regular.SMul (2.3s)
✔ [835/1318] Built Mathlib.Data.List.Range (2.3s)
✔ [836/1318] Built Mathlib.Algebra.Group.Action.Hom (2.2s)
✔ [837/1318] Built Mathlib.Algebra.Module.Defs (2.6s)
✔ [838/1318] Built Mathlib.Algebra.GroupWithZero.Units.Lemmas (2.2s)
✔ [839/1318] Built Mathlib.Algebra.Group.Embedding (1.7s)
✔ [840/1318] Built Mathlib.Algebra.Group.Action.Basic (2.5s)
✔ [841/1318] Built Mathlib.Data.List.MinMax (3.5s)
✔ [842/1318] Built Mathlib.SetTheory.Cardinal.Defs (2.7s)
✔ [843/1318] Built Mathlib.Algebra.Ring.Divisibility.Basic (3.1s)
✔ [844/1318] Built Mathlib.Algebra.GroupWithZero.Prod (2.4s)
✔ [845/1318] Built Mathlib.Algebra.Group.Units.Equiv (3.2s)
✔ [846/1318] Built Mathlib.Data.Int.Cast.Prod (2.1s)
✔ [847/1318] Built Mathlib.Algebra.Group.Equiv.Opposite (3.8s)
✔ [848/1318] Built Mathlib.Order.RelIso.Basic (4.6s)
✔ [849/1318] Built Mathlib.Data.Multiset.Count (2.5s)
✔ [850/1318] Built Mathlib.Data.Multiset.Basic (2.4s)
✔ [851/1318] Built Mathlib.Algebra.Ring.Invertible (2.5s)
✔ [852/1318] Built Mathlib.Algebra.Ring.Units (2.3s)
✔ [853/1318] Built Mathlib.Order.PropInstances (2.3s)
✔ [854/1318] Built Mathlib.Algebra.Order.Sub.Defs (2.9s)
✔ [855/1318] Built Mathlib.Algebra.Order.Monoid.NatCast (2.3s)
✔ [856/1318] Built Mathlib.Algebra.Order.Monoid.Unbundled.MinMax (2.6s)
✔ [857/1318] Built Mathlib.Tactic.NormNum.Result (3.9s)
✔ [858/1318] Built Mathlib.Algebra.Order.Monoid.Unbundled.ExistsOfLE (2.4s)
✔ [859/1318] Built Mathlib.Algebra.Order.Monoid.Defs (2.3s)
✔ [860/1318] Built Mathlib.Algebra.BigOperators.Group.List.Lemmas (2.5s)
✔ [861/1318] Built Mathlib.Algebra.Order.Monoid.Unbundled.Pow (3.3s)
✔ [862/1318] Built Mathlib.Algebra.GroupWithZero.Action.End (1.9s)
✔ [863/1318] Built Mathlib.Algebra.GroupWithZero.Units.Equiv (2.1s)
✔ [864/1318] Built Mathlib.Algebra.Group.Action.Prod (2.7s)
✔ [865/1318] Built Mathlib.Algebra.Group.Even (2.8s)
✔ [866/1318] Built Mathlib.Algebra.Ring.Int.Units (1.9s)
✔ [867/1318] Built Mathlib.Data.Multiset.AddSub (2.8s)
✔ [868/1318] Built Mathlib.Algebra.Ring.Opposite (4.1s)
✔ [869/1318] Built Mathlib.Algebra.Ring.Commute (2.6s)
✔ [870/1318] Built Mathlib.Algebra.Order.Monoid.Unbundled.TypeTags (2.7s)
✔ [871/1318] Built Mathlib.Algebra.Order.Sub.Unbundled.Basic (3.2s)
✔ [872/1318] Built Mathlib.Tactic.NormNum.Core (3.8s)
✔ [873/1318] Built Mathlib.Data.Set.Basic (5.1s)
✔ [874/1318] Built Mathlib.Order.Heyting.Basic (6.3s)
✔ [875/1318] Built Mathlib.Algebra.Order.Group.Unbundled.Basic (5.0s)
✔ [876/1318] Built Mathlib.Order.Hom.Basic (7.8s)
✔ [877/1318] Built Mathlib.Algebra.Order.Monoid.OrderDual (1.9s)
✔ [878/1318] Built Mathlib.Algebra.Order.Group.Int (1.9s)
✔ [879/1319] Built Mathlib.Algebra.Ring.Action.Basic (2.1s)
✔ [880/1319] Built Mathlib.Algebra.Order.Monoid.Canonical.Defs (2.9s)
✔ [881/1319] Built Mathlib.Algebra.Module.RingHom (2.2s)
✔ [882/1319] Built Mathlib.Algebra.Order.Monoid.Unbundled.WithTop (6.2s)
✔ [883/1319] Built Mathlib.Algebra.Group.Irreducible.Lemmas (2.2s)
✔ [884/1319] Built Mathlib.Algebra.GroupWithZero.Action.Prod (2.4s)
✔ [885/1319] Built Mathlib.Data.Nat.Cast.Basic (2.6s)
✔ [886/1319] Built Mathlib.Data.Multiset.Replicate (2.3s)
✔ [887/1319] Built Mathlib.Algebra.Group.Nat.Even (2.7s)
✔ [888/1319] Built Mathlib.Algebra.Module.Opposite (2.1s)
✔ [889/1319] Built Mathlib.Data.Nat.Cast.Commute (2.2s)
✔ [890/1319] Built Mathlib.Data.Nat.Order.Lemmas (1.0s)
✔ [891/1319] Built Mathlib.Data.SetLike.Basic (2.4s)
✔ [892/1319] Built Mathlib.Data.Set.Inclusion (2.3s)
✔ [893/1319] Built Mathlib.Data.Set.Order (2.6s)
✔ [894/1319] Built Mathlib.Algebra.Field.Basic (4.5s)
✔ [895/1319] Built Mathlib.Data.Set.Disjoint (2.8s)
✔ [896/1319] Built Mathlib.Order.BooleanAlgebra.Defs (2.7s)
✔ [897/1319] Built Mathlib.Algebra.Group.End (5.5s)
✔ [898/1319] Built Mathlib.Algebra.Order.Group.Defs (2.6s)
✔ [899/1319] Built Mathlib.Algebra.Order.Group.Basic (2.6s)
✔ [900/1319] Built Mathlib.Algebra.Order.Group.OrderIso (3.0s)
✔ [901/1319] Built Mathlib.Algebra.Order.GroupWithZero.Unbundled.OrderIso (2.6s)
✔ [902/1319] Built Mathlib.Algebra.Order.Monoid.Basic (2.4s)
✔ [903/1319] Built Mathlib.Algebra.Group.Center (7.0s)
✔ [904/1322] Built Mathlib.Algebra.Order.Ring.Unbundled.Basic (6.9s)
✔ [905/1322] Built Mathlib.Order.Antisymmetrization (3.9s)
✔ [906/1322] Built Mathlib.Tactic.ApplyFun (4.0s)
✔ [907/1322] Built Mathlib.Algebra.Order.Monoid.Units (3.0s)
✔ [908/1322] Built Mathlib.Algebra.Module.PUnit (2.4s)
✔ [909/1322] Built Mathlib.Algebra.Order.Monoid.TypeTags (2.2s)
✔ [910/1322] Built Mathlib.Order.Hom.Lattice (5.4s)
✔ [911/1322] Built Mathlib.Data.Sum.Order (8.1s)
✔ [912/1322] Built Mathlib.Order.Hom.Bounded (5.0s)
✔ [913/1322] Built Mathlib.Algebra.Order.Sub.Basic (2.6s)
✔ [914/1322] Built Mathlib.Algebra.Order.Group.Nat (2.2s)
✔ [915/1322] Built Mathlib.Algebra.Order.Monoid.WithTop (2.3s)
✔ [916/1322] Built Mathlib.Algebra.Order.Sub.WithTop (2.5s)
✔ [917/1322] Built Mathlib.Algebra.Order.Hom.Monoid (7.4s)
✔ [918/1322] Built Mathlib.Algebra.Prime.Lemmas (2.7s)
✔ [919/1322] Built Mathlib.Algebra.Module.Prod (2.2s)
✔ [920/1322] Built Mathlib.Algebra.Order.BigOperators.Group.List (3.6s)
✔ [921/1322] Built Mathlib.Data.Nat.Cast.Order.Basic (3.1s)
✔ [922/1322] Built Mathlib.Algebra.Group.Int.Even (2.0s)
✔ [923/1322] Built Mathlib.Algebra.Group.Conj (3.1s)
✔ [924/1322] Built Mathlib.Algebra.Group.Action.End (3.4s)
✔ [925/1322] Built Mathlib.Algebra.Group.Subsemigroup.Defs (3.8s)
✔ [926/1322] Built Mathlib.Data.Set.Insert (4.5s)
✔ [927/1322] Built Mathlib.Data.Int.LeastGreatest (2.6s)
✔ [928/1322] Built Mathlib.Algebra.Ring.Centralizer (2.4s)
✔ [929/1322] Built Mathlib.Algebra.GroupWithZero.Center (2.7s)
✔ [930/1322] Built Mathlib.Algebra.Order.Group.Lattice (3.0s)
✔ [931/1322] Built Mathlib.Algebra.Order.Group.Units (2.5s)
✔ [932/1322] Built Mathlib.Tactic.NormNum.Basic (8.2s)
✔ [933/1322] Built Mathlib.Algebra.Order.Ring.Defs (3.6s)
✔ [934/1322] Built Mathlib.Order.BooleanAlgebra.Basic (6.3s)
✔ [935/1322] Built Mathlib.Algebra.Order.AddGroupWithTop (3.6s)
✔ [936/1322] Built Mathlib.GroupTheory.Subsemigroup.Center (2.5s)
✔ [937/1323] Built Mathlib.GroupTheory.GroupAction.Hom (15s)
✔ [938/1323] Built Mathlib.Algebra.GroupWithZero.Action.Basic (2.6s)
✔ [939/1323] Built Mathlib.Algebra.Order.Nonneg.Basic (4.8s)
✔ [940/1323] Built Mathlib.Algebra.GroupWithZero.Associated (4.9s)
✔ [941/1323] Built Mathlib.Data.Bool.Set (2.1s)
✔ [942/1323] Built Mathlib.Data.Set.Subsingleton (2.7s)
✔ [943/1323] Built Mathlib.Algebra.Ring.Parity (5.5s)
✔ [944/1324] Built Mathlib.Algebra.Group.Submonoid.Defs (4.6s)
✔ [945/1324] Built Mathlib.Algebra.Order.Ring.InjSurj (2.5s)
✔ [946/1324] Built Mathlib.Algebra.Order.Positive.Ring (3.1s)
✔ [947/1324] Built Mathlib.Algebra.Order.Group.Unbundled.Abs (4.5s)
✔ [948/1324] Built Mathlib.Tactic.CancelDenoms.Core (5.2s)
✔ [949/1325] Built Mathlib.Algebra.Order.Ring.Canonical (3.1s)
✔ [950/1325] Built Mathlib.Algebra.Order.Ring.Basic (4.2s)
✔ [951/1328] Built Mathlib.Order.BooleanAlgebra.Set (4.7s)
✔ [952/1328] Built Mathlib.Tactic.Abel (7.1s)
✔ [953/1328] Built Mathlib.Order.SymmDiff (5.4s)
✔ [954/1328] Built Mathlib.Data.Int.Cast.Lemmas (4.3s)
✔ [955/1328] Built Mathlib.Algebra.Ring.Int.Parity (4.6s)
✔ [956/1328] Built Mathlib.Algebra.BigOperators.Ring.List (2.8s)
✔ [957/1328] Built Mathlib.GroupTheory.OreLocalization.OreSet (2.9s)
✔ [958/1328] Built Mathlib.Algebra.Group.Submonoid.MulAction (2.8s)
✔ [959/1328] Built Mathlib.RingTheory.NonUnitalSubsemiring.Defs (4.0s)
✔ [960/1328] Built Mathlib.Data.Part (4.0s)
✔ [961/1328] Built Mathlib.Algebra.Order.Group.Unbundled.Int (2.9s)
✔ [962/1328] Built Mathlib.Algebra.Order.Group.Abs (4.6s)
✔ [963/1328] Built Mathlib.Data.Set.SymmDiff (2.9s)
✔ [964/1328] Built Mathlib.Algebra.Order.Group.PosPart (4.7s)
✔ [965/1328] Built Mathlib.Algebra.Ring.Center (3.6s)
✔ [966/1328] Built Mathlib.Algebra.Group.Subgroup.Defs (9.0s)
✔ [967/1328] Built Mathlib.Order.Interval.Set.Basic (6.2s)
✔ [968/1328] Built Mathlib.Data.Rat.Lemmas (3.9s)
✔ [969/1328] Built Mathlib.Algebra.Module.NatInt (4.5s)
✔ [970/1328] Built Mathlib.Algebra.Order.Ring.WithTop (8.2s)
✔ [971/1328] Built Mathlib.Algebra.Field.Power (2.8s)
✔ [972/1328] Built Mathlib.Order.Hom.BoundedLattice (7.8s)
✔ [973/1328] Built Mathlib.Tactic.NormNum.Pow (5.6s)
✔ [974/1328] Built Mathlib.Algebra.Group.Submonoid.DistribMulAction (2.5s)
✔ [975/1328] Built Mathlib.Order.Part (2.3s)
✔ [976/1332] Built Mathlib.Algebra.Ring.Subsemiring.Defs (3.0s)
✔ [977/1332] Built Mathlib.Algebra.Order.Hom.Basic (3.4s)
✔ [978/1332] Built Mathlib.Algebra.Order.Ring.Int (3.7s)
✔ [979/1332] Built Mathlib.Algebra.Order.Ring.Unbundled.Rat (4.7s)
✔ [980/1332] Built Mathlib.RingTheory.NonUnitalSubring.Defs (4.2s)
✔ [981/1334] Built Mathlib.Algebra.Module.End (3.2s)
✔ [982/1335] Built Mathlib.GroupTheory.OreLocalization.Basic (9.8s)
✔ [983/1335] Built Mathlib.Order.Interval.Set.LinearOrder (6.4s)
✔ [984/1339] Built Mathlib.Data.Set.Image (7.5s)
✔ [985/1339] Built Mathlib.Algebra.Module.Torsion.Free (4.5s)
✔ [986/1339] Built Mathlib.Algebra.Ring.Action.Subobjects (3.5s)
✔ [987/1339] Built Mathlib.Tactic.FieldSimp.Lemmas (6.3s)
✔ [988/1339] Built Mathlib.Order.Hom.WithTopBot (5.5s)
✔ [989/1339] Built Mathlib.Algebra.Order.Ring.Rat (2.0s)
✔ [990/1339] Built Mathlib.Data.Set.List (2.3s)
✔ [991/1339] Built Mathlib.Data.NNRat.Defs (4.5s)
✔ [992/1339] Built Mathlib.Order.Interval.Set.WithBotTop (3.3s)
✔ [993/1339] Built Mathlib.Logic.Embedding.Set (3.7s)
✔ [994/1339] Built Mathlib.Algebra.Ring.Subring.Defs (4.9s)
✔ [995/1339] Built Mathlib.Algebra.Module.Torsion.Field (3.1s)
✔ [996/1353] Built Mathlib.Data.Nat.Set (2.5s)
✔ [997/1373] Built Mathlib.Algebra.NoZeroSMulDivisors.Defs (3.3s)
✔ [998/1373] Built Mathlib.Algebra.Notation.Support (4.4s)
✔ [999/1375] Built Mathlib.Order.Directed (3.7s)
✔ [1000/1376] Built Mathlib.Data.Set.Restrict (3.4s)
✔ [1001/1376] Built Mathlib.Algebra.Field.Rat (3.0s)
✔ [1002/1376] Built Mathlib.Algebra.Group.ModEq (3.2s)
✔ [1003/1376] Built Mathlib.Data.Multiset.MapFold (4.1s)
✔ [1004/1376] Built Mathlib.Algebra.Group.Support (2.3s)
✔ [1005/1376] Built Mathlib.Algebra.NoZeroSMulDivisors.Basic (2.5s)
✔ [1006/1376] Built Mathlib.Data.Nat.GCD.Basic (3.7s)
✔ [1007/1394] Built Mathlib.Algebra.Ring.CharZero (2.9s)
✔ [1008/1411] Built Mathlib.Data.Int.CharZero (2.3s)
✔ [1009/1411] Built Mathlib.Algebra.EuclideanDomain.Defs (2.3s)
✔ [1010/1419] Built Mathlib.Logic.Function.DependsOn (2.3s)
✔ [1011/1421] Built Mathlib.Data.Set.Prod (8.1s)
✔ [1012/1423] Built Mathlib.Algebra.Field.IsField (2.7s)
✔ [1013/1423] Built Mathlib.Data.List.NatAntidiagonal (2.6s)
✔ [1014/1424] Built Mathlib.Data.Rat.Cast.Defs (4.1s)
✔ [1015/1424] Built Mathlib.Data.Nat.ModEq (4.5s)
✔ [1016/1426] Built Mathlib.Algebra.GroupWithZero.Idempotent (2.4s)
✔ [1017/1427] Built Mathlib.Algebra.EuclideanDomain.Int (2.7s)
✔ [1018/1439] Built Mathlib.Algebra.Ring.Regular (2.2s)
✔ [1019/1444] Built Mathlib.Data.Set.NAry (3.0s)
✔ [1020/1444] Built Mathlib.Data.Multiset.NatAntidiagonal (2.4s)
✔ [1021/1445] Built Mathlib.Order.Bounds.Basic (7.3s)
✔ [1022/1445] Built Mathlib.Algebra.Ring.Idempotent (2.7s)
✔ [1023/1445] Built Mathlib.Algebra.Order.GroupWithZero.Action.Synonym (2.6s)
✔ [1024/1445] Built Mathlib.Data.Rat.Cast.CharZero (3.3s)
✔ [1025/1445] Built Mathlib.Order.Filter.Defs (4.2s)
✔ [1026/1445] Built Mathlib.Order.Bounds.Image (3.1s)
✔ [1027/1464] Built Mathlib.Data.Set.Function (5.0s)
✔ [1028/1464] Built Mathlib.Order.ScottContinuity (2.5s)
✔ [1029/1464] Built Mathlib.Algebra.Group.Pointwise.Set.Scalar (3.4s)
✔ [1030/1464] Built Mathlib.Order.CompleteLattice.Defs (3.2s)
✔ [1031/1464] Built Mathlib.Order.LatticeIntervals (3.6s)
✔ [1032/1464] Built Mathlib.Algebra.Order.Interval.Set.Monoid (1.0s)
✔ [1033/1464] Built Mathlib.Data.Multiset.Filter (3.2s)
✔ [1034/1464] Built Mathlib.Tactic.NormNum.Inv (3.4s)
✔ [1035/1464] Built Mathlib.Order.Interval.Set.Image (3.4s)
✔ [1036/1464] Built Mathlib.Dynamics.FixedPoints.Basic (2.6s)
✔ [1037/1464] Built Mathlib.Data.Set.Pairwise.Basic (2.9s)
✔ [1038/1465] Built Mathlib.Data.Set.Monotone (2.3s)
✔ [1039/1465] Built Mathlib.Order.WellFounded (2.8s)
✔ [1040/1465] Built Mathlib.Data.Set.Piecewise (2.4s)
✔ [1041/1465] Built Mathlib.Algebra.Group.Pointwise.Set.Basic (10s)
✔ [1042/1465] Built Mathlib.Algebra.BigOperators.Group.Multiset.Defs (2.5s)
✔ [1043/1468] Built Mathlib.Logic.Equiv.Set (4.5s)
✔ [1044/1468] Built Mathlib.Tactic.NormNum.Eq (2.6s)
✔ [1045/1468] Built Mathlib.Data.Multiset.UnionInter (3.2s)
✔ [1046/1468] Built Mathlib.Algebra.Order.Module.Defs (10s)
✔ [1047/1468] Built Mathlib.Algebra.Order.GroupWithZero.Canonical (8.8s)
✔ [1048/1468] Built Mathlib.Order.ConditionallyCompleteLattice.Defs (2.3s)
✔ [1049/1468] Built Mathlib.Data.Finset.Defs (3.3s)
✔ [1050/1468] Built Mathlib.Order.Interval.Set.UnorderedInterval (4.5s)
✔ [1051/1468] Built Mathlib.Algebra.Group.Action.Pi (2.5s)
✔ [1052/1469] Built Mathlib.Order.RelIso.Set (2.5s)
✔ [1053/1469] Built Mathlib.Algebra.Notation.Indicator (3.6s)
✔ [1054/1470] Built Mathlib.Order.Minimal (4.4s)
✔ [1055/1470] Built Mathlib.Logic.Small.Basic (2.3s)
✔ [1056/1470] Built Mathlib.Data.Multiset.Dedup (2.9s)
✔ [1057/1470] Built Mathlib.Order.Hom.Set (2.0s)
✔ [1058/1470] Built Mathlib.Algebra.Group.Pi.Lemmas (6.2s)
✔ [1059/1470] Built Mathlib.Data.Multiset.Range (2.4s)
✔ [1060/1470] Built Mathlib.Algebra.Order.Nonneg.Module (2.4s)
✔ [1061/1470] Built Mathlib.Data.Fin.SuccPred (6.2s)
✔ [1062/1470] Built Mathlib.Algebra.Order.Ring.Nat (2.4s)
✔ [1063/1470] Built Mathlib.Data.Finset.Order (2.3s)
✔ [1064/1470] Built Mathlib.Algebra.Order.Field.Canonical (2.4s)
✔ [1065/1470] Built Mathlib.Algebra.Ring.Equiv (7.6s)
✔ [1066/1470] Built Mathlib.Data.Finset.Erase (2.3s)
✔ [1067/1470] Built Mathlib.Data.Finset.Empty (2.4s)
✔ [1068/1470] Built Mathlib.Algebra.Order.Hom.MonoidWithZero (4.2s)
✔ [1069/1470] Built Mathlib.Data.Finset.Attach (2.1s)
✔ [1070/1470] Built Mathlib.Order.Interval.Set.OrderEmbedding (2.3s)
✔ [1071/1470] Built Mathlib.Algebra.AddTorsor.Basic (2.9s)
✔ [1072/1470] Built Mathlib.Algebra.GroupWithZero.Action.Pi (2.6s)
✔ [1073/1470] Built Mathlib.Tactic.Ring.Basic (15s)
✔ [1074/1470] Built Mathlib.Data.Countable.Small (1.0s)
✔ [1075/1470] Built Mathlib.Algebra.Module.Basic (2.9s)
✔ [1076/1470] Built Mathlib.Data.Finset.Dedup (2.5s)
✔ [1077/1470] Built Mathlib.Algebra.Group.Indicator (2.0s)
✔ [1078/1470] Built Mathlib.Data.Multiset.Fold (2.5s)
✔ [1079/1470] Built Mathlib.Data.Multiset.FinsetOps (2.6s)
✔ [1080/1470] Built Mathlib.Order.Preorder.Chain (3.0s)
✔ [1081/1470] Built Mathlib.Order.Bounds.OrderIso (2.2s)
✔ [1082/1470] Built Mathlib.Order.Interval.Set.OrderIso (2.4s)
✔ [1083/1470] Built Mathlib.GroupTheory.GroupAction.DomAct.Basic (4.5s)
✔ [1084/1471] Built Mathlib.Data.Fin.Embedding (2.8s)
✔ [1085/1471] Built Mathlib.Data.Fin.Rev (2.5s)
✔ [1086/1471] Built Mathlib.Data.Vector.Basic (4.3s)
✔ [1087/1471] Built Mathlib.Order.Hom.Lex (4.7s)
✔ [1088/1471] Built Mathlib.Data.Nat.Cast.Order.Ring (3.1s)
✔ [1089/1471] Built Mathlib.Algebra.Ring.Action.Group (2.8s)
✔ [1090/1471] Built Mathlib.Order.CompleteLattice.Basic (6.9s)
✔ [1091/1471] Built Mathlib.Data.PNat.Basic (3.8s)
✔ [1092/1471] Built Mathlib.Algebra.Ring.CompTypeclasses (2.5s)
✔ [1093/1471] Built Mathlib.Data.Finset.Filter (2.6s)
✔ [1094/1471] Built Mathlib.Algebra.Ring.ULift (3.6s)
✔ [1095/1471] Built Mathlib.Algebra.Order.Hom.Ring (4.0s)
✔ [1096/1471] Built Mathlib.Algebra.Order.Group.Multiset (2.7s)
✔ [1097/1471] Built Mathlib.Algebra.Order.BigOperators.Group.Multiset (3.4s)
✔ [1098/1471] Built Mathlib.Tactic.Ring.RingNF (3.0s)
✔ [1099/1471] Built Mathlib.Data.Multiset.Lattice (2.7s)
✔ [1100/1471] Built Mathlib.Data.Finset.Lattice.Basic (3.6s)
✔ [1101/1471] Built Mathlib.Data.Finset.Insert (4.6s)
✔ [1102/1471] Built Mathlib.Logic.Small.List (1.9s)
✔ [1103/1471] Built Mathlib.Order.Antichain (3.1s)
✔ [1104/1471] Built Mathlib.Algebra.Module.Hom (3.2s)
✔ [1105/1471] Built Mathlib.Order.UpperLower.Basic (7.5s)
✔ [1106/1474] Built Mathlib.Algebra.Group.Fin.Basic (3.1s)
✔ [1107/1474] Built Mathlib.Order.Fin.Basic (3.6s)
✔ [1108/1474] Built Mathlib.Algebra.Order.Invertible (2.3s)
✔ [1109/1474] Built Mathlib.Algebra.Order.Ring.Cast (3.1s)
✔ [1110/1474] Built Mathlib.Algebra.Order.Ring.Abs (4.0s)
✔ [1111/1474] Built Mathlib.Tactic.NormNum.Abs (3.1s)
✔ [1112/1474] Built Mathlib.Algebra.Order.Ring.Pow (3.3s)
✔ [1113/1474] Built Mathlib.Tactic.Linarith.Lemmas (2.8s)
✔ [1114/1474] Built Mathlib.Order.CompleteLattice.Lemmas (2.4s)
✔ [1115/1474] Built Mathlib.Order.GaloisConnection.Basic (3.8s)
✔ [1116/1474] Built Mathlib.Tactic.Ring.PNat (2.7s)
✔ [1117/1474] Built Mathlib.Data.Setoid.Basic (2.9s)
✔ [1118/1474] Built Mathlib.Order.OmegaCompletePartialOrder (5.2s)
✔ [1119/1474] Built Mathlib.Algebra.Ring.Pi (3.3s)
✔ [1120/1474] Built Mathlib.Data.Fintype.Defs (2.9s)
✔ [1121/1474] Built Mathlib.Data.Multiset.OrderedMonoid (2.1s)
✔ [1122/1474] Built Mathlib.Data.Multiset.Sum (2.1s)
✔ [1123/1474] Built Mathlib.Algebra.Ring.Prod (4.3s)
✔ [1124/1477] Built Mathlib.Algebra.BigOperators.Group.Multiset.Basic (3.3s)
✔ [1125/1477] Built Mathlib.Data.Finset.Lattice.Lemmas (2.7s)
✔ [1126/1477] Built Mathlib.Data.Finset.SDiff (2.9s)
✔ [1127/1477] Built Mathlib.Data.Finset.Range (2.6s)
✔ [1128/1477] Built Mathlib.Data.Finset.Disjoint (2.6s)
✔ [1129/1477] Built Mathlib.Order.Interval.Set.OrdConnected (3.1s)
✔ [1130/1477] Built Mathlib.Order.InitialSeg (4.3s)
✔ [1131/1477] Built Mathlib.Tactic.Linarith.Datatypes (3.7s)
✔ [1132/1477] Built Mathlib.Algebra.Order.Floor.Defs (4.3s)
✔ [1133/1477] Built Mathlib.Order.Interval.Set.Fin (5.9s)
✔ [1134/1477] Built Mathlib.Data.Fin.Tuple.Basic (6.8s)
✔ [1135/1477] Built Mathlib.Tactic.Positivity.Core (6.0s)
✔ [1136/1477] Built Mathlib.Tactic.NormNum.Ineq (5.8s)
✔ [1137/1477] Built Mathlib.Algebra.Module.LinearMap.Defs (12s)
✔ [1138/1477] Built Mathlib.Order.Hom.Order (2.3s)
✔ [1139/1479] Built Mathlib.Tactic.Ring (2.3s)
✔ [1140/1479] Built Mathlib.Algebra.Module.Pi (2.3s)
✔ [1141/1479] Built Mathlib.Data.Sym.Basic (3.7s)
✔ [1142/1479] Built Mathlib.Tactic.FinCases (2.5s)
✔ [1143/1479] Built Mathlib.Order.CompleteBooleanAlgebra (7.1s)
✔ [1144/1479] Built Mathlib.Data.Multiset.Bind (3.8s)
✔ [1145/1479] Built Mathlib.GroupTheory.Congruence.Defs (5.2s)
✔ [1146/1479] Built Mathlib.Data.Finset.Basic (4.7s)
✔ [1147/1479] Built Mathlib.Tactic.Linarith.Parsing (3.4s)
✔ [1148/1479] Built Mathlib.Data.Finset.Image (5.2s)
✔ [1149/1479] Built Mathlib.Tactic.Linarith.Oracle.SimplexAlgorithm (3.3s)
✔ [1150/1479] Built Mathlib.Order.Cover (4.9s)
✔ [1151/1479] Built Mathlib.Tactic.Linarith.Preprocessing (4.9s)
✔ [1152/1479] Built Mathlib.Data.List.OfFn (2.5s)
✔ [1153/1479] Built Mathlib.Data.Fin.VecNotation (4.5s)
✔ [1154/1479] Built Mathlib.Algebra.Order.Floor.Semiring (5.0s)
✔ [1155/1479] Built Mathlib.Tactic.FieldSimp.Discharger (2.7s)
✔ [1156/1479] Built Mathlib.Tactic.NormNum.DivMod (3.3s)
✔ [1157/1479] Built Mathlib.Data.Set.BooleanAlgebra (1.0s)
✔ [1158/1479] Built Mathlib.Algebra.Module.Torsion.Pi (2.0s)
✔ [1159/1479] Built Mathlib.Algebra.Algebra.Defs (4.3s)
✔ [1160/1479] Built Mathlib.Order.FixedPoints (3.9s)
✔ [1161/1479] Built Mathlib.Data.Multiset.Sections (3.2s)
✔ [1162/1479] Built Mathlib.Data.Multiset.Powerset (3.5s)
✔ [1163/1479] Built Mathlib.Data.Multiset.Pi (2.9s)
✔ [1164/1479] Built Mathlib.Algebra.Order.Field.Basic (9.3s)
✔ [1165/1479] Built Mathlib.Tactic.Positivity.Basic (9.4s)
✔ [1166/1479] Built Mathlib.Tactic.Linarith.Verification (3.3s)
✔ [1167/1479] Built Mathlib.GroupTheory.Congruence.Hom (3.9s)
✔ [1168/1479] Built Mathlib.RingTheory.Congruence.Defs (4.3s)
✔ [1169/1479] Built Mathlib.Data.Fintype.OfMap (2.1s)
✔ [1170/1479] Built Mathlib.Data.Finset.Fold (2.8s)
✔ [1171/1479] Built Mathlib.Data.Finset.BooleanAlgebra (3.1s)
✔ [1172/1481] Built Mathlib.Data.Finset.SymmDiff (2.4s)
✔ [1173/1481] Built Mathlib.Algebra.Module.Equiv.Defs (12s)
✔ [1174/1481] Built Mathlib.Data.List.FinRange (2.6s)
✔ [1175/1481] Built Mathlib.Order.ModularLattice (3.9s)
✔ [1176/1481] Built Mathlib.Algebra.Group.Fin.Tuple (2.8s)
✔ [1177/1481] Built Mathlib.Logic.Equiv.Fin.Basic (3.9s)
✔ [1178/1481] Built Mathlib.Data.List.Sort (5.9s)
✔ [1179/1481] Built Mathlib.Data.Finset.Card (9.2s)
✔ [1180/1481] Built Mathlib.Order.Closure (4.1s)
✔ [1181/1481] Built Mathlib.Data.Set.Sigma (4.8s)
✔ [1182/1481] Built Mathlib.Data.Multiset.Antidiagonal (2.6s)
✔ [1183/1481] Built Mathlib.GroupTheory.GroupAction.Defs (5.8s)
✔ [1184/1482] Built Mathlib.Algebra.Module.LinearMap.Basic (4.2s)
✔ [1185/1482] Built Mathlib.Data.List.Pi (2.8s)
✔ [1186/1482] Built Mathlib.Data.Finset.Piecewise (2.6s)
✔ [1187/1482] Built Mathlib.Data.Set.Lattice (7.3s)
✔ [1188/1482] Built Mathlib.Data.Fintype.Sets (3.1s)
✔ [1189/1482] Built Mathlib.Tactic.Linarith.Frontend (4.6s)
✔ [1190/1482] Built Mathlib.Data.Finset.Union (3.0s)
✔ [1191/1483] Built Mathlib.Algebra.Module.Equiv.Opposite (2.7s)
✔ [1192/1483] Built Mathlib.Algebra.Module.ULift (3.7s)
✔ [1193/1483] Built Mathlib.Logic.Equiv.Fin.Rotate (2.5s)
✔ [1194/1483] Built Mathlib.Data.List.NodupEquivFin (3.1s)
✔ [1195/1483] Built Mathlib.Data.Finset.Fin (2.3s)
✔ [1196/1483] Built Mathlib.Algebra.BigOperators.Ring.Multiset (2.6s)
✔ [1197/1483] Built Mathlib.Data.Fintype.Quotient (3.0s)
✔ [1198/1483] Built Mathlib.Order.CompleteLattice.Chain (2.2s)
✔ [1199/1483] Built Mathlib.Data.Finset.Sum (3.7s)
✔ [1200/1483] Built Mathlib.Logic.Small.Set (2.4s)
✔ [1201/1483] Built Mathlib.Data.Set.Pairwise.Lattice (2.7s)
✔ [1202/1483] Built Mathlib.Order.Filter.Basic (6.1s)
✔ [1203/1483] Built Mathlib.Data.Fintype.Basic (3.9s)
✔ [1204/1485] Built Mathlib.Tactic.FieldSimp (17s)
✔ [1205/1485] Built Mathlib.Data.Finset.Pi (3.6s)
✔ [1206/1485] Built Mathlib.Data.Finset.Prod (4.3s)
✔ [1207/1485] Built Mathlib.Order.ConditionallyCompleteLattice.Basic (5.9s)
✔ [1208/1485] Built Mathlib.Data.Finset.Option (2.8s)
✔ [1209/1485] Built Mathlib.Order.Zorn (2.5s)
✔ [1210/1485] Built Mathlib.Order.Filter.AtTopBot.Defs (2.2s)
✔ [1211/1485] Built Mathlib.Algebra.BigOperators.Group.Finset.Defs (7.4s)
✔ [1212/1485] Built Mathlib.Data.Set.Lattice.Image (9.4s)
✔ [1213/1485] Built Mathlib.Tactic.Field (2.7s)
✔ [1214/1486] Built Mathlib.Data.Fintype.Card (3.2s)
✔ [1215/1486] Built Mathlib.Algebra.Group.TransferInstance (3.4s)
✔ [1216/1486] Built Mathlib.Algebra.Module.LinearMap.End (7.3s)
✔ [1217/1486] Built Mathlib.Data.Rat.BigOperators (3.3s)
✔ [1218/1486] Built Mathlib.Order.ConditionallyCompleteLattice.Indexed (5.0s)
✔ [1219/1486] Built Mathlib.SetTheory.Cardinal.SchroederBernstein (4.1s)
✔ [1220/1486] Built Mathlib.Data.Finset.Lattice.Fold (8.3s)
✔ [1221/1486] Built Mathlib.Order.CompleteLatticeIntervals (5.0s)
✔ [1222/1486] Built Mathlib.Order.CompleteLattice.Finset (3.3s)
✔ [1223/1486] Built Mathlib.Order.Interval.Set.Disjoint (2.9s)
✔ [1224/1486] Built Mathlib.Order.SuccPred.Basic (8.5s)
✔ [1225/1488] Built Mathlib.Algebra.Group.Pointwise.Set.Lattice (3.0s)
✔ [1226/1488] Built Mathlib.Algebra.Group.Subsemigroup.Basic (3.8s)
✔ [1227/1488] Built Mathlib.Algebra.Group.Action.Pointwise.Set.Basic (5.1s)
✔ [1228/1488] Built Mathlib.Order.Filter.Map (5.2s)
✔ [1229/1488] Built Mathlib.Data.Nat.Pairing (2.9s)
✔ [1230/1488] Built Mathlib.Data.Fintype.EquivFin (4.2s)
✔ [1231/1488] Built Mathlib.Data.Finset.Lattice.Prod (2.9s)
✔ [1232/1488] Built Mathlib.Algebra.BigOperators.Group.Finset.Basic (10s)
✔ [1233/1488] Built Mathlib.Order.Hom.CompleteLattice (6.5s)
✔ [1234/1488] Built Mathlib.Data.Finset.Lattice.Union (2.7s)
✔ [1235/1488] Built Mathlib.Algebra.Order.Nonneg.Lattice (2.6s)
✔ [1236/1488] Built Mathlib.Order.Filter.AtTopBot.Disjoint (2.1s)
✔ [1237/1488] Built Mathlib.Data.Finset.Sigma (2.9s)
✔ [1238/1488] Built Mathlib.Data.Finset.Max (5.9s)
✔ [1239/1488] Built Mathlib.Order.SuccPred.WithBot (2.0s)
✔ [1240/1488] Built Mathlib.Order.Interval.Set.SuccPred (3.8s)
✔ [1241/1488] Built Mathlib.GroupTheory.Subsemigroup.Centralizer (2.4s)
✔ [1242/1488] Built Mathlib.Order.SuccPred.Archimedean (4.1s)
✔ [1243/1488] Built Mathlib.Algebra.Group.Subsemigroup.Membership (2.4s)
✔ [1244/1488] Built Mathlib.Algebra.Group.Submonoid.Basic (3.8s)
✔ [1245/1488] Built Mathlib.Order.Filter.Tendsto (2.4s)
✔ [1246/1488] Built Mathlib.Algebra.Group.Subsemigroup.MulOpposite (3.2s)
✔ [1247/1488] Built Mathlib.Logic.Equiv.Nat (2.5s)
✔ [1248/1488] Built Mathlib.Order.Atoms (8.0s)
✔ [1249/1488] Built Mathlib.Data.Fintype.Prod (2.6s)
✔ [1250/1488] Built Mathlib.Order.Filter.Bases.Basic (4.1s)
✔ [1251/1488] Built Mathlib.Algebra.Group.Subsemigroup.Operations (6.7s)
✔ [1252/1488] Built Mathlib.Data.Fintype.Pigeonhole (2.3s)
✔ [1253/1488] Built Mathlib.Data.Fintype.Sum (3.0s)
✔ [1254/1488] Built Mathlib.Data.Finite.Set (2.1s)
✔ [1255/1488] Built Mathlib.Algebra.Module.Equiv.Basic (15s)
✔ [1256/1488] Built Mathlib.Data.Fintype.Option (2.2s)
✔ [1257/1488] Built Mathlib.Data.ZMod.Defs (2.8s)
✔ [1258/1488] Built Mathlib.Data.Set.Finite.Range (2.2s)
✔ [1259/1489] Built Mathlib.Algebra.BigOperators.Option (2.1s)
✔ [1260/1492] Built Mathlib.Algebra.BigOperators.GroupWithZero.Finset (2.3s)
✔ [1261/1492] Built Mathlib.Algebra.BigOperators.Group.Finset.Lemmas (2.2s)
✔ [1262/1492] Built Mathlib.Data.Set.Finite.Basic (4.5s)
✔ [1263/1492] Built Mathlib.Data.Finset.Powerset (3.5s)
✔ [1264/1492] Built Mathlib.Algebra.Order.Nonneg.Ring (3.5s)
✔ [1265/1492] Built Mathlib.Data.Finset.NoncommProd (4.3s)
✔ [1266/1492] Built Mathlib.Algebra.BigOperators.Group.Finset.Piecewise (4.3s)
✔ [1267/1492] Built Mathlib.Algebra.BigOperators.Group.Finset.Sigma (3.2s)
✔ [1268/1492] Built Mathlib.Algebra.Ring.Submonoid.Basic (1.7s)
✔ [1269/1492] Built Mathlib.Order.SupIndep (4.8s)
✔ [1270/1495] Built Mathlib.Order.Filter.AtTopBot.Tendsto (1.0s)
✔ [1271/1495] Built Mathlib.Algebra.Group.Submonoid.MulOpposite (2.6s)
✔ [1272/1495] Built Mathlib.Data.Fintype.Sigma (5.3s)
✔ [1273/1495] Built Mathlib.Data.Countable.Basic (2.2s)
✔ [1274/1495] Built Mathlib.Order.SuccPred.Limit (4.0s)
✔ [1275/1495] Built Mathlib.Algebra.Group.Pointwise.Set.ListOfFn (2.3s)
✔ [1276/1495] Built Mathlib.Logic.Encodable.Basic (2.9s)
✔ [1277/1495] Built Mathlib.Data.Finset.Preimage (2.8s)
✔ [1278/1495] Built Mathlib.Data.Fintype.Pi (3.0s)
✔ [1279/1495] Built Mathlib.Algebra.Notation.FiniteSupport (2.2s)
✔ [1280/1495] Built Mathlib.Order.Preorder.Finite (2.5s)
✔ [1281/1495] Built Mathlib.Data.Fintype.Powerset (2.3s)
✔ [1282/1495] Built Mathlib.Data.Finsupp.Defs (3.6s)
✔ [1283/1495] Built Mathlib.Data.Set.Finite.Powerset (2.1s)
✔ [1284/1495] Built Mathlib.Algebra.Ring.Action.Rat (2.1s)
✔ [1285/1498] Built Mathlib.Algebra.Order.Nonneg.Field (3.5s)
✔ [1286/1498] Built Mathlib.Algebra.Group.Submonoid.Operations (9.8s)
✔ [1287/1498] Built Mathlib.Algebra.Group.Submonoid.BigOperators (3.2s)
✔ [1288/1498] Built Mathlib.Algebra.BigOperators.Pi (3.5s)
✔ [1289/1498] Built Mathlib.Data.DFinsupp.Defs (7.3s)
✔ [1290/1498] Built Mathlib.Order.Filter.AtTopBot.Basic (3.6s)
✔ [1291/1498] Built Mathlib.Order.SuccPred.InitialSeg (2.2s)
✔ [1292/1498] Built Mathlib.Order.SuccPred.CompleteLinearOrder (2.5s)
✔ [1293/1498] Built Mathlib.Algebra.Group.Subgroup.MulOpposite (2.9s)
✔ [1294/1498] Built Mathlib.Algebra.BigOperators.Group.Finset.Preimage (2.4s)
✔ [1295/1498] Built Mathlib.Logic.Denumerable (3.0s)
✔ [1296/1498] Built Mathlib.Algebra.Order.BigOperators.Group.Finset (6.3s)
✔ [1297/1498] Built Mathlib.Algebra.Order.SuccPred (3.9s)
✔ [1298/1498] Built Mathlib.Data.Fintype.Vector (2.3s)
✔ [1299/1498] Built Mathlib.Algebra.BigOperators.Group.Finset.Pi (2.5s)
✔ [1300/1500] Built Mathlib.Data.Finite.Prod (3.0s)
✔ [1301/1500] Built Mathlib.Data.Set.Finite.Lemmas (2.3s)
✔ [1302/1500] Built Mathlib.Algebra.Order.Field.Rat (2.2s)
✔ [1303/1500] Built Mathlib.Data.Finsupp.Single (3.4s)
✔ [1304/1500] Built Mathlib.Data.Rat.Cast.Lemmas (2.4s)
✔ [1305/1500] Built Mathlib.Data.Set.Finite.Lattice (3.8s)
✔ [1306/1500] Built Mathlib.Order.Interval.Finset.Defs (6.4s)
✔ [1307/1500] Built Mathlib.Data.Multiset.Sort (2.5s)
✔ [1308/1500] Built Mathlib.Algebra.Group.Submonoid.Finite (2.1s)
✔ [1309/1500] Built Mathlib.Data.DFinsupp.Ext (2.4s)
✔ [1310/1500] Built Mathlib.GroupTheory.Congruence.Basic (3.5s)
✔ [1311/1500] Built Mathlib.Data.DFinsupp.Module (3.2s)
✔ [1312/1501] Built Mathlib.GroupTheory.Submonoid.Center (3.6s)
✔ [1313/1501] Built Mathlib.Algebra.Group.Submonoid.Membership (5.8s)
✔ [1314/1501] Built Mathlib.SetTheory.Cardinal.Order (4.1s)
✔ [1315/1501] Built Mathlib.GroupTheory.Coset.Defs (3.3s)
✔ [1316/1501] Built Mathlib.Logic.Equiv.List (2.8s)
✔ [1317/1501] Built Mathlib.Algebra.Group.Subgroup.Lattice (6.2s)
✔ [1318/1501] Built Mathlib.Order.IsNormal (3.9s)
✔ [1319/1501] Built Mathlib.Data.Nat.SuccPred (2.8s)
✔ [1320/1501] Built Mathlib.Data.Fintype.BigOperators (3.9s)
✔ [1321/1501] Built Mathlib.Data.Finsupp.Indicator (2.5s)
✔ [1322/1501] Built Mathlib.Algebra.Group.Pointwise.Set.Finite (3.2s)
✔ [1323/1501] Built Mathlib.Algebra.BigOperators.Ring.Finset (3.9s)
✔ [1324/1501] Built Mathlib.Data.Finset.NAry (4.3s)
✔ [1325/1501] Built Mathlib.Algebra.Group.Finsupp (5.1s)
✔ [1326/1501] Built Mathlib.Data.Rat.Cast.Order (5.3s)
✔ [1327/1501] Built Mathlib.Tactic.NormNum.OfScientific (2.0s)
✔ [1328/1501] Built Mathlib.Order.ConditionallyCompleteLattice.Finset (3.6s)
✔ [1329/1501] Built Mathlib.Order.SuccPred.LinearLocallyFinite (4.2s)
✔ [1330/1501] Built Mathlib.GroupTheory.MonoidLocalization.Basic (15s)
✔ [1331/1501] Built Mathlib.Algebra.Order.Interval.Finset.Basic (2.9s)
✔ [1332/1501] Built Mathlib.Algebra.Order.Antidiag.Prod (3.2s)
✔ [1333/1501] Built Mathlib.Order.Interval.Finset.SuccPred (4.5s)
✔ [1334/1501] Built Mathlib.GroupTheory.Submonoid.Centralizer (2.4s)
✔ [1335/1503] Built Mathlib.Algebra.Module.Congruence.Defs (3.5s)
✔ [1336/1503] Built Mathlib.Data.Finset.Sort (4.9s)
✔ [1337/1503] Built Mathlib.Data.DFinsupp.Sigma (3.3s)
✔ [1338/1503] Built Mathlib.RingTheory.Congruence.Basic (4.1s)
✔ [1339/1503] Built Mathlib.Algebra.BigOperators.Finprod (11s)
✔ [1340/1503] Built Mathlib.Data.Set.Countable (2.5s)
✔ [1341/1503] Built Mathlib.Order.Interval.Finset.Basic (10s)
✔ [1342/1503] Built Mathlib.Data.Finsupp.Fintype (2.4s)
✔ [1343/1503] Built Mathlib.Algebra.GroupWithZero.NonZeroDivisors (4.4s)
✔ [1344/1503] Built Mathlib.Data.Finsupp.SMulWithZero (2.9s)
✔ [1345/1503] Built Mathlib.Data.Finsupp.Ext (2.8s)
✔ [1346/1509] Built Mathlib.Data.ENat.Basic (5.3s)
✔ [1347/1509] Built Mathlib.RingTheory.NonUnitalSubsemiring.Basic (6.1s)
✔ [1348/1509] Built Mathlib.Tactic.NormNum (2.8s)
✔ [1349/1509] Built Mathlib.Algebra.Group.Subgroup.Map (6.7s)
✔ [1350/1509] Built Mathlib.GroupTheory.MonoidLocalization.GrothendieckGroup (3.2s)
✔ [1351/1509] Built Mathlib.Data.Finset.NatAntidiagonal (2.0s)
✔ [1352/1509] Built Mathlib.Order.SupClosed (5.6s)
✔ [1353/1509] Built Mathlib.Algebra.BigOperators.GroupWithZero.Action (4.1s)
✔ [1354/1509] Built Mathlib.Order.Interval.Multiset (3.2s)
✔ [1355/1509] Built Mathlib.Algebra.Order.Interval.Finset.SuccPred (4.8s)
✔ [1356/1509] Built Mathlib.SetTheory.Cardinal.Basic (6.2s)
✔ [1357/1509] Built Mathlib.LinearAlgebra.GeneralLinearGroup.Basic (3.6s)
✔ [1358/1509] Built Mathlib.Tactic.Linarith (2.8s)
✔ [1359/1509] Built Mathlib.Data.ENat.Pow (3.0s)
✔ [1360/1509] Built Mathlib.Algebra.Group.Pointwise.Finset.Basic (11s)
✔ [1361/1509] Built Mathlib.Algebra.Group.Subgroup.ZPowers.Basic (3.3s)
✔ [1362/1509] Built Mathlib.Algebra.BigOperators.NatAntidiagonal (2.7s)
✔ [1363/1509] Built Mathlib.Algebra.Module.BigOperators (2.9s)
✔ [1364/1509] Built Mathlib.Algebra.BigOperators.Finsupp.Basic (7.8s)
✔ [1365/1509] Built Mathlib.Order.Sublattice (4.6s)
✔ [1366/1509] Built Mathlib.Algebra.Ring.Subsemiring.Basic (7.0s)
✔ [1367/1510] Built Mathlib.Order.Interval.Finset.Nat (3.0s)
✔ [1368/1510] Built Mathlib.Algebra.Group.Subgroup.Ker (6.3s)
✔ [1369/1510] Built Mathlib.SetTheory.Cardinal.ENat (4.2s)
✔ [1370/1510] Built Mathlib.Data.DFinsupp.BigOperators (6.7s)
✔ [1371/1510] Built Mathlib.Data.Nat.Lattice (2.0s)
✔ [1372/1510] Built Mathlib.Order.PartialSups (3.1s)
✔ [1373/1510] Built Mathlib.Algebra.Group.UniqueProds.Basic (6.7s)
✔ [1374/1510] Built Mathlib.SetTheory.Ordinal.Basic (9.1s)
✔ [1375/1511] Built Mathlib.Algebra.Group.Graph (4.6s)
✔ [1376/1513] Built Mathlib.Order.Interval.Finset.Fin (7.0s)
✔ [1377/1513] Built Mathlib.Algebra.Group.AddChar (6.6s)
✔ [1378/1513] Built Mathlib.Algebra.Order.Floor.Ring (10s)
✔ [1379/1513] Built Mathlib.Algebra.Group.Subgroup.Basic (7.3s)
✔ [1380/1513] Built Mathlib.SetTheory.Cardinal.ToNat (2.6s)
✔ [1381/1513] Built Mathlib.Data.DFinsupp.Submonoid (2.6s)
✔ [1382/1513] Built Mathlib.Algebra.Order.SuccPred.PartialSups (2.5s)
✔ [1383/1516] Built Mathlib.Data.Finsupp.Basic (11s)
✔ [1384/1516] Built Mathlib.Order.OrderIsoNat (2.8s)
✔ [1385/1516] Built Mathlib.GroupTheory.QuotientGroup.Defs (5.5s)
✔ [1386/1516] Built Mathlib.Tactic.SuppressCompilation (1.3s)
✔ [1387/1516] Built Mathlib.Algebra.Group.Action.TransferInstance (1.0s)
✔ [1388/1516] Built Mathlib.Data.Fintype.Fin (2.2s)
✔ [1389/1516] Built Mathlib.Order.Disjointed (3.1s)
✔ [1390/1519] Built Mathlib.GroupTheory.FreeGroup.Basic (8.1s)
✔ [1391/1520] Built Mathlib.Algebra.Order.Round (4.4s)
✔ [1392/1520] Built Mathlib.GroupTheory.Subgroup.Center (3.0s)
✔ [1393/1520] Built Mathlib.SetTheory.Ordinal.Arithmetic (5.9s)
✔ [1394/1520] Built Mathlib.Algebra.Group.Subgroup.MulOppositeLemmas (3.3s)
✔ [1395/1520] Built Mathlib.SetTheory.Cardinal.Finite (3.5s)
✔ [1396/1520] Built Mathlib.GroupTheory.Coset.Basic (6.3s)
✔ [1397/1520] Built Mathlib.Order.WellQuasiOrder (2.4s)
✔ [1398/1520] Built Mathlib.Data.Finsupp.SMul (3.2s)
✔ [1399/1520] Built Mathlib.Data.Finsupp.Option (3.2s)
✔ [1400/1520] Built Mathlib.Algebra.GroupWithZero.Action.TransferInstance (2.2s)
✔ [1401/1520] Built Mathlib.Algebra.Ring.Subring.Basic (8.3s)
✔ [1402/1520] Built Mathlib.Algebra.Group.Shrink (3.1s)
✔ [1403/1520] Built Mathlib.Order.CompactlyGenerated.Basic (4.4s)
✔ [1404/1520] Built Mathlib.Algebra.Order.BigOperators.Group.LocallyFinite (3.1s)
✔ [1405/1520] Built Mathlib.Algebra.Group.Pointwise.Set.BigOperators (2.8s)
✔ [1406/1520] Built Mathlib.Algebra.Group.Subgroup.Actions (2.4s)
✔ [1407/1520] Built Mathlib.GroupTheory.Subgroup.Centralizer (2.9s)
✔ [1408/1520] Built Mathlib.Data.Rat.Floor (5.4s)
✔ [1409/1520] Built Mathlib.Data.Finite.Card (2.5s)
✔ [1410/1520] Built Mathlib.Algebra.MonoidAlgebra.Defs (10s)
✔ [1411/1520] Built Mathlib.SetTheory.Ordinal.Family (5.2s)
✔ [1412/1520] Built Mathlib.Algebra.BigOperators.Fin (8.6s)
✔ [1413/1520] Built Mathlib.LinearAlgebra.Finsupp.SumProd (3.1s)
✔ [1414/1520] Built Mathlib.Data.Finsupp.ToDFinsupp (3.8s)
✔ [1415/1520] Built Mathlib.Order.WellFoundedSet (5.1s)
✔ [1416/1520] Built Mathlib.Algebra.Module.TransferInstance (3.5s)
✔ [1417/1524] Built Mathlib.Algebra.BigOperators.Intervals (3.4s)
✔ [1418/1524] Built Mathlib.LinearAlgebra.Finsupp.Defs (6.3s)
✔ [1419/1526] Built Mathlib.GroupTheory.GroupAction.ConjAct (3.5s)
✔ [1420/1526] Built Mathlib.Data.Set.Card (8.5s)
✔ [1421/1526] Built Mathlib.GroupTheory.Commutator.Basic (3.7s)
✔ [1422/1526] Built Mathlib.Algebra.Group.Subgroup.Finite (3.7s)
✔ [1423/1526] Built Mathlib.Algebra.MonoidAlgebra.Opposite (3.3s)
✔ [1424/1526] Built Mathlib.Algebra.MonoidAlgebra.Lift (2.9s)
✔ [1425/1527] Built Mathlib.SetTheory.Ordinal.Enum (2.0s)
✔ [1426/1528] Built Mathlib.SetTheory.Ordinal.Exponential (3.7s)
✔ [1427/1528] Built Mathlib.Data.Fin.Tuple.Reflection (3.4s)
✔ [1428/1528] Built Mathlib.Algebra.Module.Shrink (2.4s)
✔ [1429/1528] Built Mathlib.Algebra.Order.Archimedean.Basic (7.4s)
✔ [1430/1528] Built Mathlib.Algebra.GroupWithZero.Pointwise.Set.Basic (2.2s)
✔ [1431/1528] Built Mathlib.GroupTheory.GroupAction.SubMulAction (8.5s)
✔ [1432/1530] Built Mathlib.Algebra.Group.Submonoid.Pointwise (4.1s)
✔ [1433/1530] Built Mathlib.Algebra.Order.Group.Action (1.7s)
✔ [1434/1532] Built Mathlib.GroupTheory.Abelianization.Defs (2.7s)
✔ [1435/1532] Built Mathlib.Data.Nat.Choose.Sum (3.5s)
✔ [1436/1532] Built Mathlib.Algebra.MonoidAlgebra.NoZeroDivisors (2.7s)
✔ [1437/1532] Built Mathlib.Algebra.Ring.NonZeroDivisors (2.6s)
✔ [1438/1533] Built Mathlib.SetTheory.Ordinal.FixedPoint (3.2s)
✔ [1439/1533] Built Mathlib.Algebra.GroupWithZero.Action.Pointwise.Set (3.3s)
✔ [1440/1533] Built Mathlib.SetTheory.Cardinal.Aleph (4.5s)
✔ [1441/1533] Built Mathlib.Algebra.Ring.Submonoid.Pointwise (3.7s)
✔ [1442/1535] Built Mathlib.Data.Fintype.Lattice (2.3s)
✔ [1443/1536] Built Mathlib.Algebra.Order.Kleene (4.2s)
✔ [1444/1536] Built Mathlib.Algebra.Module.Submodule.Defs (5.2s)
✔ [1445/1536] Built Mathlib.Algebra.Group.Subgroup.Pointwise (4.8s)
✔ [1446/1537] Built Mathlib.Algebra.AddConstMap.Basic (6.5s)
✔ [1447/1537] Built Mathlib.GroupTheory.GroupAction.SubMulAction.Pointwise (3.4s)
✔ [1448/1537] Built Mathlib.Algebra.GroupWithZero.Submonoid.Pointwise (2.8s)
✔ [1449/1537] Built Mathlib.GroupTheory.FreeAbelianGroup (5.3s)
✔ [1450/1537] Built Mathlib.RingTheory.Nilpotent.Defs (2.4s)
✔ [1451/1538] Built Mathlib.Data.Set.Semiring (3.3s)
✔ [1452/1538] Built Mathlib.Algebra.Module.Submodule.Basic (2.0s)
✔ [1453/1538] Built Mathlib.SetTheory.Cardinal.Arithmetic (3.9s)
✔ [1454/1539] Built Mathlib.RingTheory.Coprime.Basic (3.0s)
✔ [1455/1539] Built Mathlib.RingTheory.Ideal.Defs (2.6s)
✔ [1456/1539] Built Mathlib.Algebra.Module.Submodule.Lattice (4.0s)
✔ [1457/1540] Built Mathlib.Algebra.Module.Submodule.LinearMap (4.5s)
✔ [1458/1540] Built Mathlib.LinearAlgebra.Quotient.Defs (4.3s)
✔ [1459/1544] Built Mathlib.Algebra.AddConstMap.Equiv (2.9s)
✔ [1460/1546] Built Mathlib.Algebra.FreeAbelianGroup.Finsupp (2.3s)
✔ [1461/1546] Built Mathlib.Algebra.GroupWithZero.Subgroup (2.6s)
✔ [1462/1548] Built Mathlib.Tactic.Order.CollectFacts (4.4s)
✔ [1463/1548] Built Mathlib.GroupTheory.Finiteness (4.8s)
✔ [1464/1548] Built Mathlib.RingTheory.Coprime.Lemmas (3.3s)
✔ [1465/1548] Built Mathlib.SetTheory.Cardinal.Cofinality (3.6s)
✔ [1466/1548] Built Mathlib.RingTheory.Ideal.Lattice (2.8s)
✔ [1467/1548] Built Mathlib.GroupTheory.QuotientGroup.Basic (6.2s)
✔ [1468/1548] Built Mathlib.Algebra.Module.Submodule.RestrictScalars (3.4s)
✔ [1469/1548] Built Mathlib.LinearAlgebra.Quotient.Card (2.3s)
✔ [1470/1548] Built Mathlib.Tactic.Order.Preprocessing (2.4s)
✔ [1471/1548] Built Mathlib.Tactic.Order.ToInt (2.6s)
✔ [1472/1549] Built Mathlib.RingTheory.Ideal.Quotient.Defs (3.7s)
✔ [1473/1549] Built Mathlib.Tactic.Order.Graph.Basic (2.2s)
✔ [1474/1550] Built Mathlib.LinearAlgebra.Span.Defs (6.3s)
✔ [1475/1550] Built Mathlib.LinearAlgebra.Finsupp.LSum (5.6s)
✔ [1476/1550] Built Mathlib.GroupTheory.MonoidLocalization.Finite (2.5s)
✔ [1477/1553] Built Mathlib.Algebra.AffineMonoid.Basic (2.4s)
✔ [1478/1553] Built Mathlib.Algebra.Module.Submodule.Map (7.5s)
✔ [1479/1553] Built Mathlib.SetTheory.Cardinal.Regular (3.3s)
✔ [1480/1553] Built Mathlib.Tactic.Order.Graph.Tarjan (1.9s)
✔ [1481/1561] Built Mathlib.GroupTheory.QuotientGroup.Finite (2.6s)
✔ [1482/1561] Built Mathlib.RingTheory.Ideal.Prime (2.7s)
✔ [1483/1562] Built Mathlib.Algebra.EuclideanDomain.Field (2.4s)
✔ [1484/1565] Built Mathlib.Algebra.Ring.Associated (1.0s)
✔ [1485/1570] Built Mathlib.Algebra.EuclideanDomain.Basic (3.3s)
✔ [1486/1571] Built Mathlib.Algebra.GroupWithZero.Submonoid.Primal (2.1s)
✔ [1487/1571] Built Mathlib.SetTheory.Cardinal.Pigeonhole (2.6s)
✔ [1488/1576] Built Mathlib.Algebra.BigOperators.RingEquiv (2.1s)
✔ [1489/1576] Built Mathlib.Algebra.Module.Submodule.Invariant (3.3s)
✔ [1490/1579] Built Mathlib.Tactic.Order (3.7s)
✔ [1491/1579] Built Mathlib.Algebra.Module.Submodule.Ker (4.5s)
✔ [1492/1579] Built Mathlib.GroupTheory.DedekindFinite (2.5s)
✔ [1493/1579] Built Mathlib.RingTheory.UniqueFactorizationDomain.Defs (2.7s)
✔ [1494/1579] Built Mathlib.LinearAlgebra.Matrix.Defs (3.9s)
✔ [1495/1579] Built Mathlib.Order.Preorder.Finsupp (2.9s)
✔ [1496/1579] Built Mathlib.Algebra.Order.Group.Finset (3.5s)
✔ [1497/1579] Built Mathlib.Data.Set.UnionLift (2.7s)
✔ [1498/1589] Built Mathlib.Algebra.Module.Submodule.IterateMapComap (2.7s)
✔ [1499/1592] Built Mathlib.Algebra.Module.Submodule.EqLocus (2.9s)
✔ [1500/1592] Built Mathlib.Data.Matrix.Diagonal (3.6s)
✔ [1501/1599] Built Mathlib.Data.Finsupp.Multiset (3.8s)
✔ [1502/1599] Built Mathlib.RingTheory.NonUnitalSubring.Basic (6.3s)
✔ [1503/1600] Built Mathlib.GroupTheory.Congruence.Opposite (2.7s)
✔ [1504/1602] Built Mathlib.Algebra.GCDMonoid.Basic (9.0s)
✔ [1505/1602] Built Mathlib.Algebra.Module.Submodule.Range (5.4s)
✔ [1506/1606] Built Mathlib.Algebra.Algebra.Basic (6.8s)
✔ [1507/1606] Built Mathlib.RingTheory.Congruence.Opposite (2.3s)
✔ [1508/1606] Built Mathlib.Data.Finite.Sum (2.5s)
✔ [1509/1606] Built Mathlib.SetTheory.Cardinal.Finsupp (2.7s)
✔ [1510/1607] Built Mathlib.Algebra.Ring.Aut (2.7s)
✔ [1511/1612] Built Mathlib.Algebra.DirectSum.Basic (6.4s)
✔ [1512/1613] Built Mathlib.LinearAlgebra.Finsupp.Supported (4.2s)
✔ [1513/1620] Built Mathlib.Algebra.Field.Opposite (3.1s)
✔ [1514/1622] Built Mathlib.RingTheory.TwoSidedIdeal.Basic (4.2s)
✔ [1515/1623] Built Mathlib.Algebra.Module.Submodule.Equiv (5.7s)
✔ [1516/1623] Built Mathlib.Algebra.Star.Basic (4.5s)
✔ [1517/1623] Built Mathlib.Algebra.Module.Rat (3.6s)
✔ [1518/1623] Built Mathlib.Algebra.Algebra.Hom (6.2s)
✔ [1519/1623] Built Mathlib.Data.Matrix.Mul (9.3s)
✔ [1520/1625] Built Mathlib.Algebra.FreeAbelianGroup.UniqueSums (2.3s)
✔ [1521/1625] Built Mathlib.Algebra.AffineMonoid.Irreducible (3.6s)
✔ [1522/1626] Built Mathlib.Algebra.MonoidAlgebra.Module (4.6s)
✔ [1523/1626] Built Mathlib.RingTheory.TwoSidedIdeal.Lattice (2.0s)
✔ [1524/1626] Built Mathlib.Algebra.Field.Equiv (1.0s)
✔ [1525/1626] Built Mathlib.Algebra.Star.Rat (2.2s)
✔ [1526/1626] Built Mathlib.Algebra.Module.LinearMap.Star (2.3s)
✔ [1527/1626] Built Mathlib.Algebra.Order.GroupWithZero.Submonoid (2.0s)
✔ [1528/1626] Built Mathlib.LinearAlgebra.Span.Basic (7.1s)
✔ [1529/1626] Built Mathlib.Algebra.Field.Subfield.Defs (4.3s)
✔ [1530/1628] Built Mathlib.RingTheory.TwoSidedIdeal.Kernel (2.4s)
✔ [1531/1628] Built Mathlib.LinearAlgebra.Finsupp.LinearCombination (7.5s)
✔ [1532/1628] Built Mathlib.RingTheory.SimpleRing.Defs (2.2s)
✔ [1533/1628] Built Mathlib.Algebra.Algebra.NonUnitalHom (8.1s)
✔ [1534/1628] Built Mathlib.Algebra.Polynomial.Basic (7.7s)
✔ [1535/1628] Built Mathlib.LinearAlgebra.Finsupp.Span (2.0s)
✔ [1536/1628] Built Mathlib.Algebra.Algebra.Equiv (9.3s)
✔ [1537/1628] Built Mathlib.RingTheory.Ideal.Span (3.0s)
✔ [1538/1633] Built Mathlib.Algebra.Star.SelfAdjoint (5.3s)
✔ [1539/1633] Built Mathlib.RingTheory.OreLocalization.Basic (3.2s)
✔ [1540/1633] Built Mathlib.Algebra.Module.Submodule.Pointwise (5.6s)
✔ [1541/1633] Built Mathlib.RingTheory.SimpleRing.Basic (2.4s)
✔ [1542/1633] Built Mathlib.LinearAlgebra.BilinearMap (14s)
✔ [1543/1634] Built Mathlib.Algebra.Algebra.Prod (3.1s)
✔ [1544/1634] Built Mathlib.RingTheory.Ideal.Maximal (3.5s)
✔ [1545/1634] Built Mathlib.Algebra.Star.BigOperators (2.5s)
✔ [1546/1634] Built Mathlib.Algebra.Algebra.Opposite (4.9s)
✔ [1547/1634] Built Mathlib.Algebra.Algebra.Tower (5.1s)
✔ [1548/1634] Built Mathlib.LinearAlgebra.Basis.Defs (7.8s)
✔ [1549/1635] Built Mathlib.RingTheory.OreLocalization.NonZeroDivisors (2.5s)
✔ [1550/1635] Built Mathlib.LinearAlgebra.LinearIndependent.Defs (8.4s)
✔ [1551/1635] Built Mathlib.GroupTheory.MonoidLocalization.MonoidWithZero (3.0s)
✔ [1552/1635] Built Mathlib.Algebra.Module.Submodule.Bilinear (3.3s)
✔ [1553/1635] Built Mathlib.Algebra.Field.Subfield.Basic (5.0s)
✔ [1554/1635] Built Mathlib.RingTheory.Ideal.Basic (3.5s)
✔ [1555/1635] Built Mathlib.RingTheory.Ideal.Nonunits (2.8s)
✔ [1556/1636] Built Mathlib.Algebra.Algebra.Pi (3.5s)
✔ [1557/1636] Built Mathlib.LinearAlgebra.Dual.Defs (6.6s)
✔ [1558/1636] Built Mathlib.Algebra.Algebra.RestrictScalars (3.5s)
✔ [1559/1636] Built Mathlib.Tactic.Algebraize (3.8s)
✔ [1560/1636] Built Mathlib.LinearAlgebra.Basis.Cardinality (3.6s)
✔ [1561/1639] Built Mathlib.Algebra.Algebra.NonUnitalSubalgebra (15s)
✔ [1562/1644] Built Mathlib.RingTheory.OreLocalization.Ring (5.1s)
✔ [1563/1645] Built Mathlib.Algebra.FreeMonoid.UniqueProds (2.0s)
✔ [1564/1645] Built Mathlib.LinearAlgebra.Prod (11s)
✔ [1565/1647] Built Mathlib.RingTheory.Finiteness.Defs (2.8s)
✔ [1566/1647] Built Mathlib.Algebra.Algebra.Field (2.1s)
✔ [1567/1647] Built Mathlib.LinearAlgebra.LinearIndependent.Basic (7.2s)
✔ [1568/1648] Built Mathlib.Algebra.MonoidAlgebra.MapDomain (6.6s)
✔ [1569/1648] Built Mathlib.Tactic.Module (13s)
✔ [1570/1648] Built Mathlib.Algebra.Star.Module (4.8s)
✔ [1571/1648] Built Mathlib.RingTheory.Finiteness.Bilinear (2.7s)
✔ [1572/1650] Built Mathlib.Algebra.Algebra.Rat (2.4s)
✔ [1573/1652] Built Mathlib.RingTheory.Localization.Defs (9.1s)
✔ [1574/1652] Built Mathlib.Algebra.Algebra.IsSimpleRing (2.4s)
✔ [1575/1655] Built Mathlib.LinearAlgebra.Basis.Basic (3.5s)
✔ [1576/1655] Built Mathlib.Algebra.Algebra.Subalgebra.Basic (11s)
✔ [1577/1655] Built Mathlib.Algebra.Algebra.Hom.Rat (2.3s)
✔ [1578/1655] Built Mathlib.LinearAlgebra.Pi (7.3s)
✔ [1579/1655] Built Mathlib.Algebra.Ring.TransferInstance (2.8s)
✔ [1580/1655] Built Mathlib.Algebra.Star.Pointwise (2.4s)
✔ [1581/1655] Built Mathlib.RingTheory.AlgebraTower (4.1s)
✔ [1582/1655] Built Mathlib.LinearAlgebra.Dimension.Basic (4.5s)
✔ [1583/1655] Built Mathlib.LinearAlgebra.Basis.SMul (4.1s)
✔ [1584/1655] Built Mathlib.LinearAlgebra.FreeModule.Basic (3.0s)
✔ [1585/1655] Built Mathlib.LinearAlgebra.Basis.Submodule (4.8s)
✔ [1586/1655] Built Mathlib.Algebra.MonoidAlgebra.Basic (10s)
✔ [1587/1655] Built Mathlib.Tactic.NoncommRing (2.4s)
✔ [1588/1655] Built Mathlib.LinearAlgebra.Basis.Fin (3.1s)
✔ [1589/1655] Built Mathlib.RingTheory.Localization.Basic (9.8s)
✔ [1590/1655] Built Mathlib.Algebra.Ring.Shrink (2.6s)
✔ [1591/1655] Built Mathlib.LinearAlgebra.Finsupp.Pi (4.6s)
✔ [1592/1655] Built Mathlib.RingTheory.Finiteness.Basic (5.4s)
✔ [1593/1655] Built Mathlib.Algebra.Algebra.TransferInstance (2.9s)
✔ [1594/1655] Built Mathlib.LinearAlgebra.Dimension.Subsingleton (2.7s)
✔ [1595/1657] Built Mathlib.LinearAlgebra.Dimension.Finrank (2.8s)
✔ [1596/1658] Built Mathlib.LinearAlgebra.LinearIndependent.Lemmas (9.5s)
✔ [1597/1658] Built Mathlib.LinearAlgebra.Basis.Prod (2.8s)
✔ [1598/1662] Built Mathlib.LinearAlgebra.Quotient.Basic (7.7s)
✔ [1599/1664] Built Mathlib.RingTheory.Noetherian.Defs (2.8s)
✔ [1600/1664] Built Mathlib.Algebra.Algebra.Shrink (2.2s)
✔ [1601/1664] Built Mathlib.Algebra.Star.Center (2.4s)
✔ [1602/1664] Built Mathlib.Algebra.Star.StarRingHom (3.6s)
✔ [1603/1664] Built Mathlib.Algebra.Star.Prod (2.1s)
✔ [1604/1664] Built Mathlib.Data.Matrix.Basic (13s)
✔ [1605/1664] Built Mathlib.RingTheory.Finiteness.Finsupp (2.0s)
✔ [1606/1664] Built Mathlib.RingTheory.Localization.FractionRing (8.1s)
✔ [1607/1666] Built Mathlib.Algebra.Group.Pi.Units (1.6s)
✔ [1608/1669] Built Mathlib.LinearAlgebra.TensorProduct.Basic (33s)
✔ [1609/1669] Built Mathlib.RingTheory.Ideal.Quotient.Basic (4.4s)
✔ [1610/1670] Built Mathlib.Tactic.ContinuousFunctionalCalculus (1.7s)
✔ [1611/1670] Built Mathlib.Algebra.Order.Group.Opposite (2.4s)
✔ [1612/1670] Built Mathlib.LinearAlgebra.DFinsupp (9.2s)
✔ [1613/1671] Built Mathlib.LinearAlgebra.Isomorphisms (6.1s)
✔ [1614/1671] Built Mathlib.Data.Matrix.Basis (5.3s)
✔ [1615/1671] Built Mathlib.Algebra.Star.TensorProduct (3.9s)
✔ [1616/1673] Built Mathlib.Algebra.Star.StarProjection (2.4s)
✔ [1617/1673] Built Mathlib.Algebra.Algebra.Bilinear (4.0s)
✔ [1618/1678] Built Mathlib.LinearAlgebra.Projection (10s)
✔ [1619/1678] Built Mathlib.Data.Matrix.Composition (3.5s)
✔ [1620/1679] Built Mathlib.Algebra.Star.StarAlgHom (10s)
✔ [1621/1679] Built Mathlib.LinearAlgebra.Matrix.ConjTranspose (4.5s)
✔ [1622/1679] Built Mathlib.Algebra.DirectSum.Module (7.4s)
✔ [1623/1679] Built Mathlib.Algebra.Order.Star.Basic (6.2s)
✔ [1624/1679] Built Mathlib.RingTheory.Finiteness.Lattice (2.7s)
✔ [1625/1679] Built Mathlib.LinearAlgebra.Finsupp.VectorSpace (3.0s)
✔ [1626/1681] Built Mathlib.Algebra.DirectSum.Finsupp (2.7s)
✔ [1627/1682] Built Mathlib.LinearAlgebra.Matrix.RowCol (3.7s)
✔ [1628/1682] Built Mathlib.Data.Matrix.Block (5.1s)
✔ [1629/1682] Built Mathlib.LinearAlgebra.StdBasis (4.3s)
✔ [1630/1682] Built Mathlib.LinearAlgebra.TensorProduct.Associator (16s)
✔ [1631/1685] Built Mathlib.Algebra.MonoidAlgebra.Support (3.2s)
✔ [1632/1685] Built Mathlib.LinearAlgebra.Matrix.StdBasis (2.0s)
✔ [1633/1685] Built Mathlib.Algebra.Algebra.Operations (12s)
✔ [1634/1685] Built Mathlib.Algebra.Polynomial.Eval.Defs (5.2s)
✔ [1635/1691] Built Mathlib.LinearAlgebra.Matrix.Notation (5.8s)
✔ [1636/1691] Built Mathlib.LinearAlgebra.LinearPMap (13s)
✔ [1637/1691] Built Mathlib.RingTheory.Finiteness.Cardinality (3.2s)
✔ [1638/1691] Built Mathlib.Data.Nat.Prime.Defs (2.8s)
✔ [1639/1691] Built Mathlib.Algebra.Polynomial.Eval.Algebra (2.7s)
✔ [1640/1691] Built Mathlib.Data.Nat.Cast.WithTop (1.0s)
✔ [1641/1692] Built Mathlib.Order.Filter.Extr (3.3s)
✔ [1642/1692] Built Mathlib.Algebra.Algebra.Subalgebra.Lattice (7.3s)
✔ [1643/1695] Built Mathlib.LinearAlgebra.FreeModule.Finite.Basic (3.1s)
✔ [1644/1697] Built Mathlib.RingTheory.OrzechProperty (3.3s)
✔ [1645/1697] Built Mathlib.Algebra.CharP.Defs (3.2s)
✔ [1646/1697] Built Mathlib.LinearAlgebra.Basis.VectorSpace (6.6s)
✔ [1647/1700] Built Mathlib.Algebra.Algebra.Subalgebra.Directed (3.3s)
✔ [1648/1700] Built Mathlib.Data.Nat.WithBot (1.8s)
✔ [1649/1702] Built Mathlib.Algebra.Algebra.Subalgebra.Tower (3.2s)
✔ [1650/1702] Built Mathlib.Algebra.FreeAlgebra (5.5s)
✔ [1651/1702] Built Mathlib.RingTheory.Ideal.Operations (13s)
✔ [1652/1707] Built Mathlib.Algebra.Polynomial.Monomial (2.7s)
✔ [1653/1709] Built Mathlib.Algebra.MonoidAlgebra.Degree (6.8s)
✔ [1654/1709] Built Mathlib.Algebra.Regular.Pow (2.2s)
✔ [1655/1709] Built Mathlib.Algebra.Polynomial.Coeff (4.3s)
✔ [1656/1709] Built Mathlib.Algebra.Notation.Lemmas (1.7s)
✔ [1657/1709] Built Mathlib.Data.Finsupp.Antidiagonal (2.6s)
✔ [1658/1709] Built Mathlib.RingTheory.UniqueFactorizationDomain.Ideal (2.7s)
✔ [1659/1709] Built Mathlib.Algebra.Algebra.Subalgebra.Prod (2.4s)
✔ [1660/1712] Built Mathlib.Algebra.Star.NonUnitalSubalgebra (27s)
✔ [1661/1712] Built Mathlib.Algebra.Polynomial.Degree.Definitions (4.2s)
✔ [1662/1715] Built Mathlib.Algebra.Order.Pi (2.7s)
✔ [1663/1715] Built Mathlib.Algebra.Polynomial.Eval.Coeff (3.3s)
✔ [1664/1715] Built Mathlib.RingTheory.Noetherian.UniqueFactorizationDomain (2.8s)
✔ [1665/1715] Built Mathlib.Order.PiLex (3.0s)
✔ [1666/1719] Built Mathlib.RingTheory.Adjoin.Basic (3.6s)
✔ [1667/1722] Built Mathlib.Algebra.Order.Group.PiLex (2.6s)
✔ [1668/1733] Built Mathlib.Data.DFinsupp.NeLocus (3.2s)
✔ [1669/1733] Built Mathlib.Data.Finsupp.Order (4.7s)
✔ [1670/1733] Built Mathlib.Data.DFinsupp.Order (5.2s)
✔ [1671/1733] Built Mathlib.RingTheory.Ideal.Maps (10s)
✔ [1672/1733] Built Mathlib.Algebra.Polynomial.Degree.Operations (5.7s)
✔ [1673/1733] Built Mathlib.Data.Finsupp.Fin (2.4s)
✔ [1674/1733] Built Mathlib.Algebra.Polynomial.Degree.Monomial (2.7s)
✔ [1675/1733] Built Mathlib.Algebra.Ring.GeomSum (4.2s)
✔ [1676/1733] Built Mathlib.Data.DFinsupp.Lex (4.5s)
✔ [1677/1735] Built Mathlib.RingTheory.Ideal.Prod (3.4s)
✔ [1678/1740] Built Mathlib.Algebra.Polynomial.Degree.SmallDegree (3.5s)
✔ [1679/1740] Built Mathlib.Algebra.Algebra.Spectrum.Basic (6.2s)
✔ [1680/1740] Built Mathlib.Algebra.Polynomial.Degree.Domain (3.2s)
✔ [1681/1740] Built Mathlib.Algebra.Polynomial.Degree.Support (3.0s)
✔ [1682/1740] Built Mathlib.LinearAlgebra.TensorProduct.Tower (31s)
✔ [1683/1741] Built Mathlib.Algebra.Algebra.Unitization (13s)
✔ [1684/1741] Built Mathlib.Algebra.BigOperators.Finsupp.Fin (2.5s)
✔ [1685/1741] Built Mathlib.Algebra.MvPolynomial.Basic (8.0s)
✔ [1686/1741] Built Mathlib.Algebra.Ring.Action.Submonoid (2.2s)
✔ [1687/1741] Built Mathlib.Data.Finsupp.Lex (3.7s)
✔ [1688/1741] Built Mathlib.Algebra.Ring.Fin (2.2s)
✔ [1689/1741] Built Mathlib.Algebra.Polynomial.Degree.Units (2.9s)
✔ [1690/1741] Built Mathlib.RingTheory.PrincipalIdealDomain (4.3s)
✔ [1691/1744] Built Mathlib.Algebra.Polynomial.Degree.TrailingDegree (3.0s)
✔ [1692/1744] Built Mathlib.RingTheory.Noetherian.Basic (5.1s)
✔ [1693/1744] Built Mathlib.Algebra.Algebra.Subalgebra.Matrix (2.9s)
✔ [1694/1748] Built Mathlib.Algebra.Algebra.Subalgebra.Operations (2.0s)
✔ [1695/1748] Built Mathlib.Algebra.Ring.Subsemiring.MulOpposite (2.8s)
✔ [1696/1748] Built Mathlib.Algebra.Polynomial.Eval.Degree (3.5s)
✔ [1697/1748] Built Mathlib.RingTheory.Noetherian.Orzech (3.4s)
✔ [1698/1748] Built Mathlib.Algebra.Order.Monoid.Submonoid (2.5s)
✔ [1699/1748] Built Mathlib.LinearAlgebra.DirectSum.TensorProduct (7.4s)
✔ [1700/1751] Built Mathlib.Algebra.Algebra.Subalgebra.Pi (2.9s)
✔ [1701/1751] Built Mathlib.Algebra.Algebra.Spectrum.Quasispectrum (8.0s)
✔ [1702/1751] Built Mathlib.Algebra.Ring.Subring.MulOpposite (2.8s)
✔ [1703/1752] Built Mathlib.Algebra.MvPolynomial.Eval (7.8s)
✔ [1704/1752] Built Mathlib.Algebra.Polynomial.Degree.Lemmas (4.8s)
✔ [1705/1752] Built Mathlib.Algebra.Ring.Subsemiring.Order (2.6s)
✔ [1706/1752] Built Mathlib.Algebra.Ring.Subsemiring.Pointwise (3.6s)
✔ [1707/1752] Built Mathlib.LinearAlgebra.InvariantBasisNumber (5.3s)
✔ [1708/1753] Built Mathlib.Algebra.Algebra.Spectrum.Pi (4.0s)
✔ [1709/1753] Built Mathlib.Algebra.Algebra.StrictPositivity (4.6s)
✔ [1710/1753] Built Mathlib.Algebra.Polynomial.AlgebraMap (8.7s)
✔ [1711/1755] Built Mathlib.LinearAlgebra.DirectSum.Finsupp (7.6s)
✔ [1712/1755] Built Mathlib.Algebra.Algebra.Subalgebra.MulOpposite (4.0s)
✔ [1713/1755] Built Mathlib.Algebra.Algebra.Subalgebra.Order (2.8s)
✔ [1714/1755] Built Mathlib.Algebra.MvPolynomial.Rename (4.8s)
✔ [1715/1755] Built Mathlib.Algebra.Ring.Subring.Pointwise (3.8s)
✔ [1716/1755] Built Mathlib.Algebra.Polynomial.EraseLead (5.4s)
✔ [1717/1755] Built Mathlib.GroupTheory.GroupAction.Ring (2.2s)
✔ [1718/1755] Built Mathlib.RingTheory.TensorProduct.Basic (22s)
✔ [1719/1758] Built Mathlib.RingTheory.Adjoin.Polynomial (3.0s)
✔ [1720/1758] Built Mathlib.LinearAlgebra.Dimension.StrongRankCondition (6.6s)
✔ [1721/1758] Built Mathlib.LinearAlgebra.TensorProduct.Basis (5.7s)
✔ [1722/1758] Built Mathlib.Algebra.Algebra.Subalgebra.Pointwise (3.2s)
✔ [1723/1758] Built Mathlib.Algebra.MvPolynomial.Degrees (5.4s)
✔ [1724/1758] Built Mathlib.Algebra.Polynomial.Reverse (4.3s)
✔ [1725/1758] Built Mathlib.Data.Int.ModEq (3.7s)
✔ [1726/1760] Built Mathlib.Data.Fintype.Units (2.9s)
✔ [1727/1761] Built Mathlib.RingTheory.Ideal.Quotient.Operations (23s)
✔ [1728/1762] Built Mathlib.LinearAlgebra.Dimension.Free (4.8s)
✔ [1729/1762] Built Mathlib.Algebra.MvPolynomial.Variables (3.2s)
✔ [1730/1762] Built Mathlib.Algebra.Module.Projective (4.4s)
✔ [1731/1762] Built Mathlib.Algebra.Star.Subalgebra (13s)
✔ [1732/1762] Built Mathlib.Algebra.CharP.Basic (2.6s)
✔ [1733/1762] Built Mathlib.Algebra.Polynomial.Monic (4.5s)
✔ [1734/1762] Built Mathlib.Algebra.GCDMonoid.Nat (2.7s)
✔ [1735/1762] Built Mathlib.Algebra.GCDMonoid.Multiset (3.4s)
✔ [1736/1762] Built Mathlib.Data.Nat.Prime.Basic (2.0s)
✔ [1737/1767] Built Mathlib.Algebra.MvPolynomial.Equiv (7.5s)
✔ [1738/1767] Built Mathlib.Algebra.MvPolynomial.CommRing (3.8s)
✔ [1739/1768] Built Mathlib.LinearAlgebra.FiniteDimensional.Defs (4.1s)
✔ [1740/1772] Built Mathlib.Algebra.GCDMonoid.Finset (3.3s)
✔ [1741/1772] Built Mathlib.Data.List.Permutation (3.4s)
✔ [1742/1775] Built Mathlib.Algebra.Polynomial.BigOperators (4.3s)
✔ [1743/1775] Built Mathlib.GroupTheory.Coset.Card (4.8s)
✔ [1744/1775] Built Mathlib.LinearAlgebra.Dimension.Constructions (8.2s)
✔ [1745/1775] Built Mathlib.Data.Finite.Sigma (2.5s)
✔ [1746/1777] Built Mathlib.Data.Fintype.List (2.7s)
✔ [1747/1780] Built Mathlib.Algebra.Algebra.Subalgebra.Unitization (8.3s)
✔ [1748/1780] Built Mathlib.Data.Nat.Log (3.3s)
✔ [1749/1780] Built Mathlib.Data.Nat.Prime.Pow (1.0s)
✔ [1750/1784] Built Mathlib.Data.List.Prime (2.6s)
✔ [1751/1784] Built Mathlib.LinearAlgebra.Dimension.FreeAndStrongRankCondition (4.9s)
✔ [1752/1784] Built Mathlib.LinearAlgebra.Dimension.Finite (5.8s)
✔ [1753/1784] Built Mathlib.GroupTheory.GroupAction.Basic (5.7s)
✔ [1754/1784] Built Mathlib.Data.Nat.Prime.Infinite (2.8s)
✔ [1755/1787] Built Mathlib.Algebra.IsPrimePow (3.1s)
✔ [1756/1787] Built Mathlib.RingTheory.Polynomial.Basic (8.7s)
✔ [1757/1790] Built Mathlib.Order.Interval.Set.Infinite (2.6s)
✔ [1758/1790] Built Mathlib.Data.Nat.Factors (3.5s)
✔ [1759/1790] Built Mathlib.Data.List.Cycle (8.7s)
✔ [1760/1790] Built Mathlib.Algebra.Polynomial.Cardinal (3.0s)
✔ [1761/1790] Built Mathlib.Data.Nat.Choose.Central (2.8s)
✔ [1762/1799] Built Mathlib.Algebra.Order.Ring.GeomSum (3.6s)
✔ [1763/1799] Built Mathlib.Data.Nat.PrimeFin (2.7s)
✔ [1764/1799] Built Mathlib.LinearAlgebra.Matrix.ToLin (21s)
✔ [1765/1799] Built Mathlib.RingTheory.Adjoin.FG (4.1s)
✔ [1766/1799] Built Mathlib.Data.Nat.Digits.Defs (4.3s)
✔ [1767/1799] Built Mathlib.Tactic.IntervalCases (5.1s)
✔ [1768/1802] Built Mathlib.Dynamics.PeriodicPts.Defs (4.5s)
✔ [1769/1802] Built Mathlib.RingTheory.Adjoin.Tower (5.7s)
✔ [1770/1802] Built Mathlib.RingTheory.Multiplicity (9.1s)
✔ [1771/1805] Built Mathlib.Data.Nat.Digits.Lemmas (5.1s)
✔ [1772/1805] Built Mathlib.RingTheory.TensorProduct.Maps (40s)
✔ [1773/1805] Built Mathlib.Dynamics.PeriodicPts.Lemmas (3.3s)
✔ [1774/1806] Built Mathlib.LinearAlgebra.FiniteDimensional.Basic (10s)
✔ [1775/1806] Built Mathlib.Algebra.Polynomial.Derivative (11s)
✔ [1776/1810] Built Mathlib.LinearAlgebra.FreeModule.PID (10s)
✔ [1777/1810] Built Mathlib.Algebra.MonoidAlgebra.Division (3.8s)
✔ [1778/1810] Built Mathlib.NumberTheory.Padics.PadicVal.Defs (2.2s)
✔ [1779/1810] Built Mathlib.NumberTheory.Divisors (12s)
✔ [1780/1811] Built Mathlib.GroupTheory.GroupAction.Quotient (6.3s)
✔ [1781/1811] Built Mathlib.RingTheory.Algebraic.Defs (3.3s)
✔ [1782/1811] Built Mathlib.Tactic.ComputeDegree (4.1s)
✔ [1783/1811] Built Mathlib.Algebra.Algebra.Subalgebra.Centralizer (4.7s)
✔ [1784/1816] Built Mathlib.RingTheory.Polynomial.Tower (3.2s)
✔ [1785/1816] Built Mathlib.Algebra.Polynomial.Inductions (3.6s)
✔ [1786/1822] Built Mathlib.RingTheory.TensorProduct.Finite (5.3s)
✔ [1787/1825] Built Mathlib.Algebra.AffineMonoid.Embedding (3.2s)
✔ [1788/1825] Built Mathlib.RingTheory.FiniteType (7.6s)
✔ [1789/1825] Built Mathlib.Data.Nat.Factorization.Defs (3.2s)
✔ [1790/1827] Built Mathlib.Algebra.Order.Group.MinMax (2.2s)
✔ [1791/1827] Built Mathlib.Algebra.Order.Module.Field (2.0s)
✔ [1792/1827] Built Mathlib.Algebra.Order.Group.Pointwise.Bounds (2.5s)
✔ [1793/1827] Built Mathlib.Tactic.Finiteness (2.5s)
✔ [1794/1831] Built Mathlib.Algebra.Order.AbsoluteValue.Basic (4.4s)
✔ [1795/1833] Built Mathlib.Algebra.AffineMonoid.UniqueSums (3.0s)
✔ [1796/1833] Built Mathlib.LinearAlgebra.FreeModule.StrongRankCondition (3.0s)
✔ [1797/1833] Built Mathlib.Algebra.Algebra.Epi (4.8s)
✔ [1798/1833] Built Mathlib.Algebra.Polynomial.Div (5.8s)
✔ [1799/1833] Built Mathlib.GroupTheory.Index (8.6s)
✔ [1800/1833] Built Mathlib.Data.Nat.Factorization.Basic (4.4s)
✔ [1801/1833] Built Mathlib.Data.Nat.Cast.Order.Field (2.8s)
✔ [1802/1838] Built Mathlib.Tactic.ProxyType (3.2s)
✔ [1803/1838] Built Mathlib.Algebra.Algebra.Subalgebra.IsSimpleOrder (3.3s)
✔ [1804/1838] Built Mathlib.Algebra.Order.BigOperators.GroupWithZero.List (1.8s)
✔ [1805/1839] Built Mathlib.Algebra.Polynomial.RingDivision (4.0s)
✔ [1806/1839] Built Mathlib.Algebra.Order.Group.Pointwise.CompleteLattice (7.2s)
✔ [1807/1840] Built Mathlib.Data.Nat.Choose.Factorization (3.4s)
✔ [1808/1840] Built Mathlib.Tactic.DeriveFintype (3.1s)
✔ [1809/1840] Built Mathlib.Algebra.Order.CauSeq.Basic (8.4s)
✔ [1810/1840] Built Mathlib.Algebra.Order.BigOperators.Ring.List (2.4s)
✔ [1811/1842] Built Mathlib.Algebra.Order.BigOperators.GroupWithZero.Multiset (2.1s)
✔ [1812/1842] Built Mathlib.Algebra.Group.EvenFunction (2.1s)
✔ [1813/1842] Built Mathlib.Algebra.Algebra.Subalgebra.Rank (8.2s)
✔ [1814/1843] Built Mathlib.Logic.Encodable.Lattice (2.2s)
✔ [1815/1843] Built Mathlib.Data.Nat.Multiplicity (3.5s)
✔ [1816/1843] Built Mathlib.Data.Sign.Defs (3.7s)
✔ [1817/1845] Built Mathlib.Order.Filter.Finite (3.3s)
✔ [1818/1845] Built Mathlib.Algebra.Order.BigOperators.Ring.Multiset (2.9s)
✔ [1819/1849] Built Mathlib.Algebra.BigOperators.Group.Finset.Indicator (2.0s)
✔ [1820/1849] Built Mathlib.Algebra.Order.CauSeq.Completion (5.4s)
✔ [1821/1849] Built Mathlib.Algebra.Polynomial.Roots (7.9s)
✔ [1822/1855] Built Mathlib.Order.Filter.AtTopBot.Finset (2.5s)
✔ [1823/1855] Built Mathlib.Order.Filter.Bases.Finite (2.4s)
✔ [1824/1855] Built Mathlib.Data.Sign.Basic (3.8s)
✔ [1825/1855] Built Mathlib.Algebra.CharP.Lemmas (4.6s)
✔ [1826/1855] Built Mathlib.Order.Filter.Ker (2.2s)
✔ [1827/1861] Built Mathlib.Order.Filter.CountablyGenerated (3.2s)
✔ [1828/1861] Built Mathlib.Order.Filter.Pi (3.6s)
✔ [1829/1861] Built Mathlib.GroupTheory.OrderOfElement (15s)
✔ [1830/1862] Built Mathlib.Order.Filter.Prod (5.1s)
✔ [1831/1862] Built Mathlib.Order.Filter.AtTopBot.Finite (3.4s)
✔ [1832/1862] Built Mathlib.Algebra.Order.BigOperators.Ring.Finset (6.7s)
✔ [1833/1868] Built Mathlib.Data.Real.Basic (5.5s)
✔ [1834/1868] Built Mathlib.Tactic.Continuity.Init (1.5s)
✔ [1835/1868] Built Mathlib.Algebra.CharP.Frobenius (3.5s)
✔ [1836/1873] Built Mathlib.Data.Set.Constructions (2.3s)
✔ [1837/1880] Built Mathlib.Order.Filter.Curry (1.8s)
✔ [1838/1881] Built Mathlib.Order.Filter.Cofinite (2.4s)
✔ [1839/1881] Built Mathlib.Order.Filter.AtTopBot.Prod (2.4s)
✔ [1840/1881] Built Mathlib.Tactic.Continuity (1.8s)
✔ [1841/1881] Built Mathlib.Order.Filter.Lift (3.1s)
✔ [1842/1888] Built Mathlib.Data.Set.Accumulate (2.9s)
✔ [1843/1888] Built Mathlib.Data.Real.Archimedean (4.3s)
✔ [1844/1892] Built Mathlib.Topology.Bornology.Basic (3.3s)
✔ [1845/1892] Built Mathlib.Data.ZMod.Basic (6.5s)
✔ [1846/1893] Built Mathlib.Order.Filter.AtTopBot.CountablyGenerated (3.0s)
✔ [1847/1895] Built Mathlib.Algebra.Polynomial.Expand (4.7s)
✔ [1848/1895] Built Mathlib.Topology.Defs.Basic (2.4s)
✔ [1849/1895] Built Mathlib.Order.ZornAtoms (2.4s)
✔ [1850/1895] Built Mathlib.Order.Filter.IsBounded (4.7s)
✔ [1851/1895] Built Mathlib.Tactic.TautoSet (1.9s)
✔ [1852/1895] Built Mathlib.Order.Filter.SmallSets (2.3s)
✔ [1853/1899] Built Mathlib.Topology.ContinuousMap.Defs (2.0s)
✔ [1854/1899] Built Mathlib.Algebra.Algebra.ZMod (2.6s)
✔ [1855/1899] Built Mathlib.Topology.Defs.Filter (2.8s)
✔ [1856/1910] Built Mathlib.Data.Set.Functor (2.5s)
✔ [1857/1910] Built Mathlib.Order.UpperLower.Fibration (2.1s)
✔ [1858/1911] Built Mathlib.Topology.Basic (2.4s)
✔ [1859/1911] Built Mathlib.Order.Filter.Ultrafilter.Defs (3.5s)
✔ [1860/1913] Built Mathlib.Data.NNReal.Defs (7.6s)
✔ [1861/1913] Built Mathlib.Order.Filter.CountableInter (3.5s)
✔ [1862/1913] Built Mathlib.Data.Set.Subset (2.0s)
✔ [1863/1913] Built Mathlib.Order.UpperLower.CompleteLattice (5.5s)
✔ [1864/1913] Built Mathlib.Topology.Defs.Induced (2.6s)
✔ [1865/1913] Built Mathlib.Order.LiminfLimsup (6.3s)
✔ [1866/1915] Built Mathlib.Topology.Defs.Ultrafilter (2.4s)
✔ [1867/1919] Built Mathlib.Topology.Closure (3.8s)
✔ [1868/1919] Built Mathlib.RingTheory.Algebraic.Basic (7.8s)
✔ [1869/1919] Built Mathlib.Order.Filter.Ultrafilter.Basic (2.8s)
✔ [1870/1926] Built Mathlib.Order.Filter.AtTopBot.BigOperators (2.3s)
✔ [1871/1932] Built Mathlib.Order.UpperLower.Principal (2.4s)
✔ [1872/1934] Built Mathlib.Data.Set.BoolIndicator (1.9s)
✔ [1873/1937] Built Mathlib.Order.SuccPred.Relation (2.3s)
✔ [1874/1937] Built Mathlib.Topology.Neighborhoods (2.9s)
✔ [1875/1937] Built Mathlib.Topology.Algebra.InfiniteSum.SummationFilter (4.6s)
✔ [1876/1944] Built Mathlib.Algebra.AlgebraicCard (3.5s)
✔ [1877/1944] Built Mathlib.Order.Filter.AtTopBot.Map (1.8s)
✔ [1878/1948] Built Mathlib.Data.ENNReal.Basic (5.8s)
✔ [1879/1949] Built Mathlib.Order.UpperLower.Closure (3.4s)
✔ [1880/1949] Built Mathlib.Order.Filter.NAry (2.6s)
✔ [1881/1953] Built Mathlib.Algebra.GroupWithZero.Indicator (2.1s)
✔ [1882/1962] Built Mathlib.Topology.ClusterPt (2.7s)
✔ [1883/1962] Built Mathlib.Topology.NhdsSet (2.8s)
✔ [1884/1962] Built Mathlib.Algebra.Group.Submonoid.Units (4.5s)
✔ [1885/1962] Built Mathlib.Data.ENNReal.Real (4.1s)
✔ [1886/1963] Built Mathlib.Order.Filter.AtTopBot.Monoid (2.9s)
✔ [1887/1963] Built Mathlib.Order.Filter.AtTopBot.CompleteLattice (2.7s)
✔ [1888/1963] Built Mathlib.Order.Interval.Set.Pi (4.1s)
✔ [1889/1968] Built Mathlib.Topology.Continuous (3.4s)
✔ [1890/1968] Built Mathlib.Order.OrdContinuous (3.1s)
✔ [1891/1968] Built Mathlib.Order.Filter.Interval (6.6s)
✔ [1892/1970] Built Mathlib.Data.Rel (12s)
✔ [1893/1970] Built Mathlib.Order.Filter.AtTopBot.Group (3.4s)
✔ [1894/1985] Built Mathlib.Topology.Ultrafilter (3.1s)
✔ [1895/1985] Built Mathlib.Algebra.Order.Group.Pointwise.Interval (10s)
✔ [1896/2001] Built Mathlib.Order.Filter.Pointwise (9.8s)
✔ [1897/2004] Built Mathlib.Topology.Separation.SeparatedNhds (3.5s)
✔ [1898/2004] Built Mathlib.Data.Rel.Separated (2.7s)
✔ [1899/2004] Built Mathlib.Order.Filter.AtTopBot.Ring (2.7s)
✔ [1900/2004] Built Mathlib.Data.ENNReal.Operations (8.0s)
✔ [1901/2004] Built Mathlib.Data.ENNReal.Lemmas (3.0s)
✔ [1902/2004] Built Mathlib.Topology.Bornology.Constructions (3.3s)
✔ [1903/2010] Built Mathlib.Topology.Order (4.0s)
✔ [1904/2010] Built Mathlib.Data.Rel.Cover (2.3s)
✔ [1905/2012] Built Mathlib.Algebra.Central.Defs (3.0s)
✔ [1906/2012] Built Mathlib.Algebra.Azumaya.Defs (4.4s)
✔ [1907/2012] Built Mathlib.Order.Filter.AtTopBot.Field (3.7s)
✔ [1908/2016] Built Mathlib.Topology.Order.Bornology (2.8s)
✔ [1909/2016] Built Mathlib.Topology.Maps.Basic (4.3s)
✔ [1910/2021] Built Mathlib.Algebra.Central.Basic (3.5s)
✔ [1911/2021] Built Mathlib.Data.EReal.Basic (6.1s)
✔ [1912/2022] Built Mathlib.Topology.UniformSpace.Defs (4.8s)
✔ [1913/2022] Built Mathlib.Data.DFinsupp.Small (3.1s)
✔ [1914/2023] Built Mathlib.Data.ENNReal.Inv (8.4s)
✔ [1915/2023] Built Mathlib.Order.DirectedInverseSystem (8.2s)
✔ [1916/2023] Built Mathlib.Algebra.Central.End (3.3s)
✔ [1917/2023] Built Mathlib.Topology.Homeomorph.Defs (4.7s)
✔ [1918/2023] Built Mathlib.LinearAlgebra.TensorProduct.Finiteness (4.4s)
✔ [1919/2023] Built Mathlib.Topology.UniformSpace.OfFun (2.6s)
✔ [1920/2023] Built Mathlib.RingTheory.MvPolynomial.Basic (3.6s)
✔ [1921/2027] Built Mathlib.Algebra.BigOperators.Associated (3.4s)
✔ [1922/2028] Built Mathlib.Algebra.Azumaya.Matrix (6.7s)
✔ [1923/2030] Built Mathlib.Algebra.Exact (12s)
✔ [1924/2031] Built Mathlib.Data.EReal.Operations (9.0s)
✔ [1925/2031] Built Mathlib.RingTheory.Adjoin.FGBaseChange (3.9s)
✔ [1926/2032] Built Mathlib.RingTheory.Finiteness.Small (3.7s)
✔ [1927/2033] Built Mathlib.Topology.Constructions.SumProd (6.4s)
✔ [1928/2034] Built Mathlib.Data.NNRat.Order (2.5s)
✔ [1929/2034] Built Mathlib.Data.Int.Interval (3.4s)
✔ [1930/2034] Built Mathlib.Algebra.BigOperators.Group.Finset.Powerset (2.7s)
✔ [1931/2034] Built Mathlib.Data.EReal.Inv (4.6s)
✔ [1932/2034] Built Mathlib.Algebra.BigOperators.Module (3.3s)
✔ [1933/2034] Built Mathlib.Algebra.BigOperators.ModEq (4.2s)
✔ [1934/2034] Built Mathlib.Topology.Algebra.Monoid.Defs (2.9s)
✔ [1935/2041] Built Mathlib.Algebra.BigOperators.Ring.Nat (3.7s)
✔ [1936/2042] Built Mathlib.Algebra.BigOperators.Group.Finset.Interval (3.4s)
✔ [1937/2043] Built Mathlib.Topology.Algebra.Group.Defs (3.5s)
✔ [1938/2047] Built Mathlib.Data.Sym.Sym2.Init (1.7s)
✔ [1939/2047] Built Mathlib.Algebra.Colimit.DirectLimit (16s)
✔ [1940/2051] Built Mathlib.Data.Finset.Density (5.8s)
✔ [1941/2055] Built Mathlib.Topology.Constructions (7.1s)
✔ [1942/2055] Built Mathlib.RingTheory.IsTensorProduct (22s)
✔ [1943/2055] Built Mathlib.LinearAlgebra.TensorProduct.RightExactness (11s)
✔ [1944/2055] Built Mathlib.CategoryTheory.Category.Init (1.4s)
✔ [1945/2055] Built Mathlib.Tactic.CategoryTheory.CategoryStar (967ms)
✔ [1946/2073] Built Mathlib.Algebra.BigOperators.WithTop (2.8s)
✔ [1947/2074] Built Mathlib.Data.Opposite (1.9s)
✔ [1948/2106] Built Mathlib.Logic.Lemmas (1.9s)
✔ [1949/2149] Built Mathlib.Algebra.BigOperators.Field (2.6s)
✔ [1950/2149] Built Mathlib.Topology.GDelta.Basic (3.0s)
✔ [1951/2149] Built Mathlib.Combinatorics.Quiver.Basic (2.3s)
✔ [1952/2152] Built Mathlib.CategoryTheory.ConcreteCategory.Bundled (1.3s)
✔ [1953/2158] Built Mathlib.Topology.NhdsWithin (4.8s)
✔ [1954/2158] Built Mathlib.Algebra.Group.Ext (3.0s)
✔ [1955/2158] Built Mathlib.Algebra.BigOperators.Expect (5.7s)
✔ [1956/2158] Built Mathlib.Data.Sym.Sym2 (6.8s)
✔ [1957/2158] Built Mathlib.Combinatorics.Quiver.Prefunctor (2.4s)
✔ [1958/2159] Built Mathlib.Topology.Baire.Lemmas (3.7s)
✔ [1959/2159] Built Mathlib.CategoryTheory.Category.Basic (4.1s)
✔ [1960/2159] Built Mathlib.Algebra.BigOperators.Balance (2.8s)
✔ [1961/2159] Built Mathlib.Combinatorics.Quiver.Push (1.0s)
✔ [1962/2159] Built Mathlib.Algebra.Colimit.Module (9.5s)
✔ [1963/2159] Built Mathlib.Data.Sym.Sym2.Order (3.2s)
✔ [1964/2159] Built Mathlib.Topology.ContinuousOn (4.9s)
✔ [1965/2159] Built Mathlib.Combinatorics.Quiver.Path (3.0s)
✔ [1966/2160] Built Mathlib.Algebra.Group.TypeTags.Finite (2.4s)
✔ [1967/2160] Built Mathlib.Data.List.Sym (5.3s)
✔ [1968/2160] Built Mathlib.Topology.Maps.OpenQuotient (2.8s)
✔ [1969/2160] Built Mathlib.Tactic.CategoryTheory.Slice (2.6s)
✔ [1970/2160] Built Mathlib.Topology.Bases (7.0s)
✔ [1971/2160] Built Mathlib.CategoryTheory.Functor.Basic (3.1s)
✔ [1972/2160] Built Mathlib.Algebra.Colimit.Finiteness (2.6s)
✔ [1973/2160] Built Mathlib.Topology.Order.LeftRight (2.6s)
✔ [1974/2160] Built Mathlib.Topology.Clopen (2.5s)
✔ [1975/2166] Built Mathlib.Topology.Piecewise (2.9s)
✔ [1976/2166] Built Mathlib.Topology.LocallyFinite (2.9s)
✔ [1977/2166] Built Mathlib.Topology.Order.LocalExtr (4.0s)
✔ [1978/2166] Built Mathlib.LinearAlgebra.TensorProduct.DirectLimit (5.0s)
✔ [1979/2166] Built Mathlib.Combinatorics.Quiver.Symmetric (2.3s)
✔ [1980/2166] Built Mathlib.Topology.UniformSpace.Basic (5.7s)
✔ [1981/2167] Built Mathlib.Data.Multiset.Sym (2.4s)
✔ [1982/2167] Built Mathlib.Tactic.CategoryTheory.Reassoc (2.6s)
✔ [1983/2167] Built Mathlib.Algebra.Group.Pointwise.Finset.Scalar (4.1s)
✔ [1984/2167] Built Mathlib.Order.Fin.Tuple (3.1s)
✔ [1985/2168] Built Mathlib.Algebra.Colimit.TensorProduct (3.0s)
✔ [1986/2168] Built Mathlib.Topology.Compactness.Compact (6.9s)
✔ [1987/2168] Built Mathlib.Topology.Inseparable (5.0s)
✔ [1988/2168] Built Mathlib.GroupTheory.Perm.Basic (2.2s)
✔ [1989/2168] Built Mathlib.Topology.UniformSpace.DiscreteUniformity (2.7s)
✔ [1990/2171] Built Mathlib.Combinatorics.Enumerative.Composition (5.5s)
✔ [1991/2171] Built Mathlib.Data.Finset.Sym (3.4s)
✔ [1992/2171] Built Mathlib.CategoryTheory.NatTrans (2.5s)
✔ [1993/2172] Built Mathlib.Topology.EMetricSpace.Defs (5.7s)
✔ [1994/2172] Built Mathlib.Data.Fin.Tuple.NatAntidiagonal (3.3s)
✔ [1995/2172] Built Mathlib.CategoryTheory.Iso (4.3s)
✔ [1996/2173] Built Mathlib.Topology.Compactness.LocallyFinite (2.7s)
✔ [1997/2173] Built Mathlib.GroupTheory.Perm.Support (4.1s)
✔ [1998/2173] Built Mathlib.Topology.UniformSpace.Compact (3.2s)
✔ [1999/2173] Built Mathlib.Topology.Compactness.LocallyCompact (2.9s)
✔ [2000/2173] Built Mathlib.Data.Fintype.Inv (2.4s)
✔ [2001/2177] Built Mathlib.Algebra.BigOperators.Sym (2.4s)
✔ [2002/2177] Built Mathlib.CategoryTheory.ObjectProperty.Basic (2.2s)
✔ [2003/2177] Built Mathlib.Tactic.CategoryTheory.IsoReassoc (2.2s)
✔ [2004/2177] Built Mathlib.CategoryTheory.HomCongr (2.4s)
✔ [2005/2177] Built Mathlib.Algebra.Order.Antidiag.Pi (4.8s)
✔ [2006/2177] Built Mathlib.RingTheory.Flat.Basic (9.3s)
✔ [2007/2178] Built Mathlib.Data.Fintype.Perm (3.7s)
✔ [2008/2178] Built Mathlib.CategoryTheory.Functor.Category (5.0s)
✔ [2009/2178] Built Mathlib.GroupTheory.Perm.List (3.5s)
✔ [2010/2179] Built Mathlib.Topology.MetricSpace.Pseudo.Defs (6.9s)
✔ [2011/2179] Built Mathlib.Topology.Compactness.SigmaCompact (3.2s)
✔ [2012/2179] Built Mathlib.CategoryTheory.ObjectProperty.ClosedUnderIsomorphisms (2.3s)
✔ [2013/2179] Built Mathlib.Logic.Equiv.Fintype (2.6s)
✔ [2014/2179] Built Mathlib.Data.Int.Order.Units (2.5s)
✔ [2015/2181] Built Mathlib.Data.List.Iterate (2.0s)
✔ [2016/2183] Built Mathlib.CategoryTheory.Thin (2.3s)
✔ [2017/2183] Built Mathlib.Topology.Separation.Basic (5.8s)
✔ [2018/2183] Built Mathlib.Algebra.Order.Antidiag.Finsupp (3.8s)
✔ [2019/2185] Built Mathlib.Algebra.Central.TensorProduct (3.4s)
✔ [2020/2185] Built Mathlib.Data.Set.Pairwise.List (2.0s)
✔ [2021/2185] Built Mathlib.Topology.MetricSpace.Defs (2.6s)
✔ [2022/2185] Built Mathlib.Data.Nat.GCD.BigOperators (2.2s)
✔ [2023/2187] Built Mathlib.Topology.Compactness.Lindelof (3.0s)
✔ [2024/2187] Built Mathlib.CategoryTheory.NatIso (4.8s)
✔ [2025/2187] Built Mathlib.Tactic.Group (2.7s)
✔ [2026/2187] Built Mathlib.GroupTheory.Perm.Finite (3.5s)
✔ [2027/2187] Built Mathlib.GroupTheory.Perm.Sign (4.7s)
✔ [2028/2187] Built Mathlib.Topology.DiscreteSubset (4.0s)
✔ [2029/2187] Built Mathlib.Combinatorics.Enumerative.Partition.Basic (3.9s)
✔ [2030/2192] Built Mathlib.CategoryTheory.Functor.FullyFaithful (3.2s)
✔ [2031/2192] Built Mathlib.Algebra.Azumaya.Basic (4.5s)
✔ [2032/2196] Built Mathlib.GroupTheory.Perm.Option (2.3s)
✔ [2033/2196] Built Mathlib.Tactic.NormNum.GCD (3.8s)
✔ [2034/2204] Built Mathlib.GroupTheory.NoncommPiCoprod (4.3s)
✔ [2035/2224] Built Mathlib.Topology.Irreducible (3.4s)
✔ [2036/2224] Built Mathlib.CategoryTheory.InducedCategory (2.6s)
✔ [2037/2226] Built Mathlib.GroupTheory.Perm.Cycle.Basic (5.7s)
✔ [2038/2226] Built Mathlib.CategoryTheory.Bicategory.Basic (7.8s)
✔ [2039/2226] Built Mathlib.LinearAlgebra.Matrix.SemiringInverse (4.9s)
✔ [2040/2230] Built Mathlib.Topology.Separation.Hausdorff (3.0s)
✔ [2041/2230] Built Mathlib.CategoryTheory.Functor.Trifunctor (5.1s)
✔ [2042/2230] Built Mathlib.CategoryTheory.ObjectProperty.FullSubcategory (3.1s)
✔ [2043/2230] Built Mathlib.Topology.Connected.Basic (4.0s)
✔ [2044/2230] Built Mathlib.Algebra.Module.LinearMap.Rat (2.2s)
✔ [2045/2230] Built Mathlib.GroupTheory.Perm.Closure (2.0s)
✔ [2046/2230] Built Mathlib.GroupTheory.Perm.Cycle.Factors (5.0s)
✔ [2047/2234] Built Mathlib.CategoryTheory.EssentialImage (2.8s)
✔ [2048/2248] Built Mathlib.Topology.Algebra.Support (4.4s)
✔ [2049/2252] Built Mathlib.CategoryTheory.Whiskering (10s)
✔ [2050/2252] Built Mathlib.Topology.Algebra.InfiniteSum.Defs (4.5s)
✔ [2051/2252] Built Mathlib.Topology.Connected.Clopen (3.5s)
✔ [2052/2252] Built Mathlib.Topology.Order.OrderClosed (6.1s)
✔ [2053/2252] Built Mathlib.Tactic.CategoryTheory.Coherence.Datatypes (2.2s)
✔ [2054/2252] Built Mathlib.CategoryTheory.Functor.ReflectsIso.Basic (2.3s)
✔ [2055/2252] Built Mathlib.LinearAlgebra.Multilinear.Basic (13s)
✔ [2056/2252] Built Mathlib.GroupTheory.Perm.Cycle.Type (4.8s)
✔ [2057/2252] Built Mathlib.Topology.Connected.LocallyConnected (2.6s)
✔ [2058/2252] Built Mathlib.Tactic.CategoryTheory.Coherence.PureCoherence (1.7s)
✔ [2059/2254] Built Mathlib.Topology.Connected.TotallyDisconnected (3.1s)
✔ [2060/2256] Built Mathlib.Topology.Separation.Regular (3.9s)
✔ [2061/2256] Built Mathlib.Tactic.CategoryTheory.Coherence.Normalize (3.0s)
✔ [2062/2257] Built Mathlib.Topology.Algebra.InfiniteSum.Basic (7.1s)
✔ [2063/2257] Built Mathlib.CategoryTheory.Equivalence (8.3s)
✔ [2064/2257] Built Mathlib.Topology.DenseEmbedding (3.5s)
✔ [2065/2257] Built Mathlib.Topology.Order.Basic (6.5s)
✔ [2066/2257] Built Mathlib.Topology.UniformSpace.Separation (3.3s)
✔ [2067/2257] Built Mathlib.Tactic.CategoryTheory.Coherence.Basic (2.8s)
✔ [2068/2257] Built Mathlib.RingTheory.Coalgebra.Basic (12s)
✔ [2069/2257] Built Mathlib.Algebra.Ring.BooleanRing (4.7s)
✔ [2070/2257] Built Mathlib.LinearAlgebra.Multilinear.DFinsupp (7.8s)
✔ [2071/2259] Built Mathlib.Topology.Order.MonotoneConvergence (3.5s)
✔ [2072/2281] Built Mathlib.GroupTheory.Perm.Fin (8.6s)
✔ [2073/2285] Built Mathlib.Topology.Homeomorph.Lemmas (4.9s)
✔ [2074/2285] Built Mathlib.Topology.Order.LeftRightNhds (5.7s)
✔ [2075/2285] Built Mathlib.RingTheory.Bialgebra.Basic (4.5s)
✔ [2076/2285] Built Mathlib.GroupTheory.MonoidLocalization.Away (2.6s)
✔ [2077/2285] Built Mathlib.Topology.Algebra.Constructions (3.0s)
✔ [2078/2288] Built Mathlib.LinearAlgebra.Multilinear.Finsupp (4.4s)
✔ [2079/2288] Built Mathlib.CategoryTheory.Opposites (8.5s)
✔ [2080/2288] Built Mathlib.Order.Heyting.Hom (3.9s)
✔ [2081/2288] Built Mathlib.RingTheory.Coalgebra.Hom (5.5s)
✔ [2082/2288] Built Mathlib.Topology.Maps.Proper.Basic (2.6s)
✔ [2083/2288] Built Mathlib.RingTheory.UniqueFactorizationDomain.Basic (3.5s)
✔ [2084/2288] Built Mathlib.Topology.Algebra.Order.Group (3.5s)
✔ [2085/2288] Built Mathlib.LinearAlgebra.Multilinear.Basis (3.4s)
✔ [2086/2288] Built Mathlib.Topology.UniformSpace.Cauchy (5.0s)
✔ [2087/2288] Built Mathlib.RingTheory.TwoSidedIdeal.Operations (4.0s)
✔ [2088/2288] Built Mathlib.Topology.Order.IsLUB (5.5s)
✔ [2089/2288] Built Mathlib.RingTheory.Jacobson.Radical (5.3s)
✔ [2090/2288] Built Mathlib.CategoryTheory.Functor.TwoSquare (4.1s)
✔ [2091/2288] Built Mathlib.CategoryTheory.EqToHom (3.0s)
✔ [2092/2291] Built Mathlib.CategoryTheory.Functor.Const (3.0s)
✔ [2093/2291] Built Mathlib.RingTheory.UniqueFactorizationDomain.NormalizedFactors (3.3s)
✔ [2094/2295] Built Mathlib.Topology.Algebra.ConstMulAction (8.8s)
✔ [2095/2295] Built Mathlib.Topology.UniformSpace.UniformEmbedding (3.9s)
✔ [2096/2295] Built Mathlib.Topology.UniformSpace.UniformConvergence (3.9s)
✔ [2097/2295] Built Mathlib.Topology.Order.Monotone (4.7s)
✔ [2098/2295] Built Mathlib.RingTheory.Coalgebra.Equiv (7.2s)
✔ [2099/2295] Built Mathlib.RingTheory.Bialgebra.Hom (7.1s)
✔ [2100/2295] Built Mathlib.RingTheory.Jacobson.Ideal (4.6s)
✔ [2101/2295] Built Mathlib.CategoryTheory.Category.Preorder (3.0s)
✔ [2102/2295] Built Mathlib.Topology.Order.DenselyOrdered (5.1s)
✔ [2103/2295] Built Mathlib.CategoryTheory.Category.ULift (3.4s)
✔ [2104/2295] Built Mathlib.RingTheory.LocalRing.Defs (1.6s)
✔ [2105/2295] Built Mathlib.CategoryTheory.Bicategory.Strict.Basic (2.2s)
✔ [2106/2295] Built Mathlib.RingTheory.Spectrum.Maximal.Defs (2.3s)
✔ [2107/2295] Built Mathlib.RingTheory.UniqueFactorizationDomain.Multiplicity (2.7s)
✔ [2108/2295] Built Mathlib.Topology.UniformSpace.Pi (2.6s)
✔ [2109/2295] Built Mathlib.Topology.UniformSpace.LocallyUniformConvergence (3.1s)
✔ [2110/2295] Built Mathlib.Topology.MetricSpace.Pseudo.Constructions (3.7s)
✔ [2111/2295] Built Mathlib.Topology.Algebra.MulAction (4.1s)
✔ [2112/2295] Built Mathlib.LinearAlgebra.Alternating.Basic (11s)
✔ [2113/2295] Built Mathlib.CategoryTheory.Products.Basic (6.4s)
✔ [2114/2295] Built Mathlib.RingTheory.LocalRing.Basic (2.3s)
✔ [2115/2295] Built Mathlib.Topology.Metrizable.Basic (2.6s)
✔ [2116/2300] Built Mathlib.Topology.MetricSpace.Pseudo.Lemmas (3.5s)
✔ [2117/2300] Built Mathlib.Topology.EMetricSpace.Basic (5.9s)
✔ [2118/2300] Built Mathlib.Topology.Order.IntermediateValue (7.9s)
✔ [2119/2300] Built Mathlib.RingTheory.Bialgebra.Equiv (8.9s)
✔ [2120/2304] Built Mathlib.RingTheory.Localization.Away.Basic (9.6s)
✔ [2121/2304] Built Mathlib.RingTheory.LocalRing.MaximalIdeal.Defs (2.7s)
✔ [2122/2304] Built Mathlib.Topology.Algebra.Monoid (8.9s)
✔ [2123/2304] Built Mathlib.CategoryTheory.Pi.Basic (7.9s)
✔ [2124/2305] Built Mathlib.LinearAlgebra.Matrix.Determinant.Basic (10s)
✔ [2125/2305] Built Mathlib.RingTheory.Coalgebra.TensorProduct (14s)
✔ [2126/2305] Built Mathlib.Topology.MetricSpace.Cauchy (3.5s)
✔ [2127/2305] Built Mathlib.Topology.EMetricSpace.Pi (3.3s)
✔ [2128/2305] Built Mathlib.CategoryTheory.Functor.Currying (7.2s)
✔ [2129/2305] Built Mathlib.Topology.MetricSpace.Pseudo.Basic (4.3s)
✔ [2130/2305] Built Mathlib.RingTheory.LocalRing.MaximalIdeal.Basic (3.2s)
✔ [2131/2305] Built Mathlib.LinearAlgebra.Matrix.Reindex (3.6s)
✔ [2132/2307] Built Mathlib.Topology.Order.Compact (4.6s)
✔ [2133/2311] Built Mathlib.Topology.Algebra.GroupWithZero (4.4s)
✔ [2134/2311] Built Mathlib.CategoryTheory.Discrete.Basic (4.6s)
✔ [2135/2311] Built Mathlib.CategoryTheory.Monoidal.Category (11s)
✔ [2136/2311] Built Mathlib.Topology.MetricSpace.Pseudo.Pi (3.2s)
✔ [2137/2311] Built Mathlib.RingTheory.LocalRing.RingHom.Basic (3.6s)
✔ [2138/2311] Built Mathlib.Topology.EMetricSpace.Diam (3.9s)
✔ [2139/2311] Built Mathlib.RingTheory.Localization.Integer (3.3s)
✔ [2140/2316] Built Mathlib.CategoryTheory.Products.Unitor (2.9s)
✔ [2141/2316] Built Mathlib.CategoryTheory.PUnit (3.5s)
✔ [2142/2327] Built Mathlib.CategoryTheory.PEmpty (2.3s)
✔ [2143/2332] Built Mathlib.CategoryTheory.FinCategory.Basic (2.4s)
✔ [2144/2332] Built Mathlib.Tactic.CategoryTheory.MonoidalComp (3.2s)
✔ [2145/2334] Built Mathlib.Topology.Algebra.Group.Basic (11s)
✔ [2146/2334] Built Mathlib.Topology.MetricSpace.ProperSpace (3.8s)
✔ [2147/2334] Built Mathlib.CategoryTheory.FinCategory.AsType (2.0s)
✔ [2148/2335] Built Mathlib.CategoryTheory.Bicategory.Functor.Prelax (3.9s)
✔ [2149/2337] Built Mathlib.RingTheory.Bialgebra.TensorProduct (12s)
✔ [2150/2337] Built Mathlib.Topology.Algebra.Group.GroupTopology (3.2s)
✔ [2151/2337] Built Mathlib.Tactic.CategoryTheory.Monoidal.Datatypes (4.4s)
✔ [2152/2337] Built Mathlib.RingTheory.Finiteness.Ideal (2.9s)
✔ [2153/2337] Built Mathlib.Topology.Algebra.Group.Pointwise (5.1s)
✔ [2154/2338] Built Mathlib.RingTheory.MvPolynomial.Tower (3.0s)
✔ [2155/2357] Built Mathlib.Topology.MetricSpace.Bounded (4.9s)
✔ [2156/2359] Built Mathlib.Topology.Algebra.IsUniformGroup.Defs (8.2s)
✔ [2157/2361] Built Mathlib.Topology.Algebra.Ring.Basic (4.6s)
✔ [2158/2361] Built Mathlib.CategoryTheory.ObjectProperty.CompleteLattice (2.2s)
✔ [2159/2361] Built Mathlib.Tactic.CategoryTheory.Monoidal.PureCoherence (3.8s)
✔ [2160/2361] Built Mathlib.CategoryTheory.ObjectProperty.Equivalence (2.4s)
✔ [2161/2390] Built Mathlib.CategoryTheory.ObjectProperty.Opposite (2.3s)
✔ [2162/2390] Built Mathlib.Tactic.CategoryTheory.Monoidal.Normalize (5.9s)
✔ [2163/2390] Built Mathlib.CategoryTheory.Comma.Basic (13s)
✔ [2164/2396] Built Mathlib.RingTheory.FinitePresentation (5.4s)
✔ [2165/2396] Built Mathlib.CategoryTheory.Monoidal.CoherenceLemmas (2.5s)
✔ [2166/2401] Built Mathlib.Algebra.Module.LinearMap.DivisionRing (2.5s)
✔ [2167/2401] Built Mathlib.Topology.Algebra.InfiniteSum.Group (5.4s)
✔ [2168/2401] Built Mathlib.Algebra.Module.LocalizedModule.Basic (22s)
✔ [2169/2403] Built Mathlib.Topology.Algebra.Field (4.0s)
✔ [2170/2407] Built Mathlib.CategoryTheory.Comma.Arrow (4.2s)
✔ [2171/2407] Built Mathlib.Topology.Algebra.Group.Quotient (3.5s)
✔ [2172/2410] Built Mathlib.Tactic.CategoryTheory.Monoidal.Basic (4.8s)
✔ [2173/2412] Built Mathlib.Topology.Algebra.ContinuousMonoidHom (6.0s)
✔ [2174/2412] Built Mathlib.Algebra.Module.LocalizedModule.IsLocalization (3.2s)
✔ [2175/2447] Built Mathlib.Topology.ContinuousMap.Basic (4.4s)
✔ [2176/2453] Built Mathlib.CategoryTheory.CommSq (3.0s)
✔ [2177/2453] Built Mathlib.Algebra.Homology.ComplexShape (1.8s)
✔ [2178/2453] Built Mathlib.Combinatorics.Quiver.Cast (2.1s)
✔ [2179/2454] Built Mathlib.Topology.Algebra.Order.Field (4.8s)
✔ [2180/2459] Built Mathlib.CategoryTheory.MorphismProperty.Basic (3.8s)
✔ [2181/2459] Built Mathlib.Topology.Algebra.InfiniteSum.NatInt (5.9s)
✔ [2182/2459] Built Mathlib.Topology.Algebra.Module.Basic (4.3s)
✔ [2183/2459] Built Mathlib.Topology.Hom.ContinuousEvalConst (2.3s)
✔ [2184/2459] Built Mathlib.Topology.Defs.Sequences (1.0s)
✔ [2185/2459] Built Mathlib.Combinatorics.Quiver.SingleObj (1.9s)
✔ [2186/2459] Built Mathlib.Algebra.Homology.Embedding.Basic (2.8s)
✔ [2187/2459] Built Mathlib.CategoryTheory.MorphismProperty.Composition (3.2s)
✔ [2188/2459] Built Mathlib.CategoryTheory.Groupoid (3.0s)
✔ [2189/2459] Built Mathlib.Topology.UniformSpace.Equiv (3.8s)
✔ [2190/2459] Built Mathlib.Topology.UniformSpace.UniformApproximation (3.1s)
✔ [2191/2459] Built Mathlib.RingTheory.Localization.Module (7.6s)
✔ [2192/2461] Built Mathlib.CategoryTheory.MorphismProperty.Factorization (3.0s)
✔ [2193/2465] Built Mathlib.Topology.Hom.ContinuousEval (2.3s)
✔ [2194/2467] Built Mathlib.Topology.Coherent (2.6s)
✔ [2195/2467] Built Mathlib.CategoryTheory.IsConnected (2.9s)
✔ [2196/2467] Built Mathlib.Topology.Algebra.InfiniteSum.Order (5.6s)
✔ [2197/2467] Built Mathlib.CategoryTheory.EpiMono (3.0s)
✔ [2198/2467] Built Mathlib.CategoryTheory.Endomorphism (2.8s)
✔ [2199/2467] Built Mathlib.Topology.Compactness.CompactlyCoherentSpace (2.4s)
✔ [2200/2467] Built Mathlib.Algebra.ArithmeticGeometric (2.7s)
✔ [2201/2475] Built Mathlib.CategoryTheory.Balanced (2.5s)
✔ [2202/2475] Built Mathlib.Topology.CompactOpen (4.7s)
✔ [2203/2478] Built Mathlib.CategoryTheory.Retract (3.6s)
✔ [2204/2479] Built Mathlib.CategoryTheory.Types.Basic (3.2s)
✔ [2205/2479] Built Mathlib.CategoryTheory.Conj (2.6s)
✔ [2206/2479] Built Mathlib.Topology.UniformSpace.UniformConvergenceTopology (6.5s)
✔ [2207/2479] Built Mathlib.Logic.Equiv.Multiset (2.5s)
✔ [2208/2479] Built Mathlib.CategoryTheory.LiftingProperties.Basic (2.5s)
✔ [2209/2480] Built Mathlib.LinearAlgebra.Dual.Basis (4.0s)
✔ [2210/2484] Built Mathlib.CategoryTheory.Functor.Hom (2.2s)
✔ [2211/2484] Built Mathlib.CategoryTheory.Limits.Types.ColimitType (2.0s)
✔ [2212/2484] Built Mathlib.CategoryTheory.ConcreteCategory.Basic (2.0s)
✔ [2213/2484] Built Mathlib.LinearAlgebra.Dimension.RankNullity (4.6s)
✔ [2214/2486] Built Mathlib.CategoryTheory.Category.Cat (5.1s)
✔ [2215/2486] Built Mathlib.Logic.Equiv.Finset (2.4s)
✔ [2216/2486] Built Mathlib.LinearAlgebra.Matrix.InvariantBasisNumber (3.8s)
✔ [2217/2486] Built Mathlib.RingTheory.Localization.BaseChange (13s)
✔ [2218/2486] Built Mathlib.Topology.UniformSpace.CompactConvergence (4.3s)
✔ [2219/2486] Built Mathlib.CategoryTheory.Limits.Shapes.StrongEpi (2.6s)
✔ [2220/2486] Built Mathlib.CategoryTheory.MorphismProperty.Concrete (2.3s)
✔ [2221/2486] Built Mathlib.RingTheory.Finiteness.Projective (2.6s)
✔ [2222/2486] Built Mathlib.CategoryTheory.ConcreteCategory.ReflectsIso (1.9s)
✔ [2223/2487] Built Mathlib.Tactic.CategoryTheory.Elementwise (2.4s)
✔ [2224/2487] Built Mathlib.LinearAlgebra.Dimension.DivisionRing (4.3s)
✔ [2225/2487] Built Mathlib.CategoryTheory.Category.Cat.AsSmall (2.0s)
✔ [2226/2487] Built Mathlib.CategoryTheory.IsomorphismClasses (1.9s)
✔ [2227/2489] Built Mathlib.Tactic.CategoryTheory.ToApp (2.6s)
✔ [2228/2491] Built Mathlib.Topology.Algebra.Module.LinearMap (22s)
✔ [2229/2491] Built Mathlib.Logic.Encodable.Pi (1.0s)
✔ [2230/2491] Built Mathlib.CategoryTheory.Elementwise (1.9s)
✔ [2231/2492] Built Mathlib.LinearAlgebra.FreeModule.Finite.Matrix (3.9s)
✔ [2232/2492] Built Mathlib.LinearAlgebra.DirectSum.Finite (2.7s)
✔ [2233/2492] Built Mathlib.CategoryTheory.Monad.Basic (5.3s)
✔ [2234/2492] Built Mathlib.LinearAlgebra.FiniteDimensional.Lemmas (4.0s)
✔ [2235/2492] Built Mathlib.CategoryTheory.Yoneda (11s)
✔ [2236/2492] Built Mathlib.LinearAlgebra.SesquilinearForm.Basic (12s)
✔ [2237/2493] Built Mathlib.Data.W.Basic (2.1s)
✔ [2238/2493] Built Mathlib.CategoryTheory.Bicategory.Functor.Oplax (6.8s)
✔ [2239/2493] Built Mathlib.Order.Category.Preord (2.5s)
✔ [2240/2532] Built Mathlib.Topology.Category.TopCat.Basic (2.7s)
✔ [2241/2532] Built Mathlib.CategoryTheory.Bicategory.Functor.Lax (7.3s)
✔ [2242/2532] Built Mathlib.Topology.Algebra.Module.LinearMapPiProd (5.1s)
✔ [2243/2532] Built Mathlib.Data.W.Cardinal (2.1s)
✔ [2244/2535] Built Mathlib.GroupTheory.Divisible (2.7s)
✔ [2245/2536] Built Mathlib.Algebra.Category.MonCat.Basic (5.9s)
✔ [2246/2536] Built Mathlib.Topology.ContinuousMap.Algebra (11s)
✔ [2247/2536] Built Mathlib.SetTheory.Cardinal.Subfield (2.6s)
✔ [2248/2536] Built Mathlib.CategoryTheory.Adjunction.Basic (7.3s)
✔ [2249/2537] Built Mathlib.Data.ZMod.IntUnitsPower (2.7s)
✔ [2250/2538] Built Mathlib.Algebra.Module.Injective (7.0s)
✔ [2251/2538] Built Mathlib.Algebra.Category.MonCat.ForgetCorepresentable (2.3s)
✔ [2252/2538] Built Mathlib.CategoryTheory.SingleObj (3.0s)
✔ [2253/2538] Built Mathlib.Data.Int.SuccPred (2.4s)
✔ [2254/2538] Built Mathlib.Topology.Category.TopCat.Adjunctions (2.5s)
✔ [2255/2538] Built Mathlib.CategoryTheory.Category.Pointed (2.4s)
✔ [2256/2538] Built Mathlib.LinearAlgebra.Dimension.ErdosKaplansky (4.4s)
✔ [2257/2538] Built Mathlib.Order.Category.PartOrd (3.2s)
✔ [2258/2538] Built Mathlib.CategoryTheory.LiftingProperties.Adjunction (2.4s)
✔ [2259/2538] Built Mathlib.CategoryTheory.Bicategory.Functor.Pseudofunctor (11s)
✔ [2260/2538] Built Mathlib.CategoryTheory.Limits.Cones (14s)
✔ [2261/2538] Built Mathlib.Algebra.Category.Grp.Basic (6.7s)
✔ [2262/2538] Built Mathlib.CategoryTheory.Adjunction.Restrict (2.5s)
✔ [2263/2540] Built Mathlib.CategoryTheory.Adjunction.Parametrized (2.0s)
✔ [2264/2540] Built Mathlib.Order.Circular (2.4s)
✔ [2265/2540] Built Mathlib.Algebra.Ring.NegOnePow (2.5s)
✔ [2266/2540] Built Mathlib.CategoryTheory.Adjunction.FullyFaithful (3.3s)
✔ [2267/2540] Built Mathlib.CategoryTheory.Skeletal (4.0s)
✔ [2268/2540] Built Mathlib.Topology.Algebra.Module.Equiv (15s)
✔ [2269/2540] Built Mathlib.Algebra.Order.Interval.Set.Group (3.5s)
✔ [2270/2540] Built Mathlib.CategoryTheory.Category.Bipointed (3.0s)
✔ [2271/2540] Built Mathlib.CategoryTheory.Adjunction.Mates (7.3s)
✔ [2272/2540] Built Mathlib.Order.Category.Semilat (3.4s)
✔ [2273/2540] Built Mathlib.Order.Category.Lat (3.1s)
✔ [2274/2540] Built Mathlib.CategoryTheory.Functor.EpiMono (3.0s)
✔ [2275/2540] Built Mathlib.Algebra.Category.Grp.EquivalenceGroupAddGroup (3.1s)
✔ [2276/2542] Built Mathlib.Algebra.Category.Grp.ForgetCorepresentable (2.5s)
✔ [2277/2542] Built Mathlib.GroupTheory.QuotientGroup.ModEq (2.4s)
✔ [2278/2542] Built Mathlib.Algebra.Category.Grp.Yoneda (3.6s)
✔ [2279/2542] Built Mathlib.Algebra.Ring.Periodic (4.6s)
✔ [2280/2542] Built Mathlib.CategoryTheory.EssentiallySmall (3.3s)
✔ [2281/2542] Built Mathlib.Order.Category.BddOrd (3.2s)
✔ [2282/2542] Built Mathlib.Algebra.Category.Ring.Basic (6.8s)
✔ [2283/2542] Built Mathlib.CategoryTheory.Adjunction.Unique (3.1s)
✔ [2284/2542] Built Mathlib.Order.Category.DistLat (3.5s)
✔ [2285/2542] Built Mathlib.CategoryTheory.Adjunction.Reflective (3.2s)
✔ [2286/2542] Built Mathlib.Topology.Algebra.Module.ModuleTopology (7.6s)
✔ [2287/2544] Built Mathlib.CategoryTheory.Limits.IsLimit (11s)
✔ [2288/2544] Built Mathlib.Algebra.Group.Units.Opposite (1.0s)
✔ [2289/2544] Built Mathlib.CategoryTheory.Countable (2.2s)
✔ [2290/2544] Built Mathlib.CategoryTheory.Monad.Algebra (6.1s)
✔ [2291/2545] Built Mathlib.CategoryTheory.ObjectProperty.Small (3.2s)
✔ [2292/2545] Built Mathlib.Algebra.Category.Ring.Instances (3.6s)
✔ [2293/2545] Built Mathlib.Algebra.CharP.Two (3.3s)
✔ [2294/2545] Built Mathlib.Order.Category.BddLat (4.7s)
✔ [2295/2545] Built Mathlib.Data.Nat.Cast.Field (2.4s)
✔ [2296/2549] Built Mathlib.Algebra.Ring.AddAut (2.4s)
✔ [2297/2549] Built Mathlib.CategoryTheory.ObjectProperty.Retract (2.7s)
✔ [2298/2550] Built Mathlib.Data.Nat.Factorization.Induction (2.6s)
✔ [2299/2552] Built Mathlib.CategoryTheory.Limits.Shapes.IsTerminal (5.0s)
✔ [2300/2554] Built Mathlib.CategoryTheory.Monoidal.Functor (17s)
✔ [2301/2554] Built Mathlib.Algebra.Group.Nat.Range (2.1s)
✔ [2302/2556] Built Mathlib.Topology.UniformSpace.CompleteSeparated (2.2s)
✔ [2303/2556] Built Mathlib.Order.Category.BddDistLat (3.7s)
✔ [2304/2556] Built Mathlib.LinearAlgebra.Dual.Lemmas (25s)
✔ [2305/2556] Built Mathlib.CategoryTheory.Limits.HasLimits (9.5s)
✔ [2306/2561] Built Mathlib.Topology.UniformSpace.Equicontinuity (4.0s)
✔ [2307/2561] Built Mathlib.Topology.Algebra.IsUniformGroup.Constructions (3.1s)
✔ [2308/2561] Built Mathlib.Algebra.Order.ToIntervalMod (16s)
✔ [2309/2561] Built Mathlib.Data.Nat.Count (2.6s)
✔ [2310/2561] Built Mathlib.CategoryTheory.Monoidal.NaturalTransformation (4.8s)
✔ [2311/2561] Built Mathlib.Order.Category.HeytAlg (3.0s)
✔ [2312/2561] Built Mathlib.CategoryTheory.Monoidal.End (5.4s)
✔ [2313/2561] Built Mathlib.Logic.Equiv.PartialEquiv (4.1s)
✔ [2314/2561] Built Mathlib.CategoryTheory.Monoidal.Opposite (6.8s)
✔ [2315/2561] Built Mathlib.CategoryTheory.Limits.Unit (2.1s)
✔ [2316/2561] Built Mathlib.CategoryTheory.Limits.Types.Colimits (2.5s)
✔ [2317/2562] Built Mathlib.CategoryTheory.Limits.Shapes.Terminal (4.2s)
✔ [2318/2562] Built Mathlib.CategoryTheory.Limits.Types.Limits (2.9s)
✔ [2319/2562] Built Mathlib.Algebra.Category.Ring.Colimits (5.1s)
✔ [2320/2562] Built Mathlib.LinearAlgebra.Contraction (6.7s)
✔ [2321/2562] Built Mathlib.CategoryTheory.Limits.Preserves.Basic (4.2s)
✔ [2322/2562] Built Mathlib.Topology.UniformSpace.HeineCantor (2.7s)
✔ [2323/2562] Built Mathlib.Order.Interval.Set.OrdConnectedComponent (2.6s)
✔ [2324/2562] Built Mathlib.Data.Nat.Periodic (2.2s)
✔ [2325/2563] Built Mathlib.Topology.OpenPartialHomeomorph.Defs (2.5s)
✔ [2326/2563] Built Mathlib.CategoryTheory.Limits.Shapes.ZeroObjects (2.5s)
✔ [2327/2563] Built Mathlib.CategoryTheory.Comma.StructuredArrow.Basic (16s)
✔ [2328/2563] Built Mathlib.CategoryTheory.Monoidal.Discrete (4.2s)
✔ [2329/2563] Built Mathlib.CategoryTheory.Limits.Shapes.WidePullbacks (8.4s)
✔ [2330/2563] Built Mathlib.Order.Category.BoolAlg (4.2s)
✔ [2331/2563] Built Mathlib.CategoryTheory.Monoidal.Transport (4.5s)
✔ [2332/2563] Built Mathlib.Algebra.Category.Grp.FiniteGrp (2.2s)
✔ [2333/2563] Built Mathlib.CategoryTheory.Limits.Preserves.Shapes.Terminal (2.5s)
✔ [2334/2563] Built Mathlib.CategoryTheory.Limits.Types.Yoneda (3.4s)
✔ [2335/2563] Built Mathlib.CategoryTheory.Limits.Preserves.Limits (2.9s)
✔ [2336/2563] Built Mathlib.CategoryTheory.Limits.Shapes.Products (10s)
✔ [2337/2563] Built Mathlib.Topology.Order.T5 (2.8s)
✔ [2338/2563] Built Mathlib.LinearAlgebra.Coevaluation (4.8s)
✔ [2339/2564] Built Mathlib.Algebra.Category.Grp.Zero (2.2s)
✔ [2340/2564] Built Mathlib.CategoryTheory.Limits.Creates (5.0s)
✔ [2341/2565] Built Mathlib.CategoryTheory.Adjunction.Comma (3.0s)
✔ [2342/2565] Built Mathlib.Data.Nat.Totient (4.1s)
✔ [2343/2565] Built Mathlib.Topology.Algebra.IsUniformGroup.Basic (7.5s)
✔ [2344/2565] Built Mathlib.Algebra.Category.BoolRing (3.5s)
✔ [2345/2568] Built Mathlib.CategoryTheory.EffectiveEpi.Basic (2.9s)
✔ [2346/2568] Built Mathlib.CategoryTheory.Elements (6.5s)
✔ [2347/2569] Built Mathlib.CategoryTheory.Limits.Preserves.Shapes.Products (2.4s)
✔ [2348/2582] Built Mathlib.CategoryTheory.Limits.Preserves.Ulift (2.1s)
✔ [2349/2584] Built Mathlib.CategoryTheory.Limits.FunctorCategory.Basic (6.9s)
✔ [2350/2584] Built Mathlib.CategoryTheory.Adjunction.Limits (4.7s)
✔ [2351/2586] Built Mathlib.CategoryTheory.Monoidal.Braided.Basic (10s)
✔ [2352/2586] Built Mathlib.Algebra.Category.MonCat.Limits (5.5s)
✔ [2353/2586] Built Mathlib.Algebra.Category.GrpWithZero (2.6s)
✔ [2354/2586] Built Mathlib.CategoryTheory.Limits.Yoneda (3.0s)
✔ [2355/2586] Built Mathlib.RingTheory.HopfAlgebra.Basic (3.2s)
✔ [2356/2586] Built Mathlib.Topology.Category.TopCat.Limits.Basic (3.7s)
✔ [2357/2586] Built Mathlib.CategoryTheory.Limits.Skeleton (2.3s)
✔ [2358/2587] Built Mathlib.CategoryTheory.Limits.Shapes.Equivalence (2.3s)
✔ [2359/2587] Built Mathlib.CategoryTheory.Monoidal.Closed.Basic (4.4s)
✔ [2360/2587] Built Mathlib.Topology.Instances.AddCircle.Defs (9.0s)
✔ [2361/2588] Built Mathlib.CategoryTheory.Monoidal.Braided.Opposite (2.3s)
✔ [2362/2591] Built Mathlib.CategoryTheory.Action.Basic (6.6s)
✔ [2363/2603] Built Mathlib.CategoryTheory.Comma.StructuredArrow.Small (2.3s)
✔ [2364/2618] Built Mathlib.RingTheory.HopfAlgebra.TensorProduct (4.7s)
✔ [2365/2619] Built Mathlib.CategoryTheory.Limits.EssentiallySmall (2.4s)
✔ [2366/2620] Built Mathlib.CategoryTheory.Monoidal.Rigid.Basic (6.3s)
✔ [2367/2620] Built Mathlib.CategoryTheory.Comma.Over.Basic (22s)
✔ [2368/2623] Built Mathlib.RingTheory.Flat.Stability (3.3s)
✔ [2369/2623] Built Mathlib.CategoryTheory.WithTerminal.Basic (22s)
✔ [2370/2623] Built Mathlib.CategoryTheory.Monad.Adjunction (4.6s)
✔ [2371/2623] Built Mathlib.CategoryTheory.Comma.LocallySmall (2.1s)
✔ [2372/2623] Built Mathlib.CategoryTheory.Functor.KanExtension.Basic (11s)
✔ [2373/2623] Built Mathlib.CategoryTheory.Monoidal.Mon_ (15s)
✔ [2374/2623] Built Mathlib.CategoryTheory.Limits.ConeCategory (5.9s)
✔ [2375/2623] Built Mathlib.CategoryTheory.Comma.Presheaf.Basic (6.0s)
✔ [2376/2623] Built Mathlib.Algebra.Ring.Action.End (2.2s)
✔ [2377/2623] Built Mathlib.Algebra.Module.LocalizedModule.Submodule (10s)
✔ [2378/2623] Built Mathlib.CategoryTheory.Grothendieck (9.1s)
✔ [2379/2623] Built Mathlib.CategoryTheory.MorphismProperty.Comma (8.3s)
✔ [2380/2623] Built Mathlib.RingTheory.Ideal.Pointwise (3.3s)
✔ [2381/2623] Built Mathlib.CategoryTheory.Monad.Limits (5.6s)
✔ [2382/2627] Built Mathlib.CategoryTheory.ComposableArrows.Basic (18s)
✔ [2383/2629] Built Mathlib.CategoryTheory.Functor.KanExtension.Pointwise (6.2s)
✔ [2384/2632] Built Mathlib.CategoryTheory.Limits.Shapes.BinaryProducts (12s)
✔ [2385/2632] Built Mathlib.CategoryTheory.Monoidal.Comon_ (6.4s)
✔ [2386/2632] Built Mathlib.CategoryTheory.WithTerminal.Cone (10s)
✔ [2387/2632] Built Mathlib.Algebra.Ring.Action.Pointwise.Set (2.1s)
✔ [2388/2632] Built Mathlib.RingTheory.Spectrum.Prime.Defs (2.2s)
✔ [2389/2632] Built Mathlib.CategoryTheory.Comma.StructuredArrow.Functor (4.5s)
✔ [2390/2632] Built Mathlib.CategoryTheory.Monoidal.CommMon_ (8.9s)
✔ [2391/2635] Built Mathlib.CategoryTheory.Limits.Shapes.Grothendieck (5.0s)
✔ [2392/2635] Built Mathlib.CategoryTheory.Monad.Products (3.0s)
✔ [2393/2638] Built Mathlib.CategoryTheory.Limits.Types.Products (3.0s)
✔ [2394/2638] Built Mathlib.RingTheory.Ideal.Over (5.4s)
✔ [2395/2638] Built Mathlib.CategoryTheory.Limits.Types.Coproducts (2.9s)
✔ [2396/2641] Built Mathlib.CategoryTheory.Limits.Shapes.StrictInitial (2.5s)
✔ [2397/2643] Built Mathlib.CategoryTheory.Limits.Preserves.Shapes.BinaryProducts (2.7s)
✔ [2398/2647] Built Mathlib.Algebra.Module.LocalizedModule.AtPrime (2.3s)
✔ [2399/2647] Built Mathlib.Algebra.Module.LocalizedModule.Away (2.3s)
✔ [2400/2647] Built Mathlib.CategoryTheory.Limits.Shapes.Pullback.Cospan (4.8s)
✔ [2401/2647] Built Mathlib.Algebra.Polynomial.Eval.Subring (2.5s)
✔ [2402/2648] Built Mathlib.RingTheory.OreLocalization.OreSet (2.1s)
✔ [2403/2648] Built Mathlib.RingTheory.PolynomialAlgebra (4.8s)
✔ [2404/2651] Built Mathlib.CategoryTheory.Functor.KanExtension.Adjunction (5.4s)
✔ [2405/2651] Built Mathlib.RingTheory.EssentialFiniteness (4.8s)
✔ [2406/2651] Built Mathlib.Algebra.Polynomial.Eval.SMul (2.8s)
✔ [2407/2652] Built Mathlib.Algebra.Polynomial.Lifts (2.8s)
✔ [2408/2653] Built Mathlib.RingTheory.Ideal.Colon (8.6s)
✔ [2409/2653] Built Mathlib.CategoryTheory.Limits.Shapes.Pullback.PullbackCone (4.5s)
✔ [2410/2657] Built Mathlib.Algebra.Polynomial.Laurent (5.9s)
✔ [2411/2657] Built Mathlib.LinearAlgebra.Matrix.Symmetric (2.9s)
✔ [2412/2665] Built Mathlib.LinearAlgebra.Matrix.MvPolynomial (3.2s)
✔ [2413/2666] Built Mathlib.LinearAlgebra.Matrix.Polynomial (3.3s)
✔ [2414/2666] Built Mathlib.RingTheory.IsPrimary (3.6s)
✔ [2415/2668] Built Mathlib.Tactic.LinearCombination.Lemmas (3.1s)
✔ [2416/2671] Built Mathlib.LinearAlgebra.Matrix.Trace (4.3s)
✔ [2417/2671] Built Mathlib.LinearAlgebra.Matrix.Transvection (5.8s)
✔ [2418/2671] Built Mathlib.Tactic.Ring.Compare (4.4s)
✔ [2419/2673] Built Mathlib.Data.Matrix.Invertible (5.8s)
✔ [2420/2673] Built Mathlib.Data.Matrix.DMatrix (1.7s)
✔ [2421/2673] Built Mathlib.RingTheory.Nilpotent.Basic (3.3s)
✔ [2422/2677] Built Mathlib.CategoryTheory.Limits.Shapes.Pullback.HasPullback (7.1s)
✔ [2423/2677] Built Mathlib.RingTheory.Ideal.IsPrimary (2.8s)
✔ [2424/2677] Built Mathlib.LinearAlgebra.Dimension.Localization (11s)
✔ [2425/2677] Built Mathlib.RingTheory.Nilpotent.Lemmas (3.3s)
✔ [2426/2677] Built Mathlib.LinearAlgebra.Matrix.Adjugate (6.4s)
✔ [2427/2677] Built Mathlib.RingTheory.IntegralClosure.IsIntegral.Defs (2.5s)
✔ [2428/2678] Built Mathlib.RingTheory.Finiteness.Subalgebra (2.6s)
✔ [2429/2678] Built Mathlib.Tactic.LinearCombination (3.2s)
✔ [2430/2678] Built Mathlib.CategoryTheory.Limits.Shapes.Pullback.Iso (3.2s)
✔ [2431/2678] Built Mathlib.RingTheory.Ideal.MinimalPrime.Basic (3.1s)
✔ [2432/2678] Built Mathlib.RingTheory.IntegralClosure.IsIntegralClosure.Defs (2.3s)
✔ [2433/2680] Built Mathlib.RingTheory.IntegralClosure.Algebra.Defs (2.6s)
✔ [2434/2680] Built Mathlib.LinearAlgebra.Matrix.Kronecker (7.2s)
✔ [2435/2680] Built Mathlib.CategoryTheory.Limits.Shapes.Pullback.Pasting (5.0s)
✔ [2436/2680] Built Mathlib.RingTheory.Localization.Ideal (4.7s)
✔ [2437/2682] Built Mathlib.Algebra.Order.SuccPred.WithBot (2.2s)
✔ [2438/2682] Built Mathlib.Algebra.Polynomial.Identities (3.2s)
✔ [2439/2682] Built Mathlib.RingTheory.IntegralClosure.IsIntegral.Basic (4.2s)
✔ [2440/2682] Built Mathlib.RingTheory.EuclideanDomain (2.8s)
✔ [2441/2682] Built Mathlib.CategoryTheory.Limits.Shapes.Pullback.Mono (3.9s)
✔ [2442/2683] Built Mathlib.CategoryTheory.Limits.Shapes.Equalizers (9.0s)
✔ [2443/2683] Built Mathlib.RingTheory.Localization.Submodule (3.4s)
✔ [2444/2683] Built Mathlib.Data.Nat.Factorial.Cast (2.4s)
✔ [2445/2683] Built Mathlib.LinearAlgebra.Matrix.NonsingularInverse (6.7s)
✔ [2446/2683] Built Mathlib.CategoryTheory.Comma.Over.Pullback (7.5s)
✔ [2447/2683] Built Mathlib.CategoryTheory.Limits.Shapes.Pullback.Assoc (6.6s)
✔ [2448/2683] Built Mathlib.RingTheory.Localization.Algebra (5.6s)
✔ [2449/2683] Built Mathlib.RingTheory.Polynomial.Nilpotent (4.3s)
✔ [2450/2683] Built Mathlib.CategoryTheory.Limits.Shapes.FiniteLimits (2.5s)
✔ [2451/2683] Built Mathlib.CategoryTheory.Limits.Constructions.Pullbacks (2.4s)
✔ [2452/2683] Built Mathlib.CategoryTheory.Limits.Connected (3.1s)
✔ [2453/2683] Built Mathlib.RingTheory.Localization.AtPrime.Basic (9.2s)
✔ [2454/2690] Built Mathlib.CategoryTheory.Limits.Shapes.SplitEqualizer (2.9s)
✔ [2455/2695] Built Mathlib.Algebra.Polynomial.FieldDivision (6.8s)
✔ [2456/2695] Built Mathlib.CategoryTheory.Limits.Shapes.SplitCoequalizer (2.7s)
✔ [2457/2695] Built Mathlib.Data.Nat.Choose.Vandermonde (2.7s)
✔ [2458/2695] Built Mathlib.RingTheory.MatrixAlgebra (13s)
✔ [2459/2695] Built Mathlib.Data.Nat.Choose.Cast (2.1s)
✔ [2460/2695] Built Mathlib.CategoryTheory.Limits.Shapes.WideEqualizers (5.7s)
✔ [2461/2695] Built Mathlib.CategoryTheory.Limits.Shapes.FiniteProducts (2.2s)
✔ [2462/2695] Built Mathlib.LinearAlgebra.Matrix.Block (4.7s)
✔ [2463/2695] Built Mathlib.CategoryTheory.Filtered.Basic (3.0s)
✔ [2464/2695] Built Mathlib.CategoryTheory.Limits.Shapes.Images (7.6s)
✔ [2465/2695] Built Mathlib.CategoryTheory.Limits.Opposites (4.9s)
✔ [2466/2695] Built Mathlib.Tactic.Positivity.Finset (3.7s)
✔ [2467/2697] Built Mathlib.RingTheory.LocalProperties.Submodule (5.3s)
✔ [2468/2697] Built Mathlib.CategoryTheory.Limits.Constructions.WeaklyInitial (2.4s)
✔ [2469/2697] Built Mathlib.LinearAlgebra.Matrix.SchurComplement (8.4s)
✔ [2470/2697] Built Mathlib.CategoryTheory.Limits.Shapes.Multiequalizer (13s)
✔ [2471/2697] Built Mathlib.CategoryTheory.Limits.Preserves.Shapes.Equalizers (3.6s)
✔ [2472/2697] Built Mathlib.RingTheory.MatrixPolynomialAlgebra (4.7s)
✔ [2473/2697] Built Mathlib.CategoryTheory.Limits.Preserves.Finite (3.3s)
✔ [2474/2697] Built Mathlib.CategoryTheory.Limits.Types.Filtered (3.1s)
✔ [2475/2697] Built Mathlib.CategoryTheory.Limits.Filtered (2.0s)
✔ [2476/2697] Built Mathlib.CategoryTheory.Limits.Preserves.Filtered (3.4s)
✔ [2477/2697] Built Mathlib.CategoryTheory.Filtered.Connected (2.8s)
✔ [2478/2697] Built Mathlib.CategoryTheory.Limits.Types.Images (2.5s)
✔ [2479/2697] Built Mathlib.RingTheory.TensorProduct.MvPolynomial (9.1s)
✔ [2480/2697] Built Mathlib.Tactic.Positivity (2.7s)
✔ [2481/2698] Built Mathlib.CategoryTheory.Limits.Shapes.ZeroMorphisms (5.4s)
✔ [2482/2698] Built Mathlib.CategoryTheory.Limits.Shapes.Opposites.Products (4.6s)
✔ [2483/2698] Built Mathlib.CategoryTheory.Limits.FunctorCategory.Finite (2.0s)
✔ [2484/2698] Built Mathlib.CategoryTheory.Limits.Shapes.Opposites.Pullbacks (5.7s)
✔ [2485/2698] Built Mathlib.CategoryTheory.Limits.Final (11s)
✔ [2486/2698] Built Mathlib.CategoryTheory.Limits.Constructions.FiniteProductsOfBinaryProducts (3.2s)
✔ [2487/2698] Built Mathlib.CategoryTheory.Limits.Preserves.Creates.Finite (3.6s)
✔ [2488/2698] Built Mathlib.CategoryTheory.Limits.Shapes.Opposites.Filtered (2.5s)
✔ [2489/2698] Built Mathlib.LinearAlgebra.Matrix.Charpoly.Basic (5.8s)
✔ [2490/2698] Built Mathlib.CategoryTheory.Limits.ConcreteCategory.Basic (2.8s)
✔ [2491/2698] Built Mathlib.CategoryTheory.Limits.ExactFunctor (5.6s)
✔ [2492/2698] Built Mathlib.CategoryTheory.Limits.Preserves.Shapes.Zero (3.1s)
✔ [2493/2698] Built Mathlib.RingTheory.LocalProperties.Exactness (11s)
✔ [2494/2698] Built Mathlib.Algebra.Polynomial.HasseDeriv (4.2s)
✔ [2495/2698] Built Mathlib.LinearAlgebra.TensorProduct.Quotient (10s)
✔ [2496/2698] Built Mathlib.RingTheory.Spectrum.Prime.Basic (4.6s)
✔ [2497/2698] Built Mathlib.Algebra.Category.ModuleCat.Semi (5.3s)
✔ [2498/2698] Built Mathlib.CategoryTheory.Limits.Presentation (3.1s)
✔ [2499/2698] Built Mathlib.CategoryTheory.Limits.Shapes.Pullback.IsPullback.Defs (3.8s)
✔ [2500/2698] Built Mathlib.CategoryTheory.Limits.Preserves.Shapes.Pullbacks (4.7s)
✔ [2501/2698] Built Mathlib.CategoryTheory.Limits.Shapes.Countable (3.2s)
✔ [2502/2698] Built Mathlib.CategoryTheory.ObjectProperty.ContainsZero (2.7s)
✔ [2503/2703] Built Mathlib.CategoryTheory.Limits.Shapes.Opposites.Equalizers (5.7s)
✔ [2504/2703] Built Mathlib.CategoryTheory.ObjectProperty.LimitsOfShape (3.4s)
✔ [2505/2703] Built Mathlib.LinearAlgebra.Matrix.Charpoly.Coeff (7.7s)
✔ [2506/2703] Built Mathlib.RingTheory.Flat.Localization (5.0s)
✔ [2507/2703] Built Mathlib.Algebra.Polynomial.Taylor (4.0s)
✔ [2508/2705] Built Mathlib.Algebra.Homology.ShortComplex.Basic (6.5s)
✔ [2509/2705] Built Mathlib.CategoryTheory.Limits.Constructions.EpiMono (2.4s)
✔ [2510/2705] Built Mathlib.CategoryTheory.Shift.Basic (8.3s)
✔ [2511/2705] Built Mathlib.CategoryTheory.Limits.Constructions.Equalizers (3.5s)
✔ [2512/2705] Built Mathlib.RingTheory.LocalRing.ResidueField.Defs (2.0s)
✔ [2513/2706] Built Mathlib.CategoryTheory.Limits.Constructions.BinaryProducts (3.4s)
✔ [2514/2706] Built Mathlib.RingTheory.Flat.FaithfullyFlat.Basic (9.1s)
✔ [2515/2706] Built Mathlib.CategoryTheory.ObjectProperty.ColimitsOfShape (3.2s)
✔ [2516/2706] Built Mathlib.RingTheory.SurjectiveOnStalks (6.2s)
✔ [2517/2706] Built Mathlib.LinearAlgebra.Matrix.Charpoly.LinearMap (5.2s)
✔ [2518/2706] Built Mathlib.RingTheory.TensorProduct.Quotient (4.5s)
✔ [2519/2707] Built Mathlib.CategoryTheory.Limits.Shapes.Kernels (12s)
✔ [2520/2707] Built Mathlib.CategoryTheory.Limits.FunctorCategory.EpiMono (2.6s)
✔ [2521/2707] Built Mathlib.Algebra.Homology.ShortComplex.Limits (4.9s)
✔ [2522/2707] Built Mathlib.CategoryTheory.Limits.Comma (4.9s)
✔ [2523/2707] Built Mathlib.CategoryTheory.ConcreteCategory.EpiMono (2.3s)
✔ [2524/2707] Built Mathlib.CategoryTheory.Limits.Constructions.ZeroObjects (2.0s)
✔ [2525/2707] Built Mathlib.Algebra.Polynomial.Splits (8.1s)
✔ [2526/2707] Built Mathlib.Algebra.Order.Ring.Idempotent (3.6s)
✔ [2527/2707] Built Mathlib.RingTheory.LocalRing.ResidueField.Basic (4.5s)
✔ [2528/2707] Built Mathlib.CategoryTheory.Limits.FullSubcategory (3.1s)
✔ [2529/2707] Built Mathlib.CategoryTheory.Limits.Shapes.Pullback.IsPullback.Basic (4.6s)
✔ [2530/2707] Built Mathlib.CategoryTheory.Limits.Constructions.LimitsOfProductsAndEqualizers (5.7s)
✔ [2531/2707] Built Mathlib.CategoryTheory.GradedObject (6.0s)
✔ [2532/2707] Built Mathlib.RingTheory.Ideal.MinimalPrime.Localization (4.1s)
✔ [2533/2707] Built Mathlib.CategoryTheory.ConcreteCategory.Elementwise (2.8s)
✔ [2534/2707] Built Mathlib.CategoryTheory.Limits.Shapes.Opposites.Kernels (2.5s)
✔ [2535/2707] Built Mathlib.RingTheory.IntegralClosure.Algebra.Basic (6.5s)
✔ [2536/2711] Built Mathlib.CategoryTheory.Limits.Over (3.3s)
✔ [2537/2711] Built Mathlib.CategoryTheory.Abelian.Images (4.2s)
✔ [2538/2711] Built Mathlib.CategoryTheory.Preadditive.Basic (5.3s)
✔ [2539/2711] Built Mathlib.CategoryTheory.Limits.Preserves.Shapes.Kernels (4.3s)
✔ [2540/2711] Built Mathlib.Algebra.Homology.ShortComplex.LeftHomology (9.6s)
✔ [2541/2711] Built Mathlib.RingTheory.Polynomial.ScaleRoots (4.4s)
✔ [2542/2711] Built Mathlib.Algebra.Category.Grp.EpiMono (5.9s)
✔ [2543/2711] Built Mathlib.Data.ENat.Lattice (3.6s)
✔ [2544/2711] Built Mathlib.CategoryTheory.Limits.Shapes.Biproducts (12s)
✔ [2545/2711] Built Mathlib.Algebra.Category.MonCat.FilteredColimits (5.4s)
✔ [2546/2711] Built Mathlib.RingTheory.LocalRing.ResidueField.Ideal (8.7s)
✔ [2547/2711] Built Mathlib.CategoryTheory.Limits.Constructions.Filtered (8.1s)
✔ [2548/2711] Built Mathlib.CategoryTheory.Preadditive.FunctorCategory (3.1s)
✔ [2549/2715] Built Mathlib.Algebra.Category.Grp.Preadditive (3.9s)
✔ [2550/2715] Built Mathlib.CategoryTheory.Linear.Basic (3.6s)
✔ [2551/2715] Built Mathlib.CategoryTheory.Monoidal.Cartesian.Basic (11s)
✔ [2552/2715] Built Mathlib.CategoryTheory.Limits.Preserves.Shapes.AbelianImages (3.0s)
✔ [2553/2715] Built Mathlib.Order.RelSeries (9.1s)
✔ [2554/2715] Built Mathlib.RingTheory.Polynomial.IntegralNormalization (4.7s)
✔ [2555/2715] Built Mathlib.CategoryTheory.Limits.Presheaf (10s)
✔ [2556/2715] Built Mathlib.Algebra.Category.Grp.FilteredColimits (4.5s)
✔ [2557/2715] Built Mathlib.Algebra.Category.Grp.Kernels (2.4s)
✔ [2558/2716] Built Mathlib.RingTheory.Spectrum.Prime.RingHom (5.4s)
✔ [2559/2716] Built Mathlib.RingTheory.Localization.LocalizationLocalization (4.0s)
✔ [2560/2716] Built Mathlib.Algebra.Category.Grp.Adjunctions (3.5s)
✔ [2561/2716] Built Mathlib.RingTheory.Spectrum.Maximal.Basic (2.5s)
✔ [2562/2716] Built Mathlib.Algebra.Homology.ShortComplex.RightHomology (11s)
✔ [2563/2716] Built Mathlib.CategoryTheory.Linear.FunctorCategory (2.5s)
✔ [2564/2717] Built Mathlib.CategoryTheory.Monoidal.Types.Basic (2.5s)
✔ [2565/2717] Built Mathlib.Algebra.Category.Grp.Colimits (6.7s)
✔ [2566/2717] Built Mathlib.CategoryTheory.Limits.Shapes.BinaryBiproducts (11s)
✔ [2567/2717] Built Mathlib.Algebra.Category.Grp.Limits (8.4s)
✔ [2568/2717] Built Mathlib.CategoryTheory.Limits.Preserves.FunctorCategory (4.2s)
✔ [2569/2717] Built Mathlib.CategoryTheory.Monoidal.Cartesian.Mon_ (7.1s)
✔ [2570/2717] Built Mathlib.RingTheory.Flat.FaithfullyFlat.Algebra (4.9s)
✔ [2571/2717] Built Mathlib.RingTheory.Localization.AsSubring (4.4s)
✔ [2572/2717] Built Mathlib.Order.KrullDimension (8.9s)
✔ [2573/2717] Built Mathlib.Topology.Compactness.Bases (2.7s)
✔ [2574/2717] Built Mathlib.CategoryTheory.Monoidal.Internal.Types.Basic (3.2s)
✔ [2575/2717] Built Mathlib.CategoryTheory.Limits.Shapes.Pullback.IsPullback.BicartesianSq (3.4s)
✔ [2576/2722] Built Mathlib.CategoryTheory.Preadditive.Projective.Basic (3.1s)
✔ [2577/2722] Built Mathlib.RingTheory.IntegralClosure.IsIntegralClosure.Basic (9.1s)
✔ [2578/2722] Built Mathlib.Order.BooleanSubalgebra (9.2s)
✔ [2579/2722] Built Mathlib.CategoryTheory.Limits.Preserves.Shapes.Biproducts (4.1s)
✔ [2580/2722] Built Mathlib.Algebra.Homology.ShortComplex.Homology (8.9s)
✔ [2581/2722] Built Mathlib.RingTheory.KrullDimension.Basic (3.2s)
✔ [2582/2722] Built Mathlib.RingTheory.Spectrum.Maximal.Localization (5.5s)
✔ [2583/2722] Built Mathlib.CategoryTheory.Limits.Types.Pullbacks (3.3s)
✔ [2584/2722] Built Mathlib.Order.Copy (3.2s)
✔ [2585/2722] Built Mathlib.CategoryTheory.Preadditive.Injective.Basic (3.3s)
✔ [2586/2725] Built Mathlib.Topology.LocallyClosed (2.5s)
✔ [2587/2725] Built Mathlib.CategoryTheory.Limits.Shapes.RegularMono (5.1s)
✔ [2588/2726] Built Mathlib.CategoryTheory.Subobject.MonoOver (7.4s)
✔ [2589/2726] Built Mathlib.Algebra.Homology.ShortComplex.QuasiIso (2.7s)
✔ [2590/2726] Built Mathlib.CategoryTheory.Limits.Shapes.ConcreteCategory (3.3s)
✔ [2591/2726] Built Mathlib.Algebra.Category.Ring.Limits (11s)
✔ [2592/2728] Built Mathlib.Topology.Sets.Opens (3.9s)
✔ [2593/2728] Built Mathlib.CategoryTheory.Limits.Shapes.KernelPair (3.2s)
✔ [2594/2728] Built Mathlib.Topology.Spectral.Hom (2.6s)
✔ [2595/2728] Built Mathlib.CategoryTheory.Limits.Shapes.NormalMono.Basic (4.1s)
✔ [2596/2731] Built Mathlib.CategoryTheory.Monoidal.Grp_ (13s)
✔ [2597/2731] Built Mathlib.CategoryTheory.Subobject.Basic (5.8s)
✔ [2598/2732] Built Mathlib.Topology.Sets.OpenCover (2.7s)
✔ [2599/2732] Built Mathlib.Order.Cofinal (2.3s)
✔ [2600/2732] Built Mathlib.CategoryTheory.Preadditive.Biproducts (10s)
✔ [2601/2732] Built Mathlib.Topology.Sets.Closeds (4.5s)
✔ [2602/2732] Built Mathlib.Algebra.Homology.ShortComplex.PreservesHomology (7.5s)
✔ [2603/2732] Built Mathlib.CategoryTheory.Monoidal.Internal.Types.Grp_ (2.4s)
✔ [2604/2732] Built Mathlib.CategoryTheory.Limits.Shapes.NormalMono.Equalizers (3.1s)
✔ [2605/2732] Built Mathlib.CategoryTheory.Subobject.WellPowered (2.5s)
✔ [2606/2739] Built Mathlib.Algebra.Category.Ring.Constructions (9.8s)
✔ [2607/2739] Built Mathlib.CategoryTheory.Subobject.FactorThru (2.8s)
✔ [2608/2739] Built Mathlib.RingTheory.Algebraic.Integral (16s)
✔ [2609/2739] Built Mathlib.Topology.LocalAtTarget (3.5s)
✔ [2610/2739] Built Mathlib.CategoryTheory.Limits.Shapes.Reflexive (7.5s)
✔ [2611/2739] Built Mathlib.Algebra.Category.Grp.Biproducts (2.0s)
✔ [2612/2739] Built Mathlib.Topology.KrullDimension (2.3s)
✔ [2613/2739] Built Mathlib.Order.Ideal (3.9s)
✔ [2614/2739] Built Mathlib.CategoryTheory.Monoidal.CommGrp_ (7.7s)
✔ [2615/2739] Built Mathlib.CategoryTheory.Preadditive.AdditiveFunctor (3.8s)
✔ [2616/2739] Built Mathlib.Topology.NoetherianSpace (2.0s)
✔ [2617/2739] Built Mathlib.CategoryTheory.Limits.Shapes.Diagonal (10s)
✔ [2618/2739] Built Mathlib.CategoryTheory.Subobject.Comma (3.4s)
✔ [2619/2739] Built Mathlib.Topology.Sober (3.0s)
✔ [2620/2739] Built Mathlib.CategoryTheory.Abelian.NonPreadditive (4.7s)
✔ [2621/2739] Built Mathlib.CategoryTheory.Monad.Equalizer (2.8s)
✔ [2622/2739] Built Mathlib.Algebra.Category.Grp.CartesianMonoidal (2.0s)
✔ [2623/2739] Built Mathlib.Algebra.Category.Ring.Under.Basic (5.6s)
✔ [2624/2739] Built Mathlib.CategoryTheory.Monoidal.Internal.Types.CommGrp_ (2.9s)
✔ [2625/2739] Built Mathlib.CategoryTheory.Preadditive.CommGrp_ (3.7s)
✔ [2626/2739] Built Mathlib.CategoryTheory.Preadditive.LeftExact (3.1s)
✔ [2627/2741] Built Mathlib.CategoryTheory.Preadditive.Transfer (2.7s)
✔ [2628/2741] Built Mathlib.CategoryTheory.Subobject.Lattice (7.1s)
✔ [2629/2741] Built Mathlib.RingTheory.Localization.Integral (7.7s)
✔ [2630/2741] Built Mathlib.CategoryTheory.Preadditive.Opposite (3.3s)
✔ [2631/2741] Built Mathlib.Topology.QuasiSeparated (2.4s)
✔ [2632/2741] Built Mathlib.CategoryTheory.Linear.LinearFunctor (3.0s)
✔ [2633/2741] Built Mathlib.CategoryTheory.Monoidal.Preadditive (5.1s)
✔ [2634/2741] Built Mathlib.CategoryTheory.MorphismProperty.Limits (5.4s)
✔ [2635/2741] Built Mathlib.CategoryTheory.Monad.Comonadicity (4.5s)
✔ [2636/2741] Built Mathlib.Algebra.Category.ModuleCat.Basic (10s)
✔ [2637/2742] Built Mathlib.CategoryTheory.Generator.Basic (4.5s)
✔ [2638/2742] Built Mathlib.Algebra.Category.Grp.LeftExactFunctor (5.3s)
✔ [2639/2742] Built Mathlib.CategoryTheory.Subobject.Limits (5.2s)
✔ [2640/2742] Built Mathlib.CategoryTheory.Monoidal.Linear (2.8s)
✔ [2641/2742] Built Mathlib.CategoryTheory.Abelian.Basic (9.9s)
✔ [2642/2742] Built Mathlib.Topology.Sets.Compacts (4.5s)
✔ [2643/2742] Built Mathlib.RingTheory.Ideal.GoingUp (5.9s)
✔ [2644/2742] Built Mathlib.RingTheory.RingHomProperties (4.6s)
✔ [2645/2742] Built Mathlib.Algebra.Category.ModuleCat.Algebra (3.1s)
✔ [2646/2742] Built Mathlib.Algebra.Category.Grp.ZModuleEquivalence (2.3s)
✔ [2647/2742] Built Mathlib.RingTheory.Derivation.Basic (11s)
✔ [2648/2742] Built Mathlib.CategoryTheory.Preadditive.Yoneda.Basic (4.8s)
✔ [2649/2742] Built Mathlib.Algebra.Category.AlgCat.Basic (4.3s)
✔ [2650/2742] Built Mathlib.Algebra.Category.ModuleCat.Products (3.3s)
✔ [2651/2742] Built Mathlib.Algebra.Category.ModuleCat.Colimits (3.4s)
✔ [2652/2742] Built Mathlib.Algebra.Category.ModuleCat.EpiMono (2.5s)
✔ [2653/2742] Built Mathlib.CategoryTheory.Adjunction.AdjointFunctorTheorems (2.3s)
✔ [2654/2742] Built Mathlib.Algebra.Homology.ShortComplex.Preadditive (11s)
✔ [2655/2742] Built Mathlib.Data.SetLike.Fintype (2.0s)
✔ [2656/2742] Built Mathlib.Algebra.Category.CoalgCat.Basic (4.0s)
✔ [2657/2742] Built Mathlib.Algebra.Homology.ImageToKernel (3.2s)
✔ [2658/2742] Built Mathlib.Algebra.Category.ModuleCat.Limits (6.1s)
✔ [2659/2742] Built Mathlib.CategoryTheory.Abelian.Subobject (2.0s)
✔ [2660/2742] Built Mathlib.CategoryTheory.Monoidal.Subcategory (4.2s)
✔ [2661/2742] Built Mathlib.CategoryTheory.Abelian.Transfer (3.3s)
✔ [2662/2742] Built Mathlib.Algebra.Homology.ShortComplex.Abelian (5.4s)
✔ [2663/2742] Built Mathlib.CategoryTheory.Abelian.FunctorCategory (4.2s)
✔ [2664/2742] Built Mathlib.Topology.Spectral.Prespectral (3.6s)
✔ [2665/2744] Built Mathlib.Algebra.Homology.HomologicalComplex (8.8s)
✔ [2666/2744] Built Mathlib.CategoryTheory.Abelian.Opposite (5.3s)
✔ [2667/2744] Built Mathlib.RingTheory.Derivation.ToSquareZero (4.8s)
✔ [2668/2744] Built Mathlib.CategoryTheory.Linear.Yoneda (4.8s)
✔ [2669/2744] Built Mathlib.Algebra.Category.ModuleCat.Injective (3.1s)
✔ [2670/2744] Built Mathlib.Algebra.BrauerGroup.Defs (3.9s)
✔ [2671/2744] Built Mathlib.RingTheory.LocalProperties.Basic (7.0s)
✔ [2672/2744] Built Mathlib.Algebra.Category.CommAlgCat.Basic (6.2s)
✔ [2673/2744] Built Mathlib.Algebra.Category.ModuleCat.Monoidal.Basic (13s)
✔ [2674/2744] Built Mathlib.Algebra.Category.ModuleCat.Kernels (4.6s)
✔ [2675/2744] Built Mathlib.Algebra.Category.BialgCat.Basic (5.7s)
✔ [2676/2745] Built Mathlib.Topology.Spectral.Basic (2.8s)
✔ [2677/2745] Built Mathlib.Algebra.Order.Hom.TypeTags (2.8s)
✔ [2678/2745] Built Mathlib.Topology.Constructible (4.1s)
✔ [2679/2745] Built Mathlib.CategoryTheory.Action.Limits (5.0s)
✔ [2680/2745] Built Mathlib.Algebra.Homology.Functor (2.6s)
✔ [2681/2745] Built Mathlib.Algebra.Category.AlgCat.Limits (7.4s)
✔ [2682/2745] Built Mathlib.Data.ZMod.Aut (2.8s)
✔ [2683/2745] Built Mathlib.Algebra.Category.Grp.Injective (3.0s)
✔ [2684/2745] Built Mathlib.Algebra.Homology.Single (4.4s)
✔ [2685/2745] Built Mathlib.Algebra.Category.CoalgCat.Monoidal (3.7s)
✔ [2686/2745] Built Mathlib.Algebra.Homology.ShortComplex.Exact (6.3s)
✔ [2687/2745] Built Mathlib.Algebra.Category.CommAlgCat.FiniteType (4.4s)
✔ [2688/2745] Built Mathlib.Algebra.Category.AlgCat.Monoidal (4.9s)
✔ [2689/2745] Built Mathlib.Algebra.Category.ModuleCat.Adjunctions (5.5s)
✔ [2690/2746] Built Mathlib.Algebra.Category.ModuleCat.Subobject (3.5s)
✔ [2691/2746] Built Mathlib.Algebra.Category.ModuleCat.Monoidal.Symmetric (3.8s)
✔ [2692/2748] Built Mathlib.Algebra.Category.ModuleCat.Abelian (3.6s)
✔ [2693/2748] Built Mathlib.Algebra.Category.HopfAlgCat.Basic (3.7s)
✔ [2694/2748] Built Mathlib.Data.ZMod.QuotientGroup (3.8s)
✔ [2695/2748] Built Mathlib.Algebra.Category.ModuleCat.Topology.Basic (19s)
✔ [2696/2748] Built Mathlib.CategoryTheory.Abelian.Refinements (2.5s)
✔ [2697/2748] Built Mathlib.Algebra.Homology.Additive (6.4s)
✔ [2698/2748] Built Mathlib.CategoryTheory.Abelian.Exact (4.3s)
✔ [2699/2748] Built Mathlib.Algebra.Module.CharacterModule (7.0s)
✔ [2700/2753] Built Mathlib.Algebra.Homology.ExactSequence (4.7s)
✔ [2701/2753] Built Mathlib.RingTheory.Spectrum.Prime.Topology (8.9s)
✔ [2702/2753] Built Mathlib.Algebra.Homology.ShortComplex.ShortExact (3.1s)
✔ [2703/2753] Built Mathlib.Algebra.Category.Grp.Subobject (2.6s)
✔ [2704/2753] Built Mathlib.Data.Nat.Factorization.LCM (2.6s)
✔ [2705/2753] Built Mathlib.Algebra.Category.AlgCat.Symmetric (2.9s)
✔ [2706/2753] Built Mathlib.Tactic.Peel (2.6s)
✔ [2707/2753] Built Mathlib.Algebra.Category.ModuleCat.Monoidal.Closed (3.5s)
✔ [2708/2754] Built Mathlib.Algebra.Category.Grp.Abelian (2.8s)
✔ [2709/2754] Built Mathlib.Algebra.Homology.Embedding.Restriction (2.4s)
✔ [2710/2754] Built Mathlib.Algebra.Category.ModuleCat.ChangeOfRings (30s)
✔ [2711/2754] Built Mathlib.Algebra.Category.Grp.LargeColimits (3.2s)
✔ [2712/2754] Built Mathlib.Algebra.Category.ModuleCat.Topology.Homology (5.5s)
✔ [2713/2754] Built Mathlib.Algebra.Category.Grp.EnoughInjectives (3.2s)
✔ [2714/2754] Built Mathlib.GroupTheory.Subgroup.Simple (2.2s)
✔ [2715/2754] Built Mathlib.Algebra.Category.CoalgCat.ComonEquivalence (9.0s)
✔ [2716/2754] Built Mathlib.RingTheory.Ideal.GoingDown (3.9s)
✔ [2717/2754] Built Mathlib.Algebra.Category.BialgCat.Monoidal (13s)
✔ [2718/2754] Built Mathlib.CategoryTheory.ObjectProperty.Extensions (2.2s)
✔ [2719/2754] Built Mathlib.Algebra.Homology.ShortComplex.HomologicalComplex (8.1s)
✔ [2720/2756] Built Mathlib.Algebra.Homology.ShortComplex.ExactFunctor (3.1s)
✔ [2721/2756] Built Mathlib.CategoryTheory.ObjectProperty.EpiMono (2.2s)
✔ [2722/2756] Built Mathlib.Algebra.Category.Grp.Images (2.7s)
✔ [2723/2756] Built Mathlib.Algebra.Homology.ShortComplex.Ab (3.2s)
✔ [2724/2756] Built Mathlib.GroupTheory.Exponent (5.0s)
✔ [2725/2757] Built Mathlib.Algebra.Category.Grp.Ulift (3.8s)
✔ [2726/2758] Built Mathlib.Algebra.Homology.ShortComplex.SnakeLemma (7.4s)
✔ [2727/2758] Built Mathlib.RingTheory.RingHom.Flat (4.4s)
✔ [2728/2758] Built Mathlib.RingTheory.Ideal.BigOperators (2.0s)
✔ [2729/2758] Built Mathlib.Algebra.Category.FGModuleCat.Basic (6.1s)
✔ [2730/2758] Built Mathlib.CategoryTheory.Abelian.SerreClass.Basic (2.2s)
✔ [2731/2758] Built Mathlib.Algebra.Category.HopfAlgCat.Monoidal (4.7s)
✔ [2732/2758] Built Mathlib.CategoryTheory.Abelian.GrothendieckAxioms.Basic (3.6s)
✔ [2733/2758] Built Mathlib.Order.Atoms.Finite (2.4s)
✔ [2734/2758] Built Mathlib.Order.CompactlyGenerated.Intervals (2.4s)
✔ [2735/2758] Built Mathlib.Algebra.Homology.ShortComplex.ConcreteCategory (3.4s)
✔ [2736/2763] Built Mathlib.RingTheory.RingHom.FaithfullyFlat (3.1s)
✔ [2737/2763] Built Mathlib.RingTheory.Coprime.Ideal (3.1s)
✔ [2738/2763] Built Mathlib.Algebra.Category.FGModuleCat.Limits (2.8s)
✔ [2739/2763] Built Mathlib.Algebra.Category.FGModuleCat.EssentiallySmall (3.3s)
✔ [2740/2763] Built Mathlib.Algebra.Category.FGModuleCat.Colimits (2.9s)
✔ [2741/2765] Built Mathlib.Algebra.Category.Grp.IsFinite (2.6s)
✔ [2742/2766] Built Mathlib.CategoryTheory.Abelian.GrothendieckCategory.Basic (2.5s)
✔ [2743/2768] Built Mathlib.Algebra.Category.Grp.AB (3.7s)
✔ [2744/2772] Built Mathlib.Control.Bifunctor (2.2s)
✔ [2745/2772] Built Mathlib.GroupTheory.SpecificGroups.Cyclic (10s)
✔ [2746/2772] Built Mathlib.RingTheory.Finiteness.Nakayama (2.9s)
✔ [2747/2774] Built Mathlib.Algebra.Homology.ShortComplex.ModuleCat (6.5s)
✔ [2748/2774] Built Mathlib.RingTheory.ReesAlgebra (3.2s)
✔ [2749/2774] Built Mathlib.Algebra.Category.ModuleCat.AB (3.3s)
✔ [2750/2775] Built Mathlib.Logic.Equiv.Functor (1.9s)
✔ [2751/2775] Built Mathlib.Algebra.Category.CommAlgCat.Monoidal (48s)
✔ [2752/2775] Built Mathlib.GroupTheory.PGroup (3.4s)
✔ [2753/2775] Built Mathlib.RingTheory.Flat.CategoryTheory (3.0s)
✔ [2754/2775] Built Mathlib.RingTheory.Nakayama (4.6s)
✔ [2755/2776] Built Mathlib.Algebra.Category.ModuleCat.Biproducts (4.6s)
✔ [2756/2776] Built Mathlib.Algebra.Polynomial.Module.AEval (9.9s)
✔ [2757/2776] Built Mathlib.Algebra.Category.ModuleCat.EnoughInjectives (2.5s)
✔ [2758/2776] Built Mathlib.Algebra.Category.FGModuleCat.Abelian (12s)
✔ [2759/2776] Built Mathlib.Order.JordanHolder (3.0s)
✔ [2760/2776] Built Mathlib.GroupTheory.Torsion (3.9s)
✔ [2761/2778] Built Mathlib.Algebra.Category.ModuleCat.Descent (3.7s)
✔ [2762/2781] Built Mathlib.Algebra.Category.ModuleCat.Projective (3.0s)
✔ [2763/2782] Built Mathlib.GroupTheory.Sylow (6.0s)
✔ [2764/2785] Built Mathlib.Algebra.Category.ModuleCat.Presheaf (11s)
✔ [2765/2785] Built Mathlib.Algebra.Homology.HomologicalComplexLimits (3.8s)
✔ [2766/2785] Built Mathlib.Algebra.Homology.Linear (3.7s)
✔ [2767/2789] Built Mathlib.Algebra.Module.ZMod (3.7s)
✔ [2768/2789] Built Mathlib.CategoryTheory.MorphismProperty.IsInvertedBy (2.3s)
✔ [2769/2790] Built Mathlib.Algebra.Polynomial.Module.Basic (7.6s)
✔ [2770/2794] Built Mathlib.Algebra.Homology.HomologicalComplexBiprod (2.0s)
✔ [2771/2803] Built Mathlib.Algebra.Homology.HomologicalComplexAbelian (3.0s)
✔ [2772/2803] Built Mathlib.CategoryTheory.Quotient (3.2s)
✔ [2773/2803] Built Mathlib.RingTheory.SimpleModule.Basic (10s)
✔ [2774/2804] Built Mathlib.Algebra.Category.ContinuousCohomology.Basic (34s)
✔ [2775/2804] Built Mathlib.RingTheory.Filtration (5.5s)
✔ [2776/2813] Built Mathlib.Algebra.Category.CommBialgCat (17s)
✔ [2777/2813] Built Mathlib.CategoryTheory.Quotient.Preadditive (2.9s)
✔ [2778/2813] Built Mathlib.CategoryTheory.Quotient.Linear (2.9s)
✔ [2779/2814] Built Mathlib.CategoryTheory.Shift.CommShift (7.9s)
✔ [2780/2824] Built Mathlib.Algebra.Homology.HomologySequence (6.2s)
✔ [2781/2825] Built Mathlib.CategoryTheory.PathCategory.Basic (2.6s)
✔ [2782/2829] Built Mathlib.CategoryTheory.CatCommSq (3.1s)
✔ [2783/2832] Built Mathlib.CategoryTheory.Shift.ShiftSequence (4.0s)
✔ [2784/2837] Built Mathlib.CategoryTheory.ObjectProperty.Shift (2.3s)
✔ [2785/2837] Built Mathlib.CategoryTheory.PathCategory.MorphismProperty (2.2s)
✔ [2786/2837] Built Mathlib.Algebra.Homology.Homotopy (12s)
✔ [2787/2837] Built Mathlib.CategoryTheory.MorphismProperty.Retract (2.1s)
✔ [2788/2837] Built Mathlib.CategoryTheory.Triangulated.Basic (11s)
✔ [2789/2837] Built Mathlib.CategoryTheory.Shift.Induced (4.8s)
✔ [2790/2837] Built Mathlib.CategoryTheory.Shift.InducedShiftSequence (2.9s)
✔ [2791/2837] Built Mathlib.CategoryTheory.Category.Quiv (3.1s)
✔ [2792/2841] Built Mathlib.Algebra.Homology.ShortComplex.Retract (2.3s)
✔ [2793/2841] Built Mathlib.Algebra.Module.Torsion.Basic (10s)
✔ [2794/2841] Built Mathlib.Algebra.Homology.HomotopyCategory (3.5s)
✔ [2795/2846] Built Mathlib.CategoryTheory.Shift.SingleFunctors (4.7s)
✔ [2796/2851] Built Mathlib.CategoryTheory.Shift.Quotient (2.8s)
✔ [2797/2853] Built Mathlib.CategoryTheory.Triangulated.Rotate (4.3s)
✔ [2798/2853] Built Mathlib.Algebra.Homology.HomotopyCofiber (6.6s)
✔ [2799/2853] Built Mathlib.Algebra.Homology.Embedding.Boundary (2.6s)
✔ [2800/2855] Built Mathlib.CategoryTheory.Localization.Construction (4.2s)
✔ [2801/2858] Built Mathlib.Algebra.Homology.QuasiIso (4.2s)
✔ [2802/2858] Built Mathlib.Algebra.Homology.Embedding.RestrictionHomology (3.9s)
✔ [2803/2865] Built Mathlib.Algebra.Homology.SingleHomology (3.6s)
✔ [2804/2865] Built Mathlib.Algebra.Homology.HomotopyCategory.HomComplex (10s)
✔ [2805/2865] Built Mathlib.CategoryTheory.Shift.ShiftedHom (3.6s)
✔ [2806/2865] Built Mathlib.CategoryTheory.Localization.Predicate (4.3s)
✔ [2807/2870] Built Mathlib.RingTheory.Ideal.Cotangent (8.4s)
✔ [2808/2870] Built Mathlib.Algebra.Homology.HomotopyCategory.Shift (6.3s)
✔ [2809/2870] Built Mathlib.Algebra.Homology.Refinements (2.5s)
✔ [2810/2870] Built Mathlib.CategoryTheory.Localization.HasLocalization (2.0s)
✔ [2811/2870] Built Mathlib.CategoryTheory.Localization.Equivalence (2.3s)
✔ [2812/2870] Built Mathlib.Algebra.Homology.Opposite (5.8s)
✔ [2813/2876] Built Mathlib.CategoryTheory.Abelian.DiagramLemmas.Four (5.3s)
✔ [2814/2876] Built Mathlib.CategoryTheory.Triangulated.TriangleShift (10s)
✔ [2815/2876] Built Mathlib.CategoryTheory.Localization.Opposite (2.4s)
✔ [2816/2877] Built Mathlib.Algebra.Homology.HomotopyCategory.SingleFunctors (4.3s)
✔ [2817/2877] Built Mathlib.Algebra.Homology.Embedding.IsSupported (3.4s)
✔ [2818/2877] Built Mathlib.CategoryTheory.Shift.Adjunction (5.6s)
✔ [2819/2877] Built Mathlib.CategoryTheory.Localization.LocalizerMorphism (2.7s)
✔ [2820/2877] Built Mathlib.Algebra.Homology.HomotopyCategory.HomComplexShift (8.0s)
✔ [2821/2877] Built Mathlib.Algebra.Homology.HomotopyCategory.MappingCone (10s)
✔ [2822/2877] Built Mathlib.Algebra.Homology.HomologySequenceLemmas (4.6s)
✔ [2823/2877] Built Mathlib.CategoryTheory.Triangulated.Pretriangulated (6.6s)
✔ [2824/2877] Built Mathlib.CategoryTheory.Localization.CalculusOfFractions (5.6s)
✔ [2825/2877] Built Mathlib.Algebra.Homology.Embedding.Extend (4.5s)
✔ [2826/2877] Built Mathlib.CategoryTheory.Shift.Localization (4.2s)
✔ [2827/2877] Built Mathlib.Algebra.Module.Presentation.Basic (6.4s)
✔ [2828/2878] Built Mathlib.CategoryTheory.Shift.Opposite (4.9s)
✔ [2829/2878] Built Mathlib.CategoryTheory.Shift.Pullback (5.5s)
✔ [2830/2878] Built Mathlib.CategoryTheory.Localization.Composition (2.3s)
✔ [2831/2878] Built Mathlib.CategoryTheory.Localization.HomEquiv (2.0s)
✔ [2832/2880] Built Mathlib.CategoryTheory.Localization.CalculusOfFractions.ComposableArrows (2.0s)
✔ [2833/2880] Built Mathlib.CategoryTheory.Localization.CalculusOfFractions.Fractions (2.7s)
✔ [2834/2880] Built Mathlib.Algebra.Homology.Embedding.HomEquiv (3.8s)
✔ [2835/2880] Built Mathlib.CategoryTheory.Triangulated.Triangulated (5.3s)
✔ [2836/2880] Built Mathlib.Algebra.Homology.Embedding.ExtendHomology (5.5s)
✔ [2837/2880] Built Mathlib.Algebra.Homology.HomotopyCategory.ShiftSequence (5.5s)
✔ [2838/2880] Built Mathlib.Algebra.RingQuot (5.5s)
✔ [2839/2882] Built Mathlib.Algebra.Homology.Localization (4.6s)
✔ [2840/2882] Built Mathlib.CategoryTheory.Triangulated.Opposite.Basic (5.8s)
✔ [2841/2882] Built Mathlib.CategoryTheory.Localization.SmallHom (3.0s)
✔ [2842/2882] Built Mathlib.CategoryTheory.Localization.CalculusOfFractions.Preadditive (3.9s)
✔ [2843/2882] Built Mathlib.LinearAlgebra.Matrix.Nondegenerate (3.1s)
✔ [2844/2886] Built Mathlib.Algebra.Homology.Embedding.TruncGE (5.1s)
✔ [2845/2886] Built Mathlib.LinearAlgebra.Matrix.Basis (4.5s)
✔ [2846/2889] Built Mathlib.CategoryTheory.Shift.ShiftedHomOpposite (3.5s)
✔ [2847/2889] Built Mathlib.Algebra.CharP.Reduced (2.5s)
✔ [2848/2893] Built Mathlib.CategoryTheory.Triangulated.Opposite.Triangle (6.3s)
✔ [2849/2895] Built Mathlib.Algebra.Homology.Embedding.TruncGEHomology (3.8s)
✔ [2850/2899] Built Mathlib.CategoryTheory.Localization.SmallShiftedHom (4.8s)
✔ [2851/2900] Built Mathlib.Algebra.Ring.Subring.Units (2.3s)
✔ [2852/2905] Built Mathlib.Algebra.Homology.Embedding.TruncLE (4.4s)
✔ [2853/2905] Built Mathlib.RingTheory.IntegralDomain (4.3s)
✔ [2854/2905] Built Mathlib.LinearAlgebra.Basis.Bilinear (2.9s)
✔ [2855/2913] Built Mathlib.Algebra.Ring.Associator (2.7s)
✔ [2856/2914] Built Mathlib.Algebra.GradedMonoid (4.1s)
✔ [2857/2915] Built Mathlib.Algebra.Homology.Embedding.TruncLEHomology (3.4s)
✔ [2858/2915] Built Mathlib.Data.Fintype.Sort (2.3s)
✔ [2859/2915] Built Mathlib.Algebra.TrivSqZeroExt (18s)
✔ [2860/2915] Built Mathlib.Algebra.DirectSum.Decomposition (5.0s)
✔ [2861/2917] Built Mathlib.RingTheory.Kaehler.Basic (34s)
✔ [2862/2917] Built Mathlib.RingTheory.RootsOfUnity.Basic (4.6s)
✔ [2863/2917] Built Mathlib.CategoryTheory.Triangulated.Functor (16s)
✔ [2864/2917] Built Mathlib.Algebra.Category.ModuleCat.FilteredColimits (4.1s)
✔ [2865/2919] Built Mathlib.Algebra.Category.ModuleCat.Free (3.8s)
✔ [2866/2919] Built Mathlib.Algebra.Category.ModuleCat.Images (3.5s)
✔ [2867/2919] Built Mathlib.Algebra.Homology.Embedding.AreComplementary (3.4s)
✔ [2868/2919] Built Mathlib.Algebra.Homology.LeftResolution.Basic (5.1s)
✔ [2869/2922] Built Mathlib.LinearAlgebra.TensorAlgebra.Basic (5.7s)
✔ [2870/2922] Built Mathlib.Algebra.Category.ModuleCat.Differentials.Basic (5.0s)
✔ [2871/2922] Built Mathlib.LinearAlgebra.Multilinear.Curry (6.0s)
✔ [2872/2923] Built Mathlib.Algebra.DirectSum.Ring (7.0s)
✔ [2873/2923] Built Mathlib.CategoryTheory.Localization.Triangulated (4.3s)
✔ [2874/2923] Built Mathlib.Algebra.Module.LocalizedModule.Exact (3.4s)
✔ [2875/2924] Built Mathlib.Algebra.Category.ModuleCat.LeftResolution (3.1s)
✔ [2876/2924] Built Mathlib.LinearAlgebra.Matrix.SpecialLinearGroup (7.4s)
✔ [2877/2925] Built Mathlib.Algebra.Homology.Embedding.CochainComplex (4.5s)
✔ [2878/2926] Built Mathlib.Algebra.Category.ModuleCat.Presheaf.Colimits (5.8s)
✔ [2879/2926] Built Mathlib.Algebra.Category.ModuleCat.Presheaf.Limits (4.9s)
✔ [2880/2926] Built Mathlib.LinearAlgebra.Alternating.Curry (3.1s)
✔ [2881/2927] Built Mathlib.Algebra.Homology.HomotopyCategory.Pretriangulated (9.9s)
✔ [2882/2927] Built Mathlib.Algebra.DirectSum.Algebra (4.2s)
✔ [2883/2927] Built Mathlib.CategoryTheory.Triangulated.Subcategory (3.8s)
✔ [2884/2927] Built Mathlib.Algebra.Category.ModuleCat.Presheaf.ChangeOfRings (4.7s)
✔ [2885/2928] Built Mathlib.Algebra.Category.ModuleCat.Presheaf.EpiMono (2.7s)
✔ [2886/2928] Built Mathlib.Algebra.Category.ModuleCat.Differentials.Presheaf (8.6s)
✔ [2887/2928] Built Mathlib.Algebra.Category.ModuleCat.Localization (4.4s)
✔ [2888/2929] Built Mathlib.Algebra.Category.ModuleCat.Presheaf.Abelian (3.6s)
✔ [2889/2931] Built Mathlib.Algebra.Category.ModuleCat.Presheaf.Free (4.9s)
✔ [2890/2931] Built Mathlib.LinearAlgebra.Matrix.GeneralLinearGroup.Defs (5.5s)
✔ [2891/2931] Built Mathlib.CategoryTheory.Adjunction.PartialAdjoint (3.4s)
✔ [2892/2931] Built Mathlib.CategoryTheory.Triangulated.HomologicalFunctor (4.3s)
✔ [2893/2931] Built Mathlib.Algebra.Category.ModuleCat.Presheaf.Monoidal (6.2s)
✔ [2894/2933] Built Mathlib.Algebra.Category.ModuleCat.Presheaf.Generator (4.0s)
✔ [2895/2938] Built Mathlib.Algebra.Homology.HomotopyCategory.Triangulated (6.9s)
✔ [2896/2938] Built Mathlib.Algebra.Homology.HomotopyCategory.DegreewiseSplit (6.3s)
✔ [2897/2943] Built Mathlib.CategoryTheory.Adjunction.CompositionIso (3.3s)
✔ [2898/2947] Built Mathlib.CategoryTheory.Limits.Preserves.Creates.Pullbacks (2.2s)
✔ [2899/2950] Built Mathlib.CategoryTheory.Triangulated.Opposite.Pretriangulated (3.9s)
✔ [2900/2950] Built Mathlib.Algebra.DirectSum.Internal (8.5s)
✔ [2901/2950] Built Mathlib.LinearAlgebra.Matrix.ToLinearEquiv (4.5s)
✔ [2902/2950] Built Mathlib.Algebra.Homology.HomotopyCategory.HomologicalFunctor (3.3s)
✔ [2903/2950] Built Mathlib.CategoryTheory.Limits.Types.Equalizers (2.5s)
✔ [2904/2952] Built Mathlib.Algebra.Category.ModuleCat.Presheaf.Pushforward (10s)
✔ [2905/2952] Built Mathlib.CategoryTheory.Subfunctor.Basic (3.9s)
✔ [2906/2955] Built Mathlib.CategoryTheory.Triangulated.Yoneda (3.8s)
✔ [2907/2955] Built Mathlib.CategoryTheory.Sites.Sieves (6.0s)
✔ [2908/2955] Built Mathlib.Algebra.Homology.HomotopyCategory.Acyclic (2.9s)
✔ [2909/2955] Built Mathlib.Algebra.Homology.HomotopyCategory.ShortExact (4.9s)
✔ [2910/2955] Built Mathlib.CategoryTheory.Products.Bifunctor (2.2s)
✔ [2911/2958] Built Mathlib.Algebra.Category.ModuleCat.Presheaf.Pullback (4.3s)
✔ [2912/2958] Built Mathlib.CategoryTheory.Limits.ColimitLimit (2.9s)
✔ [2913/2959] Built Mathlib.CategoryTheory.Subfunctor.Image (3.0s)
✔ [2914/2960] Built Mathlib.RingTheory.GradedAlgebra.Basic (7.2s)
✔ [2915/2964] Built Mathlib.CategoryTheory.Sites.Precoverage (3.7s)
✔ [2916/2964] Built Mathlib.Topology.Category.TopCat.EpiMono (2.6s)
✔ [2917/2964] Built Mathlib.Algebra.Homology.DerivedCategory.Basic (4.6s)
✔ [2918/2964] Built Mathlib.CategoryTheory.Sites.Grothendieck (5.4s)
✔ [2919/2964] Built Mathlib.CategoryTheory.Limits.MonoCoprod (3.9s)
✔ [2920/2964] Built Mathlib.CategoryTheory.Limits.FilteredColimitCommutesFiniteLimit (5.5s)
✔ [2921/2965] Built Mathlib.CategoryTheory.Limits.Shapes.DisjointCoproduct (3.3s)
✔ [2922/2977] Built Mathlib.Algebra.Homology.DerivedCategory.ShortExact (3.5s)
✔ [2923/2977] Built Mathlib.CategoryTheory.Sites.IsSheafFor (9.1s)
✔ [2924/2977] Built Mathlib.CategoryTheory.Limits.VanKampen (7.0s)
✔ [2925/2979] Built Mathlib.Algebra.Homology.DerivedCategory.HomologySequence (3.5s)
✔ [2926/2979] Built Mathlib.CategoryTheory.ObjectProperty.Local (2.9s)
✔ [2927/2979] Built Mathlib.CategoryTheory.Sites.Pretopology (3.6s)
✔ [2928/2982] Built Mathlib.CategoryTheory.Subfunctor.Sieves (1.9s)
✔ [2929/2984] Built Mathlib.Topology.Category.TopCat.Limits.Products (6.4s)
✔ [2930/2984] Built Mathlib.CategoryTheory.Adjunction.Opposites (2.6s)
✔ [2931/2985] Built Mathlib.LinearAlgebra.Matrix.SesquilinearForm (17s)
✔ [2932/2985] Built Mathlib.CategoryTheory.Functor.ReflectsIso.Balanced (1.9s)
✔ [2933/2992] Built Mathlib.Algebra.Homology.DerivedCategory.SingleTriangle (3.4s)
✔ [2934/2992] Built Mathlib.Algebra.Homology.DerivedCategory.Fractions (3.6s)
✔ [2935/2996] Built Mathlib.CategoryTheory.Sites.EqualizerSheafCondition (4.1s)
✔ [2936/3000] Built Mathlib.CategoryTheory.Sites.SheafOfTypes (3.3s)
✔ [2937/3002] Built Mathlib.CategoryTheory.Localization.Adjunction (2.9s)
✔ [2938/3002] Built Mathlib.CategoryTheory.Bicategory.LocallyDiscrete (3.4s)
✔ [2939/3002] Built Mathlib.Algebra.Homology.DerivedCategory.FullyFaithful (3.1s)
✔ [2940/3002] Built Mathlib.Topology.Category.TopCat.Limits.Pullbacks (4.8s)
✔ [2941/3004] Built Mathlib.CategoryTheory.Limits.Bicones (3.4s)
✔ [2942/3004] Built Mathlib.CategoryTheory.Limits.Preserves.Opposites (3.6s)
✔ [2943/3005] Built Mathlib.CategoryTheory.Localization.Bousfield (3.5s)
✔ [2944/3006] Built Mathlib.CategoryTheory.Sites.Hypercover.Zero (7.3s)
✔ [2945/3007] Built Mathlib.CategoryTheory.Discrete.StructuredArrow (2.5s)
✔ [2946/3007] Built Mathlib.CategoryTheory.Bicategory.Functor.LocallyDiscrete (6.9s)
✔ [2947/3009] Built Mathlib.CategoryTheory.Sites.Sheaf (8.0s)
✔ [2948/3009] Built Mathlib.CategoryTheory.Sites.PrecoverageToGrothendieck (2.0s)
✔ [2949/3010] Built Mathlib.Algebra.Homology.DerivedCategory.Ext.Basic (7.7s)
✔ [2950/3010] Built Mathlib.CategoryTheory.Extensive (7.4s)
✔ [2951/3010] Built Mathlib.CategoryTheory.Functor.Flat (6.3s)
✔ [2952/3010] Built Mathlib.CategoryTheory.Limits.Final.Connected (2.1s)
✔ [2953/3010] Built Mathlib.CategoryTheory.Monoidal.FunctorCategory (6.2s)
✔ [2954/3010] Built Mathlib.CategoryTheory.Monoidal.Closed.Cartesian (2.6s)
✔ [2955/3010] Built Mathlib.Algebra.Category.ModuleCat.Pseudofunctor (3.2s)
✔ [2956/3012] Built Mathlib.CategoryTheory.Monoidal.Cartesian.FunctorCategory (3.8s)
✔ [2957/3016] Built Mathlib.CategoryTheory.Sites.Sheafification (3.5s)
✔ [2958/3016] Built Mathlib.CategoryTheory.Sites.Coverage (3.9s)
✔ [2959/3019] Built Mathlib.CategoryTheory.Monoidal.Limits.Preserves (2.4s)
✔ [2960/3019] Built Mathlib.CategoryTheory.Sites.Whiskering (3.7s)
✔ [2961/3019] Built Mathlib.Algebra.Homology.DerivedCategory.Ext.ExtClass (5.3s)
✔ [2962/3019] Built Mathlib.CategoryTheory.Adhesive (3.9s)
✔ [2963/3021] Built Mathlib.CategoryTheory.Sites.Localization (2.9s)
✔ [2964/3021] Built Mathlib.CategoryTheory.Monoidal.Closed.Types (3.0s)
✔ [2965/3022] Built Mathlib.CategoryTheory.Sites.Plus (6.6s)
✔ [2966/3022] Built Mathlib.CategoryTheory.Monoidal.ExternalProduct.Basic (4.9s)
✔ [2967/3022] Built Mathlib.LinearAlgebra.QuadraticForm.Basic (22s)
✔ [2968/3022] Built Mathlib.CategoryTheory.Limits.Shapes.Connected (2.0s)
✔ [2969/3024] Built Mathlib.CategoryTheory.Limits.IsConnected (2.4s)
✔ [2970/3025] Built Mathlib.CategoryTheory.Sites.Limits (3.3s)
✔ [2971/3028] Built Mathlib.CategoryTheory.Sites.CoversTop (2.7s)
✔ [2972/3028] Built Mathlib.CategoryTheory.Limits.Final.Type (2.3s)
✔ [2973/3028] Built Mathlib.CategoryTheory.Limits.Fubini (8.5s)
✔ [2974/3030] Built Mathlib.CategoryTheory.Simple (2.7s)
✔ [2975/3032] Built Mathlib.LinearAlgebra.QuadraticForm.Isometry (4.5s)
✔ [2976/3033] Built Mathlib.CategoryTheory.Sites.CompatiblePlus (5.0s)
✔ [2977/3033] Built Mathlib.Algebra.PEmptyInstances (1.4s)
✔ [2978/3034] Built Mathlib.CategoryTheory.Sites.ConcreteSheafification (6.1s)
✔ [2979/3034] Built Mathlib.Algebra.Category.ModuleCat.Tannaka (3.4s)
✔ [2980/3034] Built Mathlib.Algebra.Category.ModuleCat.Simple (2.8s)
✔ [2981/3034] Built Mathlib.Algebra.Group.WithOne.Basic (2.5s)
✔ [2982/3034] Built Mathlib.Algebra.Category.MonCat.Colimits (2.9s)
✔ [2983/3035] Built Mathlib.Algebra.Homology.DerivedCategory.Ext.ExactSequences (10s)
✔ [2984/3035] Built Mathlib.CategoryTheory.Limits.Preserves.Bifunctor (6.8s)
✔ [2985/3036] Built Mathlib.LinearAlgebra.QuadraticForm.IsometryEquiv (4.3s)
✔ [2986/3037] Built Mathlib.CategoryTheory.Sites.CompatibleSheafification (3.8s)
✔ [2987/3037] Built Mathlib.Algebra.Category.Semigrp.Basic (4.9s)
✔ [2988/3037] Built Mathlib.CategoryTheory.Sites.Hypercover.One (13s)
✔ [2989/3037] Built Mathlib.Algebra.Category.MonCat.Yoneda (3.4s)
✔ [2990/3038] Built Mathlib.CategoryTheory.Sites.Subsheaf (3.8s)
✔ [2991/3038] Built Mathlib.Algebra.Homology.DerivedCategory.Ext.EnoughProjectives (3.8s)
✔ [2992/3038] Built Mathlib.Algebra.Category.Ring.Epi (3.3s)
✔ [2993/3039] Built Mathlib.CategoryTheory.Sites.LeftExact (6.2s)
✔ [2994/3039] Built Mathlib.CategoryTheory.Limits.Sifted (4.1s)
✔ [2995/3039] Built Mathlib.Algebra.Category.Ring.Adjunctions (6.0s)
✔ [2996/3039] Built Mathlib.CategoryTheory.Sites.Hypercover.IsSheaf (2.9s)
✔ [2997/3039] Built Mathlib.Algebra.Category.MonCat.Adjunctions (3.7s)
✔ [2998/3039] Built Mathlib.CategoryTheory.Limits.Preserves.Over (2.6s)
✔ [2999/3047] Built Mathlib.CategoryTheory.Sites.PreservesSheafification (4.8s)
✔ [3000/3047] Built Mathlib.Algebra.Category.ModuleCat.Ext.HasExt (2.9s)
✔ [3001/3047] Built Mathlib.Algebra.Category.Ring.FilteredColimits (5.6s)
✔ [3002/3050] Built Mathlib.CategoryTheory.Limits.Shapes.FiniteMultiequalizer (2.8s)
✔ [3003/3050] Built Mathlib.SetTheory.Cardinal.HasCardinalLT (2.9s)
✔ [3004/3050] Built Mathlib.Algebra.Category.Ring.LinearAlgebra (3.3s)
✔ [3005/3054] Built Mathlib.CategoryTheory.Filtered.Final (3.8s)
✔ [3006/3054] Built Mathlib.LinearAlgebra.CliffordAlgebra.Basic (9.9s)
✔ [3007/3055] Built Mathlib.CategoryTheory.Sites.Continuous (4.3s)
✔ [3008/3055] Built Mathlib.CategoryTheory.Sites.LocallyInjective (3.9s)
✔ [3009/3055] Built Mathlib.Algebra.Category.Ring.Topology (5.0s)
✔ [3010/3056] Built Mathlib.CategoryTheory.Comma.CardinalArrow (2.5s)
✔ [3011/3056] Built Mathlib.LinearAlgebra.TensorProduct.Pi (5.1s)
✔ [3012/3056] Built Mathlib.Algebra.Central.Matrix (2.5s)
✔ [3013/3056] Built Mathlib.CategoryTheory.Limits.Constructions.Over.Connected (3.9s)
✔ [3014/3056] Built Mathlib.Algebra.CharP.Algebra (2.0s)
✔ [3015/3056] Built Mathlib.CategoryTheory.Sites.CoverPreserving (2.8s)
✔ [3016/3059] Built Mathlib.LinearAlgebra.TensorProduct.Prod (6.7s)
✔ [3017/3059] Built Mathlib.Algebra.Module.SnakeLemma (6.2s)
✔ [3018/3060] Built Mathlib.CategoryTheory.Sites.CoverLifting (5.2s)
✔ [3019/3061] Built Mathlib.Algebra.CharP.CharAndCard (3.2s)
✔ [3020/3061] Built Mathlib.CategoryTheory.Sites.LocallySurjective (5.8s)
✔ [3021/3062] Built Mathlib.LinearAlgebra.ExteriorAlgebra.Basic (8.9s)
✔ [3022/3062] Built Mathlib.CategoryTheory.Presentable.IsCardinalFiltered (5.2s)
✔ [3023/3063] Built Mathlib.Algebra.CharP.Invertible (2.8s)
✔ [3024/3064] Built Mathlib.RingTheory.TensorProduct.Pi (5.8s)
✔ [3025/3064] Built Mathlib.Algebra.CharP.LocalRing (2.6s)
✔ [3026/3065] Built Mathlib.CategoryTheory.Sites.LocallyFullyFaithful (2.6s)
✔ [3027/3066] Built Mathlib.LinearAlgebra.CliffordAlgebra.Grading (11s)
✔ [3028/3066] Built Mathlib.CategoryTheory.Sites.LocallyBijective (2.8s)
✔ [3029/3066] Built Mathlib.Algebra.CharP.LinearMaps (4.4s)
✔ [3030/3067] Built Mathlib.Algebra.CharP.Pi (1.9s)
✔ [3031/3067] Built Mathlib.CategoryTheory.Presentable.Basic (3.1s)
✔ [3032/3068] Built Mathlib.Algebra.CharP.Quotient (2.9s)
✔ [3033/3068] Built Mathlib.Algebra.CharP.Subring (2.7s)
✔ [3034/3068] Built Mathlib.Algebra.CharZero.AddMonoidHom (2.0s)
✔ [3035/3068] Built Mathlib.Algebra.CharP.MixedCharZero (3.4s)
✔ [3036/3068] Built Mathlib.FieldTheory.IntermediateField.Basic (12s)
✔ [3037/3071] Built Mathlib.Algebra.CharZero.Infinite (2.0s)
✔ [3038/3071] Built Mathlib.CategoryTheory.Sites.DenseSubsite.Basic (5.4s)
✔ [3039/3071] Built Mathlib.CategoryTheory.Presentable.Finite (2.7s)
✔ [3040/3076] Built Mathlib.Algebra.CharZero.Quotient (2.5s)
✔ [3041/3076] Built Mathlib.LinearAlgebra.CliffordAlgebra.Conjugation (6.5s)
✔ [3042/3076] Built Mathlib.Algebra.Category.ModuleCat.Sheaf (5.3s)
✔ [3043/3076] Built Mathlib.RingTheory.FreeRing (2.6s)
✔ [3044/3076] Built Mathlib.Algebra.CharP.IntermediateField (2.9s)
✔ [3045/3076] Built Mathlib.CategoryTheory.Sites.PreservesLocallyBijective (2.7s)
✔ [3046/3076] Built Mathlib.Data.Stream.Defs (1.2s)
✔ [3047/3082] Built Mathlib.Algebra.Category.ModuleCat.Sheaf.Limits (3.6s)
✔ [3048/3082] Built Mathlib.Algebra.Category.ModuleCat.Sheaf.ChangeOfRings (3.8s)
✔ [3049/3082] Built Mathlib.Data.Stream.Init (3.2s)
✔ [3050/3087] Built Mathlib.CategoryTheory.Sites.DenseSubsite.SheafEquiv (6.8s)
✔ [3051/3087] Built Mathlib.Algebra.Category.Ring.FinitePresentation (6.5s)
✔ [3052/3087] Built Mathlib.RingTheory.FreeCommRing (4.2s)
✔ [3053/3092] Built Mathlib.LinearAlgebra.CliffordAlgebra.Fold (6.5s)
✔ [3054/3092] Built Mathlib.Tactic.ENatToNat (2.6s)
✔ [3055/3093] Built Mathlib.Tactic.Monotonicity.Basic (1.1s)
✔ [3056/3094] Built Mathlib.Data.Seq.Computation (4.0s)
✔ [3057/3095] Built Mathlib.CategoryTheory.Sites.DenseSubsite.InducedTopology (3.3s)
✔ [3058/3095] Built Mathlib.Data.Nat.Fib.Basic (3.3s)
✔ [3059/3095] Built Mathlib.Tactic.Monotonicity.Lemmas (2.3s)
✔ [3060/3097] Built Mathlib.Algebra.DirectSum.AddChar (2.9s)
✔ [3061/3097] Built Mathlib.Data.Seq.Defs (3.3s)
✔ [3062/3098] Built Mathlib.Algebra.Colimit.Ring (7.7s)
✔ [3063/3098] Built Mathlib.Tactic.Monotonicity (2.1s)
✔ [3064/3098] Built Mathlib.RingTheory.Flat.Equalizer (26s)
✔ [3065/3099] Built Mathlib.CategoryTheory.Sites.Equivalence (5.6s)
✔ [3066/3099] Built Mathlib.Algebra.CubicDiscriminant (6.1s)
✔ [3067/3100] Built Mathlib.LinearAlgebra.ExteriorAlgebra.OfAlternating (7.4s)
✔ [3068/3100] Built Mathlib.Algebra.Category.ModuleCat.Presheaf.Sheafify (10s)
✔ [3069/3100] Built Mathlib.Algebra.ContinuedFractions.Basic (2.4s)
✔ [3070/3100] Built Mathlib.Data.Seq.Basic (5.1s)
✔ [3071/3105] Built Mathlib.RingTheory.Finiteness.Prod (3.5s)
✔ [3072/3105] Built Mathlib.RingTheory.Idempotents (8.0s)
✔ [3073/3105] Built Mathlib.CategoryTheory.Sites.Over (5.6s)
✔ [3074/3106] Built Mathlib.RingTheory.TensorProduct.Free (4.6s)
✔ [3075/3106] Built Mathlib.Algebra.ContinuedFractions.Computation.Basic (2.6s)
✔ [3076/3106] Built Mathlib.Algebra.ContinuedFractions.Translations (2.7s)
✔ [3077/3107] Built Mathlib.Algebra.Ring.Action.ConjAct (2.4s)
✔ [3078/3107] Built Mathlib.Algebra.Divisibility.Finite (2.4s)
✔ [3079/3107] Built Mathlib.Algebra.DirectSum.Idempotents (3.9s)
✔ [3080/3107] Built Mathlib.Algebra.Divisibility.Prod (2.5s)
✔ [3081/3107] Built Mathlib.Algebra.Category.ModuleCat.Presheaf.Sheafification (8.0s)
✔ [3082/3107] Built Mathlib.Algebra.ContinuedFractions.Computation.Translations (3.4s)
✔ [3083/3107] Built Mathlib.LinearAlgebra.Eigenspace.Basic (12s)
✔ [3084/3107] Built Mathlib.Algebra.Category.Ring.Under.Limits (12s)
✔ [3085/3111] Built Mathlib.Algebra.ContinuedFractions.TerminatedStable (2.6s)
✔ [3086/3111] Built Mathlib.Algebra.ContinuedFractions.ContinuantsRecurrence (2.5s)
✔ [3087/3111] Built Mathlib.Algebra.Expr (1.4s)
✔ [3088/3111] Built Mathlib.Algebra.Module.Torsion.Prod (2.0s)
✔ [3089/3111] Built Mathlib.Algebra.Category.ModuleCat.Sheaf.Abelian (3.2s)
✔ [3090/3113] Built Mathlib.LinearAlgebra.ExteriorPower.Basic (14s)
✔ [3091/3113] Built Mathlib.LinearAlgebra.GeneralLinearGroup.AlgEquiv (4.2s)
✔ [3092/3114] Built Mathlib.Algebra.ContinuedFractions.Determinant (2.7s)
✔ [3093/3114] Built Mathlib.Algebra.ContinuedFractions.Computation.CorrectnessTerminating (3.9s)
✔ [3094/3117] Built Mathlib.Algebra.Category.ModuleCat.Sheaf.Colimits (6.7s)
✔ [3095/3117] Built Mathlib.Algebra.ContinuedFractions.ConvergentsEquiv (3.6s)
✔ [3096/3117] Built Mathlib.Algebra.GroupWithZero.Action.ConjAct (2.0s)
✔ [3097/3118] Built Mathlib.Algebra.Category.ModuleCat.ExteriorPower (4.7s)
✔ [3098/3118] Built Mathlib.Algebra.DualNumber (9.1s)
✔ [3099/3119] Built Mathlib.Algebra.Field.GeomSum (2.8s)
✔ [3100/3120] Built Mathlib.Algebra.Group.MinimalAxioms (1.9s)
✔ [3101/3120] Built Mathlib.Algebra.Field.Action.ConjAct (2.6s)
✔ [3102/3120] Built Mathlib.Algebra.Field.ModEq (2.1s)
✔ [3103/3123] Built Mathlib.Algebra.ContinuedFractions.Computation.Approximations (5.7s)
✔ [3104/3124] Built Mathlib.Algebra.Category.ModuleCat.Sheaf.Free (4.7s)
✔ [3105/3124] Built Mathlib.Algebra.Field.NegOnePow (2.5s)
✔ [3106/3124] Built Mathlib.Algebra.Ring.MinimalAxioms (1.0s)
✔ [3107/3125] Built Mathlib.Algebra.Field.TransferInstance (2.5s)
✔ [3108/3125] Built Mathlib.LinearAlgebra.Trace (8.5s)
✔ [3109/3126] Built Mathlib.Algebra.Field.Periodic (3.8s)
✔ [3110/3126] Built Mathlib.Algebra.ContinuedFractions.Computation.TerminatesIffRat (3.2s)
✔ [3111/3126] Built Mathlib.Algebra.Field.ULift (2.6s)
✔ [3112/3130] Built Mathlib.Algebra.ContinuedFractions.Computation.ApproximationCorollaries (3.0s)
✔ [3113/3130] Built Mathlib.Algebra.Field.MinimalAxioms (1.7s)
✔ [3114/3131] Built Mathlib.Algebra.Category.ModuleCat.Sheaf.PushforwardContinuous (21s)
✔ [3115/3131] Built Mathlib.Algebra.Field.Shrink (1.0s)
✔ [3116/3131] Built Mathlib.Algebra.Field.ZMod (2.4s)
✔ [3117/3132] Built Mathlib.Algebra.FreeMonoid.Count (2.2s)
✔ [3118/3133] Built Mathlib.GroupTheory.FreeGroup.Reduce (3.3s)
✔ [3119/3133] Built Mathlib.Algebra.DirectSum.LinearMap (5.3s)
✔ [3120/3134] Built Mathlib.Algebra.FreeMonoid.Symbols (2.1s)
✔ [3121/3140] Built Mathlib.Algebra.Category.ModuleCat.Sheaf.Generators (4.6s)
✔ [3122/3140] Built Mathlib.Algebra.Free (5.1s)
✔ [3123/3140] Built Mathlib.Algebra.FiveLemma (5.0s)
✔ [3124/3141] Built Mathlib.Algebra.GCDMonoid.FinsetLemmas (2.5s)
✔ [3125/3142] Built Mathlib.SetTheory.Cardinal.Free (3.1s)
✔ [3126/3143] Built Mathlib.Algebra.FreeNonUnitalNonAssocAlgebra (2.7s)
✔ [3127/3143] Built Mathlib.Algebra.GCDMonoid.PUnit (2.2s)
✔ [3128/3144] Built Mathlib.Algebra.Polynomial.CancelLeads (3.6s)
✔ [3129/3145] Built Mathlib.Algebra.Category.ModuleCat.Sheaf.PullbackContinuous (9.3s)
✔ [3130/3145] Built Mathlib.Algebra.GradedMulAction (2.7s)
✔ [3131/3145] Built Mathlib.Algebra.Group.Action.Option (2.1s)
✔ [3132/3146] Built Mathlib.Algebra.Group.Action.Equidecomp (2.9s)
✔ [3133/3147] Built Mathlib.Algebra.FreeAlgebra.Cardinality (3.3s)
✔ [3134/3148] Built Mathlib.RingTheory.IntegralClosure.IntegrallyClosed (6.7s)
✔ [3135/3149] Built Mathlib.Algebra.Group.Action.Pointwise.Set.Finite (2.0s)
✔ [3136/3150] Built Mathlib.Algebra.Quaternion (26s)
✔ [3137/3150] Built Mathlib.Algebra.Group.Action.Sigma (1.9s)
✔ [3138/3150] Built Mathlib.Algebra.Group.Action.Sum (1.0s)
✔ [3139/3153] Built Mathlib.Algebra.Group.Action.Pointwise.Finset (3.8s)
✔ [3140/3154] Built Mathlib.Algebra.Category.ModuleCat.Sheaf.Quasicoherent (9.4s)
✔ [3141/3155] Built Mathlib.RingTheory.Polynomial.Content (4.0s)
✔ [3142/3156] Built Mathlib.Algebra.Group.Equiv.Finite (2.1s)
✔ [3143/3156] Built Mathlib.Algebra.Category.ModuleCat.Sheaf.PullbackFree (4.5s)
✔ [3144/3157] Built Mathlib.Algebra.Group.ConjFinite (2.4s)
✔ [3145/3158] Built Mathlib.Algebra.Group.Int.TypeTags (1.5s)
✔ [3146/3159] Built Mathlib.GroupTheory.GroupAction.SubMulAction.Closure (2.0s)
✔ [3147/3160] Built Mathlib.Algebra.Group.Nat.TypeTags (1.7s)
✔ [3148/3160] Built Mathlib.Algebra.Group.NatPowAssoc (2.3s)
✔ [3149/3161] Built Mathlib.Algebra.Group.ForwardDiff (4.5s)
✔ [3150/3162] Built Mathlib.Algebra.Group.PNatPowAssoc (2.1s)
✔ [3151/3163] Built Mathlib.Algebra.Group.Pointwise.Finset.BigOperators (2.1s)
✔ [3152/3164] Built Mathlib.RingTheory.Polynomial.Eisenstein.Criterion (3.8s)
✔ [3153/3165] Built Mathlib.Algebra.Group.Ideal (2.6s)
✔ [3154/3166] Built Mathlib.Algebra.Group.Pointwise.Finset.Density (1.0s)
✔ [3155/3166] Built Mathlib.Algebra.Group.Pointwise.Set.Small (1.7s)
✔ [3156/3167] Built Mathlib.Algebra.Group.Pointwise.Finset.Interval (2.7s)
✔ [3157/3168] Built Mathlib.Algebra.Group.Subgroup.Even (2.1s)
✔ [3158/3169] Built Mathlib.Algebra.Group.Pointwise.Set.Card (3.1s)
✔ [3159/3170] Built Mathlib.Algebra.DualQuaternion (8.3s)
✔ [3160/3171] Built Mathlib.Algebra.Group.Subgroup.Finsupp (2.2s)
✔ [3161/3171] Built Mathlib.Algebra.Group.Subgroup.Order (2.2s)
✔ [3162/3174] Built Mathlib.RingTheory.Polynomial.Eisenstein.Basic (3.0s)
✔ [3163/3174] Built Mathlib.Algebra.Group.Subgroup.ZPowers.Lemmas (2.1s)
✔ [3164/3175] Built Mathlib.Algebra.Group.Submonoid.Finsupp (2.4s)
✔ [3165/3176] Built Mathlib.Algebra.Group.Translate (2.3s)
✔ [3166/3177] Built Mathlib.Algebra.Group.UniqueProds.VectorSpace (2.3s)
✔ [3167/3177] Built Mathlib.Algebra.GroupWithZero.Action.Faithful (1.4s)
✔ [3168/3179] Built Mathlib.Algebra.GroupWithZero.Action.Center (2.1s)
✔ [3169/3181] Built Mathlib.Algebra.GroupWithZero.Pointwise.Finset (2.0s)
✔ [3170/3182] Built Mathlib.Algebra.GroupWithZero.Conj (1.0s)
✔ [3171/3183] Built Mathlib.Algebra.GroupWithZero.Int (1.9s)
✔ [3172/3183] Built Mathlib.Algebra.GCDMonoid.IntegrallyClosed (2.8s)
✔ [3173/3184] Built Mathlib.Algebra.GroupWithZero.Pointwise.Set.Card (2.1s)
✔ [3174/3186] Built Mathlib.Algebra.Group.Irreducible.Indecomposable (10s)
✔ [3175/3187] Built Mathlib.Algebra.GroupWithZero.Submonoid.Instances (2.3s)
✔ [3176/3187] Built Mathlib.Algebra.GroupWithZero.ProdHom (2.7s)
✔ [3177/3194] Built Mathlib.Algebra.GroupWithZero.Submonoid.CancelMulZero (1.8s)
✔ [3178/3198] Built Mathlib.Algebra.GroupWithZero.Action.Pointwise.Finset (2.6s)
✔ [3179/3198] Built Mathlib.Algebra.GroupWithZero.TransferInstance (1.9s)
✔ [3180/3198] Built Mathlib.Algebra.HierarchyDesign (1.5s)
✔ [3181/3198] Built Mathlib.Util.Superscript (1.9s)
✔ [3182/3203] Built Mathlib.Algebra.GroupWithZero.Torsion (2.3s)
✔ [3183/3214] Built Mathlib.Data.Fintype.Order (2.6s)
✔ [3184/3217] Built Mathlib.Algebra.GroupWithZero.Range (2.5s)
✔ [3185/3218] Built Mathlib.Algebra.GroupWithZero.Shrink (2.1s)
✔ [3186/3218] Built Mathlib.CategoryTheory.Idempotents.Basic (2.8s)
✔ [3187/3224] Built Mathlib.CategoryTheory.Subfunctor.OfSection (2.4s)
✔ [3188/3224] Built Mathlib.Order.Category.LinOrd (3.2s)
✔ [3189/3236] Built Mathlib.AlgebraicTopology.SimplexCategory.Defs (2.8s)
✔ [3190/3237] Built Mathlib.CategoryTheory.FintypeCat (3.6s)
✔ [3191/3238] Built Mathlib.Order.Fin.Finset (2.2s)
✔ [3192/3239] Built Mathlib.Order.Fin.SuccAboveOrderIso (2.1s)
✔ [3193/3239] Built Mathlib.CategoryTheory.Center.Basic (2.4s)
✔ [3194/3239] Built Mathlib.Order.Category.FinPartOrd (2.8s)
✔ [3195/3239] Built Mathlib.CategoryTheory.Idempotents.Karoubi (3.6s)
✔ [3196/3239] Built Mathlib.CategoryTheory.GradedObject.Bifunctor (3.5s)
✔ [3197/3239] Built Mathlib.Algebra.Homology.Augment (4.9s)
✔ [3198/3239] Built Mathlib.Algebra.Homology.HomologicalBicomplex (3.9s)
✔ [3199/3247] Built Mathlib.Algebra.Homology.CommSq (4.3s)
✔ [3200/3248] Built Mathlib.CategoryTheory.Center.Preadditive (2.2s)
✔ [3201/3248] Built Mathlib.Algebra.Homology.CochainComplexOpposite (5.2s)
✔ [3202/3251] Built Mathlib.CategoryTheory.Shift.Twist (2.9s)
✔ [3203/3251] Built Mathlib.Algebra.Homology.ConcreteCategory (3.4s)
✔ [3204/3253] Built Mathlib.Order.Category.NonemptyFinLinOrd (3.8s)
✔ [3205/3253] Built Mathlib.CategoryTheory.Idempotents.FunctorCategories (3.5s)
✔ [3206/3254] Built Mathlib.CategoryTheory.Center.Localization (2.3s)
✔ [3207/3258] Built Mathlib.CategoryTheory.Center.Linear (2.6s)
✔ [3208/3258] Built Mathlib.Algebra.Homology.DerivedCategory.Ext.EnoughInjectives (3.3s)
✔ [3209/3260] Built Mathlib.CategoryTheory.Center.NegOnePow (2.4s)
✔ [3210/3262] Built Mathlib.CategoryTheory.Triangulated.TStructure.Basic (3.6s)
✔ [3211/3262] Built Mathlib.CategoryTheory.ObjectProperty.Orthogonal (2.0s)
✔ [3212/3262] Built Mathlib.CategoryTheory.Localization.Linear (2.4s)
✔ [3213/3264] Built Mathlib.Algebra.Homology.HomotopyCategory.HomComplexInduction (2.8s)
✔ [3214/3265] Built Mathlib.Algebra.Homology.HomotopyCategory.HomComplexCohomology (4.5s)
✔ [3215/3265] Built Mathlib.CategoryTheory.Shift.CommShiftTwo (4.5s)
✔ [3216/3266] Built Mathlib.Algebra.Homology.DerivedCategory.TStructure (3.4s)
✔ [3217/3266] Built Mathlib.CategoryTheory.Shift.Linear (2.5s)
✔ [3218/3267] Built Mathlib.CategoryTheory.Triangulated.Orthogonal (2.0s)
✔ [3219/3267] Built Mathlib.AlgebraicTopology.SimplexCategory.Basic (6.5s)
✔ [3220/3268] Built Mathlib.Algebra.Homology.HasNoLoop (1.9s)
✔ [3221/3268] Built Mathlib.CategoryTheory.DifferentialObject (5.1s)
✔ [3222/3268] Built Mathlib.Algebra.Homology.DerivedCategory.SmallShiftedHom (2.0s)
✔ [3223/3268] Built Mathlib.Algebra.Homology.DerivedCategory.Ext.TStructure (2.7s)
✔ [3224/3268] Built Mathlib.Algebra.Homology.DerivedCategory.Linear (3.1s)
✔ [3225/3268] Built Mathlib.CategoryTheory.GradedObject.Trifunctor (13s)
✔ [3226/3270] Built Mathlib.Algebra.Homology.Embedding.ExtendHomotopy (3.9s)
✔ [3227/3270] Built Mathlib.Algebra.Homology.Embedding.Connect (5.3s)
✔ [3228/3271] Built Mathlib.Algebra.Homology.Embedding.StupidTrunc (3.7s)
✔ [3229/3271] Built Mathlib.Algebra.Homology.HomotopyCategory.KInjective (5.6s)
✔ [3230/3271] Built Mathlib.Algebra.Homology.Double (4.7s)
✔ [3231/3271] Built Mathlib.AlgebraicTopology.SimplexCategory.Truncated (6.0s)
✔ [3232/3271] Built Mathlib.CategoryTheory.GradedObject.Associator (4.4s)
✔ [3233/3273] Built Mathlib.Algebra.Homology.DerivedCategory.ExactFunctor (5.1s)
✔ [3234/3274] Built Mathlib.Algebra.Homology.ExactSequenceFour (6.8s)
✔ [3235/3275] Built Mathlib.Algebra.Homology.DerivedCategory.Ext.Linear (6.0s)
✔ [3236/3275] Built Mathlib.Algebra.Homology.DifferentialObject (6.8s)
✔ [3237/3278] Built Mathlib.CategoryTheory.Abelian.EpiWithInjectiveKernel (3.4s)
✔ [3238/3278] Built Mathlib.Algebra.Homology.ComplexShapeSigns (4.8s)
✔ [3239/3279] Built Mathlib.CategoryTheory.Generator.HomologicalComplex (2.9s)
✔ [3240/3279] Built Mathlib.Algebra.Homology.DerivedCategory.KInjective (3.8s)
✔ [3241/3281] Built Mathlib.Algebra.Homology.HomotopyCategory.KProjective (4.6s)
✔ [3242/3281] Built Mathlib.CategoryTheory.ComposableArrows.One (3.8s)
✔ [3243/3281] Built Mathlib.CategoryTheory.ComposableArrows.Two (3.3s)
✔ [3244/3281] Built Mathlib.AlgebraicTopology.SimplicialObject.Basic (13s)
✔ [3245/3281] Built Mathlib.Algebra.Homology.DerivedCategory.Ext.Map (5.7s)
✔ [3246/3281] Built Mathlib.Algebra.Homology.Factorizations.Basic (3.3s)
✔ [3247/3281] Built Mathlib.Algebra.Homology.GrothendieckAbelian (2.9s)
✔ [3248/3281] Built Mathlib.Algebra.Homology.HomotopyCategory.HomComplexSingle (7.6s)
✔ [3249/3281] Built Mathlib.Algebra.Homology.LeftResolution.Transport (2.8s)
✔ [3250/3287] Built Mathlib.Algebra.Homology.DerivedCategory.KProjective (3.4s)
✔ [3251/3287] Built Mathlib.CategoryTheory.Idempotents.FunctorExtension (5.2s)
✔ [3252/3291] Built Mathlib.AlgebraicTopology.SimplicialSet.Basic (3.7s)
✔ [3253/3291] Built Mathlib.Algebra.Homology.TotalComplex (7.5s)
✔ [3254/3292] Built Mathlib.CategoryTheory.Preadditive.Projective.Preserves (2.5s)
✔ [3255/3292] Built Mathlib.AlgebraicTopology.MooreComplex (4.3s)
✔ [3256/3292] Built Mathlib.Algebra.Homology.Factorizations.CM5b (4.5s)
✔ [3257/3292] Built Mathlib.CategoryTheory.GradedObject.Single (2.6s)
✔ [3258/3293] Built Mathlib.Algebra.Homology.LeftResolution.Reduced (3.8s)
✔ [3259/3293] Built Mathlib.CategoryTheory.Triangulated.SpectralObject (9.4s)
✔ [3260/3293] Built Mathlib.AlgebraicTopology.SimplicialSet.CompStructTruncated (4.5s)
✔ [3261/3293] Built Mathlib.AlgebraicTopology.SimplicialSet.Subcomplex (5.2s)
✔ [3262/3293] Built Mathlib.Algebra.Homology.TotalComplexSymmetry (4.2s)
✔ [3263/3293] Built Mathlib.CategoryTheory.Preadditive.Projective.Resolution (3.6s)
✔ [3264/3293] Built Mathlib.AlgebraicTopology.CechNerve (12s)
✔ [3265/3293] Built Mathlib.AlgebraicTopology.AlternatingFaceMapComplex (4.3s)
✔ [3266/3293] Built Mathlib.Algebra.Homology.ShortComplex.FunctorEquivalence (4.9s)
✔ [3267/3296] Built Mathlib.Algebra.Homology.TotalComplexShift (9.0s)
✔ [3268/3296] Built Mathlib.Algebra.Homology.HomotopyCategory.SpectralObject (3.6s)
✔ [3269/3297] Built Mathlib.Algebra.Homology.Bifunctor (7.7s)
✔ [3270/3297] Built Mathlib.CategoryTheory.GradedObject.Unitor (6.1s)
✔ [3271/3297] Built Mathlib.AlgebraicTopology.SimplicialSet.CompStruct (3.0s)
✔ [3272/3297] Built Mathlib.AlgebraicTopology.SimplicialSet.Simplices (2.8s)
✔ [3273/3297] Built Mathlib.Algebra.Homology.ShortComplex.Linear (6.5s)
✔ [3274/3297] Built Mathlib.AlgebraicTopology.SimplicialSet.Degenerate (4.1s)
✔ [3275/3297] Built Mathlib.CategoryTheory.Abelian.Projective.Resolution (5.6s)
✔ [3276/3297] Built Mathlib.Algebra.Homology.BifunctorFlip (4.6s)
✔ [3277/3297] Built Mathlib.CategoryTheory.Square (8.5s)
✔ [3278/3302] Built Mathlib.AlgebraicTopology.SimplicialSet.NonDegenerateSimplices (3.6s)
✔ [3279/3302] Built Mathlib.AlgebraicTopology.SimplicialSet.Nerve (5.9s)
✔ [3280/3302] Built Mathlib.AlgebraicTopology.SimplicialSet.Dimension (3.8s)
✔ [3281/3305] Built Mathlib.CategoryTheory.Limits.Shapes.Pullback.Square (2.7s)
✔ [3282/3305] Built Mathlib.Order.Filter.Subsingleton (2.7s)
✔ [3283/3305] Built Mathlib.CategoryTheory.GradedObject.Monoidal (12s)
✔ [3284/3305] Built Mathlib.CategoryTheory.Abelian.LeftDerived (6.2s)
✔ [3285/3305] Built Mathlib.RingTheory.Jacobson.Semiprimary (4.1s)
✔ [3286/3305] Built Mathlib.AlgebraicTopology.SimplicialSet.NerveNondegenerate (3.0s)
✔ [3287/3318] Built Mathlib.Algebra.Homology.Square (2.6s)
✔ [3288/3324] Built Mathlib.Algebra.Homology.BifunctorHomotopy (8.0s)
✔ [3289/3324] Built Mathlib.Algebra.Lie.Basic (16s)
✔ [3290/3324] Built Mathlib.AlgebraicTopology.SimplicialSet.Finite (3.5s)
✔ [3291/3329] Built Mathlib.Order.Filter.EventuallyConst (3.2s)
✔ [3292/3329] Built Mathlib.CategoryTheory.Abelian.Ext (4.3s)
✔ [3293/3333] Built Mathlib.LinearAlgebra.Matrix.Dual (4.6s)
✔ [3294/3336] Built Mathlib.Algebra.MvPolynomial.Monad (5.5s)
✔ [3295/3336] Built Mathlib.FieldTheory.Minpoly.Basic (5.2s)
✔ [3296/3336] Built Mathlib.Data.Finsupp.Weight (4.1s)
✔ [3297/3336] Built Mathlib.AlgebraicTopology.SimplicialSet.StdSimplex (8.2s)
✔ [3298/3337] Built Mathlib.Algebra.Homology.LocalCohomology (5.3s)
✔ [3299/3337] Built Mathlib.LinearAlgebra.Eigenspace.Minpoly (5.4s)
✔ [3300/3342] Built Mathlib.Algebra.Homology.BifunctorShift (27s)
✔ [3301/3346] Built Mathlib.FieldTheory.Minpoly.Field (7.1s)
✔ [3302/3346] Built Mathlib.RingTheory.Artinian.Module (9.9s)
✔ [3303/3346] Built Mathlib.Algebra.Homology.BifunctorAssociator (31s)
✔ [3304/3346] Built Mathlib.GroupTheory.Perm.Cycle.Concrete (5.1s)
✔ [3305/3346] Built Mathlib.LinearAlgebra.SymplecticGroup (4.9s)
✔ [3306/3347] Built Mathlib.RingTheory.MvPolynomial.WeightedHomogeneous (7.4s)
✔ [3307/3352] Built Mathlib.Algebra.Lie.NonUnitalNonAssocAlgebra (3.0s)
✔ [3308/3354] Built Mathlib.AlgebraicTopology.ExtraDegeneracy (9.5s)
✔ [3309/3354] Built Mathlib.RingTheory.Nilpotent.Exp (9.3s)
✔ [3310/3354] Built Mathlib.LinearAlgebra.BilinearForm.Basic (6.3s)
✔ [3311/3355] Built Mathlib.Algebra.Homology.Monoidal (8.1s)
✔ [3312/3355] Built Mathlib.LinearAlgebra.Determinant (18s)
✔ [3313/3355] Built Mathlib.RingTheory.MvPolynomial.Homogeneous (8.9s)
✔ [3314/3358] Built Mathlib.Order.BooleanGenerators (3.3s)
✔ [3315/3361] Built Mathlib.Algebra.Homology.AlternatingConst (5.2s)
✔ [3316/3362] Built Mathlib.Algebra.Lie.Subalgebra (11s)
✔ [3317/3363] Built Mathlib.Algebra.Ring.Divisibility.Lemmas (3.2s)
✔ [3318/3363] Built Mathlib.LinearAlgebra.Charpoly.Basic (4.7s)
✔ [3319/3363] Built Mathlib.Data.Matrix.Cartan (12s)
✔ [3320/3365] Built Mathlib.LinearAlgebra.Matrix.Charpoly.Univ (4.5s)
✔ [3321/3367] Built Mathlib.FieldTheory.Finiteness (4.1s)
✔ [3322/3367] Built Mathlib.LinearAlgebra.BilinearForm.Hom (8.3s)
✔ [3323/3367] Built Mathlib.LinearAlgebra.SModEq.Basic (5.5s)
✔ [3324/3368] Built Mathlib.RingTheory.UniqueFactorizationDomain.FactorSet (5.8s)
✔ [3325/3368] Built Mathlib.Algebra.Lie.CartanMatrix (3.2s)
✔ [3326/3368] Built Mathlib.LinearAlgebra.Charpoly.ToMatrix (5.8s)
✔ [3327/3376] Built Mathlib.FieldTheory.Tower (4.3s)
✔ [3328/3376] Built Mathlib.RingTheory.UniqueFactorizationDomain.GCDMonoid (3.9s)
✔ [3329/3376] Built Mathlib.RingTheory.Adjoin.Singleton (6.5s)
✔ [3330/3376] Built Mathlib.RingTheory.Ideal.Quotient.Noetherian (4.1s)
✔ [3331/3376] Built Mathlib.RingTheory.PowerBasis (10s)
✔ [3332/3376] Built Mathlib.RingTheory.Polynomial.Ideal (5.3s)
✔ [3333/3378] Built Mathlib.LinearAlgebra.BilinearForm.Properties (13s)
✔ [3334/3378] Built Mathlib.FieldTheory.IntermediateField.Adjoin.Defs (17s)
✔ [3335/3378] Built Mathlib.RingTheory.Adjoin.Dimension (5.8s)
✔ [3336/3387] Built Mathlib.Algebra.Lie.Submodule (21s)
✔ [3337/3387] Built Mathlib.LinearAlgebra.Eigenspace.Zero (11s)
✔ [3338/3388] Built Mathlib.Algebra.Squarefree.Basic (5.6s)
✔ [3339/3388] Built Mathlib.FieldTheory.IntermediateField.Algebraic (11s)
✔ [3340/3388] Built Mathlib.FieldTheory.Galois.Notation (3.3s)
✔ [3341/3389] Built Mathlib.Algebra.Module.LinearMap.Polynomial (16s)
✔ [3342/3391] Built Mathlib.RingTheory.Norm.Defs (4.2s)
✔ [3343/3396] Built Mathlib.LinearAlgebra.BilinearForm.Orthogonal (7.0s)
✔ [3344/3397] Built Mathlib.RingTheory.Polynomial.Quotient (12s)
✔ [3345/3397] Built Mathlib.Algebra.Lie.Ideal (10s)
✔ [3346/3402] Built Mathlib.Data.Multiset.Fintype (6.0s)
✔ [3347/3404] Built Mathlib.Algebra.Lie.OfAssociative (11s)
✔ [3348/3404] Built Mathlib.FieldTheory.Separable (9.2s)
✔ [3349/3404] Built Mathlib.LinearAlgebra.PID (5.5s)
✔ [3350/3404] Built Mathlib.FieldTheory.Normal.Defs (8.8s)
✔ [3351/3404] Built Mathlib.RingTheory.Finiteness.Nilpotent (4.8s)
✔ [3352/3404] Built Mathlib.FieldTheory.IntermediateField.Adjoin.Algebra (13s)
✔ [3353/3405] Built Mathlib.Algebra.Lie.UniversalEnveloping (6.6s)
✔ [3354/3405] Built Mathlib.Algebra.Lie.IdealOperations (7.6s)
✔ [3355/3405] Built Mathlib.Algebra.Lie.Quotient (7.9s)
✔ [3356/3407] Built Mathlib.Algebra.Lie.DirectSum (8.1s)
✔ [3357/3410] Built Mathlib.Algebra.Lie.Matrix (5.0s)
✔ [3358/3410] Built Mathlib.Algebra.Lie.Sl2 (6.9s)
✔ [3359/3410] Built Mathlib.LinearAlgebra.AnnihilatingPolynomial (5.2s)
✔ [3360/3413] Built Mathlib.Algebra.Lie.Free (7.7s)
✔ [3361/3413] Built Mathlib.Algebra.Jordan.Basic (9.6s)
✔ [3362/3414] Built Mathlib.Algebra.Lie.Derivation.Basic (14s)
✔ [3363/3418] Built Mathlib.RingTheory.Artinian.Instances (6.1s)
✔ [3364/3418] Built Mathlib.RingTheory.Ideal.Quotient.Nilpotent (5.5s)
✔ [3365/3420] Built Mathlib.Algebra.Lie.SerreConstruction (5.5s)
✔ [3366/3420] Built Mathlib.Dynamics.Newton (5.4s)
✔ [3367/3424] Built Mathlib.LinearAlgebra.FiniteSpan (4.1s)
✔ [3368/3426] Built Mathlib.Algebra.Lie.SkewAdjoint (8.3s)
✔ [3369/3428] Built Mathlib.Algebra.Lie.Abelian (14s)
✔ [3370/3428] Built Mathlib.RingTheory.Localization.NumDen (4.8s)
✔ [3371/3428] Built Mathlib.LinearAlgebra.Matrix.BaseChange (5.6s)
✔ [3372/3428] Built Mathlib.Algebra.Ring.Action.Field (3.7s)
✔ [3373/3428] Built Mathlib.Algebra.Polynomial.GroupRingAction (6.3s)
✔ [3374/3428] Built Mathlib.LinearAlgebra.BilinearForm.DualLattice (9.4s)
✔ [3375/3428] Built Mathlib.RingTheory.AdjoinRoot (32s)
✔ [3376/3428] Built Mathlib.LinearAlgebra.PerfectPairing.Basic (15s)
✔ [3377/3428] Built Mathlib.Algebra.Lie.Derivation.AdjointAction (5.0s)
✔ [3378/3428] Built Mathlib.Algebra.Lie.Normalizer (4.4s)
✔ [3379/3428] Built Mathlib.Algebra.Ring.Action.Invariant (2.2s)
✔ [3380/3432] Built Mathlib.RingTheory.Polynomial.RationalRoot (3.8s)
✔ [3381/3432] Built Mathlib.FieldTheory.KummerPolynomial (3.8s)
✔ [3382/3432] Built Mathlib.Algebra.Lie.Classical (11s)
✔ [3383/3432] Built Mathlib.RingTheory.DedekindDomain.Basic (3.7s)
✔ [3384/3435] Built Mathlib.RingTheory.Adjoin.Field (6.4s)
✔ [3385/3435] Built Mathlib.Algebra.Lie.TensorProduct (9.2s)
✔ [3386/3438] Built Mathlib.GroupTheory.Perm.ViaEmbedding (2.4s)
✔ [3387/3438] Built Mathlib.FieldTheory.Fixed (7.5s)
✔ [3388/3438] Built Mathlib.RingTheory.UniqueFactorizationDomain.Finite (2.8s)
✔ [3389/3441] Built Mathlib.LinearAlgebra.PerfectPairing.Restrict (9.6s)
✔ [3390/3441] Built Mathlib.Algebra.Lie.Cochain (18s)
✔ [3391/3441] Built Mathlib.FieldTheory.SplittingField.IsSplittingField (5.1s)
✔ [3392/3441] Built Mathlib.FieldTheory.Perfect (6.2s)
✔ [3393/3441] Built Mathlib.RingTheory.Polynomial.Chebyshev (24s)
✔ [3394/3443] Built Mathlib.GroupTheory.Solvable (3.2s)
✔ [3395/3443] Built Mathlib.GroupTheory.GroupAction.FixedPoints (3.4s)
✔ [3396/3443] Built Mathlib.RingTheory.Polynomial.UniqueFactorization (3.0s)
✔ [3397/3443] Built Mathlib.RingTheory.AlgebraicIndependent.Defs (3.4s)
✔ [3398/3446] Built Mathlib.GroupTheory.GroupAction.FixingSubgroup (3.2s)
✔ [3399/3446] Built Mathlib.Algebra.Lie.BaseChange (9.7s)
✔ [3400/3450] Built Mathlib.FieldTheory.SplittingField.Construction (6.0s)
✔ [3401/3450] Built Mathlib.Combinatorics.Matroid.Init (2.2s)
✔ [3402/3452] Built Mathlib.RingTheory.AlgebraicIndependent.Adjoin (7.1s)
✔ [3403/3463] Built Mathlib.RingTheory.Polynomial.GaussLemma (4.5s)
✔ [3404/3464] Built Mathlib.Algebra.Lie.Solvable (6.8s)
✔ [3405/3464] Built Mathlib.Combinatorics.Matroid.Basic (4.9s)
✔ [3406/3464] Built Mathlib.Algebra.MvPolynomial.Supported (3.0s)
✔ [3407/3464] Built Mathlib.LinearAlgebra.Reflection (14s)
✔ [3408/3464] Built Mathlib.FieldTheory.IntermediateField.Adjoin.Basic (15s)
✔ [3409/3469] Built Mathlib.RingTheory.Polynomial.SeparableDegree (2.9s)
✔ [3410/3469] Built Mathlib.Algebra.Lie.Character (2.9s)
✔ [3411/3469] Built Mathlib.LinearAlgebra.Semisimple (15s)
✔ [3412/3469] Built Mathlib.Algebra.Lie.Semisimple.Defs (3.2s)
✔ [3413/3469] Built Mathlib.RingTheory.Algebraic.MvPolynomial (4.3s)
✔ [3414/3469] Built Mathlib.RingTheory.AlgebraicIndependent.Basic (5.3s)
✔ [3415/3470] Built Mathlib.FieldTheory.Minpoly.IsIntegrallyClosed (9.2s)
✔ [3416/3470] Built Mathlib.Combinatorics.Matroid.IndepAxioms (7.5s)
✔ [3417/3470] Built Mathlib.LinearAlgebra.Matrix.Charpoly.Minpoly (3.6s)
✔ [3418/3471] Built Mathlib.Algebra.Lie.Nilpotent (11s)
✔ [3419/3471] Built Mathlib.LinearAlgebra.JordanChevalley (5.7s)
✔ [3420/3473] Built Mathlib.LinearAlgebra.Eigenspace.Semisimple (5.5s)
✔ [3421/3473] Built Mathlib.Algebra.Lie.Extension (27s)
✔ [3422/3473] Built Mathlib.LinearAlgebra.RootSystem.Defs (11s)
✔ [3423/3473] Built Mathlib.Algebra.Lie.Semisimple.Basic (5.2s)
✔ [3424/3478] Built Mathlib.FieldTheory.Extension (10s)
✔ [3425/3478] Built Mathlib.Data.Nat.Factorial.BigOperators (2.5s)
✔ [3426/3478] Built Mathlib.Algebra.Lie.InvariantForm (5.9s)
✔ [3427/3478] Built Mathlib.Data.Nat.Factorial.SuperFactorial (2.5s)
✔ [3428/3478] Built Mathlib.Combinatorics.Matroid.Dual (3.9s)
✔ [3429/3480] Built Mathlib.Algebra.Lie.CartanSubalgebra (3.2s)
✔ [3430/3483] Built Mathlib.RingTheory.AlgebraicIndependent.Transcendental (5.5s)
✔ [3431/3488] Built Mathlib.RingTheory.Polynomial.Pochhammer (4.5s)
✔ [3432/3488] Built Mathlib.Algebra.Lie.Engel (6.3s)
✔ [3433/3491] Built Mathlib.Algebra.Ring.Torsion (2.2s)
✔ [3434/3491] Built Mathlib.RingTheory.Ideal.Quotient.PowTransition (4.3s)
✔ [3435/3491] Built Mathlib.Combinatorics.Matroid.Minor.Restrict (5.1s)
✔ [3436/3495] Built Mathlib.RingTheory.Bezout (2.8s)
✔ [3437/3495] Built Mathlib.FieldTheory.Normal.Basic (7.6s)
✔ [3438/3495] Built Mathlib.Algebra.Lie.EngelSubalgebra (3.9s)
✔ [3439/3495] Built Mathlib.LinearAlgebra.Matrix.BilinearForm (9.1s)
✔ [3440/3495] Built Mathlib.FieldTheory.IsAlgClosed.Basic (10s)
✔ [3441/3496] Built Mathlib.LinearAlgebra.Vandermonde (6.2s)
✔ [3442/3496] Built Mathlib.RingTheory.Flat.Tensor (4.1s)
✔ [3443/3496] Built Mathlib.RingTheory.LocalProperties.IntegrallyClosed (5.1s)
✔ [3444/3500] Built Mathlib.Combinatorics.Matroid.Constructions (2.0s)
✔ [3445/3500] Built Mathlib.RingTheory.Ideal.IsPrincipal (4.1s)
✔ [3446/3500] Built Mathlib.RingTheory.Trace.Defs (4.9s)
✔ [3447/3502] Built Mathlib.RingTheory.Valuation.Basic (9.7s)
✔ [3448/3502] Built Mathlib.FieldTheory.Normal.Closure (6.8s)
✔ [3449/3502] Built Mathlib.Algebra.Lie.Rank (6.5s)
✔ [3450/3502] Built Mathlib.FieldTheory.IsAlgClosed.AlgebraicClosure (6.4s)
✔ [3451/3502] Built Mathlib.FieldTheory.IsAlgClosed.Spectrum (4.5s)
✔ [3452/3503] Built Mathlib.FieldTheory.PrimitiveElement (7.1s)
✔ [3453/3503] Built Mathlib.Algebra.Ring.SumsOfSquares (3.5s)
✔ [3454/3505] Built Mathlib.Combinatorics.Matroid.Map (4.1s)
✔ [3455/3505] Built Mathlib.RingTheory.Valuation.PrimeMultiplicity (2.8s)
✔ [3456/3509] Built Mathlib.RingTheory.Valuation.Integers (6.4s)
✔ [3457/3509] Built Mathlib.FieldTheory.AlgebraicClosure (5.6s)
✔ [3458/3510] Built Mathlib.LinearAlgebra.Eigenspace.Triangularizable (5.6s)
✔ [3459/3510] Built Mathlib.FieldTheory.Minpoly.MinpolyDiv (5.0s)
✔ [3460/3511] Built Mathlib.RingTheory.AdicCompletion.Basic (18s)
✔ [3461/3512] Built Mathlib.Combinatorics.Matroid.Closure (8.3s)
✔ [3462/3512] Built Mathlib.Algebra.Lie.CartanExists (11s)
✔ [3463/3513] Built Mathlib.Algebra.LinearRecurrence (4.6s)
✔ [3464/3513] Built Mathlib.Algebra.ModEq (2.3s)
✔ [3465/3513] Built Mathlib.RingTheory.Valuation.ValuationRing (6.9s)
✔ [3466/3513] Built Mathlib.RingTheory.AlgebraicIndependent.AlgebraicClosure (6.9s)
✔ [3467/3514] Built Mathlib.LinearAlgebra.Eigenspace.Pi (6.0s)
✔ [3468/3514] Built Mathlib.FieldTheory.Galois.Basic (13s)
✔ [3469/3514] Built Mathlib.Algebra.Module.Card (2.4s)
✔ [3470/3521] Built Mathlib.Combinatorics.Matroid.Rank.Finite (2.8s)
✔ [3471/3523] Built Mathlib.Combinatorics.Matroid.Circuit (4.7s)
✔ [3472/3523] Built Mathlib.Algebra.Module.Bimodule (4.1s)
✔ [3473/3523] Built Mathlib.RepresentationTheory.Basic (12s)
✔ [3474/3524] Built Mathlib.RingTheory.DiscreteValuationRing.Basic (4.7s)
✔ [3475/3524] Built Mathlib.RingTheory.ChainOfDivisors (4.4s)
✔ [3476/3525] Built Mathlib.FieldTheory.IsSepClosed (5.5s)
✔ [3477/3525] Built Mathlib.Combinatorics.Matroid.Loop (4.9s)
✔ [3478/3526] Built Mathlib.Algebra.Module.Lattice (5.8s)
✔ [3479/3526] Built Mathlib.RingTheory.FractionalIdeal.Basic (8.2s)
✔ [3480/3527] Built Mathlib.Algebra.Module.LinearMap.Prod (2.4s)
✔ [3481/3528] Built Mathlib.Algebra.Module.GradedModule (6.7s)
✔ [3482/3529] Built Mathlib.RepresentationTheory.Submodule (5.0s)
✔ [3483/3529] Built Mathlib.Algebra.Module.MinimalAxioms (1.0s)
✔ [3484/3529] Built Mathlib.RingTheory.DiscreteValuationRing.TFAE (6.3s)
✔ [3485/3533] Built Mathlib.Algebra.Module.LocalizedModule.Int (3.6s)
✔ [3486/3533] Built Mathlib.Algebra.Module.PointwisePi (2.2s)
✔ [3487/3533] Built Mathlib.Algebra.Lie.Weights.Basic (14s)
✔ [3488/3533] Built Mathlib.Combinatorics.Matroid.Rank.ENat (4.8s)
✔ [3489/3533] Built Mathlib.Algebra.Module.Presentation.Cokernel (4.1s)
✔ [3490/3535] Built Mathlib.Algebra.MvPolynomial.Derivation (4.3s)
✔ [3491/3535] Built Mathlib.RingTheory.DedekindDomain.Dvr (4.8s)
✔ [3492/3539] Built Mathlib.Algebra.Polynomial.Derivation (5.1s)
✔ [3493/3539] Built Mathlib.Combinatorics.Matroid.Rank.Cardinal (3.9s)
✔ [3494/3540] Built Mathlib.RingTheory.FractionalIdeal.Operations (12s)
✔ [3495/3540] Built Mathlib.Algebra.MvPolynomial.PDeriv (5.0s)
✔ [3496/3541] Built Mathlib.Algebra.Lie.Weights.Cartan (10s)
✔ [3497/3541] Built Mathlib.RingTheory.Flat.TorsionFree (4.5s)
✔ [3498/3542] Built Mathlib.Algebra.Module.FinitePresentation (23s)
✔ [3499/3542] Built Mathlib.Algebra.Lie.Weights.Linear (10s)
✔ [3500/3543] Built Mathlib.RingTheory.MvPolynomial.Localization (4.8s)
✔ [3501/3543] Built Mathlib.Algebra.Lie.LieTheorem (14s)
✔ [3502/3543] Built Mathlib.Algebra.Module.Presentation.DirectSum (3.7s)
✔ [3503/3545] Built Mathlib.RingTheory.FractionalIdeal.Inverse (5.2s)
✔ [3504/3545] Built Mathlib.Algebra.Module.Presentation.Finite (3.0s)
✔ [3505/3545] Built Mathlib.Algebra.Module.Presentation.Free (2.7s)
✔ [3506/3545] Built Mathlib.Algebra.Module.Presentation.RestrictScalars (3.5s)
✔ [3507/3546] Built Mathlib.RingTheory.Extension.Basic (15s)
✔ [3508/3547] Built Mathlib.Algebra.Lie.Weights.Chain (7.9s)
✔ [3509/3547] Built Mathlib.Algebra.Lie.Semisimple.Lemmas (4.9s)
✔ [3510/3548] Built Mathlib.RingTheory.AlgebraicIndependent.TranscendenceBasis (12s)
✔ [3511/3548] Built Mathlib.Algebra.Module.Presentation.Tautological (3.7s)
✔ [3512/3548] Built Mathlib.Algebra.Module.Submodule.Order (2.0s)
✔ [3513/3552] Built Mathlib.Algebra.Module.Presentation.Tensor (3.7s)
✔ [3514/3552] Built Mathlib.Algebra.Module.SpanRank (4.1s)
✔ [3515/3552] Built Mathlib.Data.DFinsupp.Encodable (2.5s)
✔ [3516/3552] Built Mathlib.Algebra.Module.Submodule.Union (6.7s)
✔ [3517/3554] Built Mathlib.Data.Finsupp.Encodable (2.1s)
✔ [3518/3554] Built Mathlib.Data.Prod.TProd (2.2s)
✔ [3519/3558] Built Mathlib.Data.Finset.Update (2.6s)
✔ [3520/3562] Built Mathlib.LinearAlgebra.Dimension.OrzechProperty (6.7s)
✔ [3521/3563] Built Mathlib.Algebra.Lie.TraceForm (16s)
✔ [3522/3564] Built Mathlib.RingTheory.DedekindDomain.Ideal.Basic (12s)
✔ [3523/3564] Built Mathlib.Tactic.Measurability.Init (1.4s)
✔ [3524/3565] Built Mathlib.LinearAlgebra.Countable (2.2s)
✔ [3525/3566] Built Mathlib.GroupTheory.GroupAction.IterateAct (1.6s)
✔ [3526/3568] Built Mathlib.RingTheory.Extension.Generators (12s)
✔ [3527/3568] Built Mathlib.Tactic.Measurability (1.7s)
✔ [3528/3569] Built Mathlib.Algebra.Lie.Killing (3.3s)
✔ [3529/3569] Built Mathlib.Data.ENNReal.Action (2.7s)
✔ [3530/3569] Built Mathlib.Algebra.Order.Group.Indicator (2.8s)
✔ [3531/3569] Built Mathlib.Topology.Order.Real (2.6s)
✔ [3532/3570] Built Mathlib.MeasureTheory.MeasurableSpace.Defs (3.4s)
✔ [3533/3570] Built Mathlib.Data.Real.ENatENNReal (2.9s)
✔ [3534/3570] Built Mathlib.MeasureTheory.OuterMeasure.Defs (2.9s)
✔ [3535/3570] Built Mathlib.FieldTheory.SeparableDegree (16s)
✔ [3536/3575] Built Mathlib.Algebra.Order.Nonneg.Floor (2.0s)
✔ [3537/3575] Built Mathlib.Algebra.Lie.Derivation.Killing (4.9s)
✔ [3538/3576] Built Mathlib.MeasureTheory.MeasurableSpace.EventuallyMeasurable (1.9s)
✔ [3539/3576] Built Mathlib.MeasureTheory.MeasurableSpace.Instances (1.9s)
✔ [3540/3577] Built Mathlib.RingTheory.Extension.Presentation.Basic (7.9s)
✔ [3541/3578] Built Mathlib.MeasureTheory.MeasurableSpace.Basic (2.6s)
✔ [3542/3578] Built Mathlib.Order.ConditionallyCompleteLattice.Group (2.0s)
✔ [3543/3578] Built Mathlib.Algebra.Order.Module.Pointwise (2.6s)
✔ [3544/3578] Built Mathlib.RingTheory.Kaehler.Polynomial (31s)
✔ [3545/3581] Built Mathlib.Tactic.Bound (2.9s)
✔ [3546/3581] Built Mathlib.Topology.Order.LiminfLimsup (3.6s)
✔ [3547/3582] Built Mathlib.Data.Real.Pointwise (3.3s)
✔ [3548/3582] Built Mathlib.RingTheory.DedekindDomain.Ideal.Lemmas (14s)
✔ [3549/3584] Built Mathlib.MeasureTheory.MeasurableSpace.Constructions (5.6s)
✔ [3550/3584] Built Mathlib.Topology.EMetricSpace.Lipschitz (5.4s)
✔ [3551/3584] Built Mathlib.Topology.Algebra.Star (2.9s)
✔ [3552/3584] Built Mathlib.Topology.Bornology.Real (3.4s)
✔ [3553/3585] Built Mathlib.Data.NNReal.Basic (3.9s)
✔ [3554/3585] Built Mathlib.Data.Int.ConditionallyCompleteOrder (2.8s)
✔ [3555/3585] Built Mathlib.MeasureTheory.MeasurableSpace.MeasurablyGenerated (3.9s)
✔ [3556/3587] Built Mathlib.Algebra.Module.DedekindDomain (4.8s)
✔ [3557/3588] Built Mathlib.Topology.Instances.Discrete (3.5s)
✔ [3558/3588] Built Mathlib.FieldTheory.SeparableClosure (16s)
✔ [3559/3591] Built Mathlib.Data.ENNReal.BigOperators (4.9s)
✔ [3560/3591] Built Mathlib.Order.Filter.AtTopBot.Archimedean (4.7s)
✔ [3561/3592] Built Mathlib.MeasureTheory.MeasurableSpace.Embedding (7.0s)
✔ [3562/3592] Built Mathlib.Algebra.Lie.Weights.Killing (17s)
✔ [3563/3596] Built Mathlib.Topology.MetricSpace.Basic (3.6s)
✔ [3564/3596] Built Mathlib.Topology.UniformSpace.Real (2.7s)
✔ [3565/3601] Built Mathlib.Topology.Order.MonotoneContinuity (3.4s)
✔ [3566/3601] Built Mathlib.Topology.MetricSpace.Pseudo.Real (2.9s)
✔ [3567/3603] Built Mathlib.Data.Rat.Encodable (2.2s)
✔ [3568/3606] Built Mathlib.Algebra.Module.PID (8.7s)
✔ [3569/3608] Built Mathlib.Topology.Instances.Int (3.0s)
✔ [3570/3612] Built Mathlib.Topology.MetricSpace.Antilipschitz (3.3s)
✔ [3571/3615] Built Mathlib.Topology.Metrizable.Uniformity (4.0s)
✔ [3572/3615] Built Mathlib.Topology.Algebra.Ring.Real (3.7s)
✔ [3573/3619] Built Mathlib.Topology.Semicontinuity.Defs (4.7s)
✔ [3574/3630] Built Mathlib.GroupTheory.Archimedean (4.2s)
✔ [3575/3630] Built Mathlib.Topology.Algebra.InfiniteSum.Constructions (18s)
✔ [3576/3631] Built Mathlib.Topology.Instances.Nat (3.2s)
✔ [3577/3635] Built Mathlib.FieldTheory.PurelyInseparable.Basic (12s)
✔ [3578/3636] Built Mathlib.Order.Interval.Set.Monotone (3.3s)
✔ [3579/3636] Built Mathlib.Topology.Algebra.Algebra (9.5s)
✔ [3580/3636] Built Mathlib.MeasureTheory.PiSystem (5.0s)
✔ [3581/3638] Built Mathlib.Topology.Algebra.Order.Archimedean (3.7s)
✔ [3582/3641] Built Mathlib.Data.Set.MemPartition (3.0s)
✔ [3583/3641] Built Mathlib.Topology.MetricSpace.Isometry (6.6s)
✔ [3584/3641] Built Mathlib.RingTheory.Extension.Cotangent.Basic (29s)
✔ [3585/3647] Built Mathlib.Order.Filter.CountableSeparatingOn (2.8s)
✔ [3586/3647] Built Mathlib.Topology.Algebra.InfiniteSum.Ring (5.0s)
✔ [3587/3649] Built Mathlib.Dynamics.Minimal (3.2s)
✔ [3588/3649] Built Mathlib.Topology.Separation.GDelta (3.1s)
✔ [3589/3650] Built Mathlib.Topology.MetricSpace.ProperSpace.Real (2.0s)
✔ [3590/3655] Built Mathlib.Topology.Instances.Rat (4.9s)
✔ [3591/3656] Built Mathlib.Order.Interval.Set.ProjIcc (4.3s)
✔ [3592/3656] Built Mathlib.Topology.Bornology.Hom (3.6s)
✔ [3593/3659] Built Mathlib.MeasureTheory.MeasurableSpace.CountablyGenerated (5.0s)
✔ [3594/3664] Built Mathlib.Topology.GDelta.MetrizableSpace (3.5s)
✔ [3595/3664] Built Mathlib.Topology.Instances.NNReal.Lemmas (5.5s)
✔ [3596/3668] Built Mathlib.MeasureTheory.MeasurableSpace.Prod (3.3s)
✔ [3597/3677] Built Mathlib.Algebra.Module.Presentation.Differentials (8.7s)
✔ [3598/3677] Built Mathlib.Topology.Order.Lattice (4.5s)
✔ [3599/3677] Built Mathlib.Algebra.Order.Monoid.Canonical.Basic (2.8s)
✔ [3600/3678] Built Mathlib.Topology.MetricSpace.Lipschitz (4.6s)
✔ [3601/3678] Built Mathlib.RingTheory.Trace.Basic (12s)
✔ [3602/3678] Built Mathlib.Algebra.Order.GroupWithZero.Finset (2.0s)
✔ [3603/3685] Built Mathlib.Topology.Sequences (3.5s)
✔ [3604/3686] Built Mathlib.Combinatorics.Enumerative.InclusionExclusion (6.3s)
✔ [3605/3697] Built Mathlib.Topology.Instances.Real.Lemmas (4.6s)
✔ [3606/3697] Built Mathlib.Topology.Instances.ENNReal.Lemmas (8.6s)
✔ [3607/3698] Built Mathlib.Topology.UniformSpace.AbstractCompletion (4.5s)
✔ [3608/3698] Built Mathlib.Topology.Metrizable.Real (3.3s)
✔ [3609/3709] Built Mathlib.Topology.Algebra.SeparationQuotient.Basic (8.2s)
✔ [3610/3709] Built Mathlib.Topology.MetricSpace.Dilation (5.6s)
✔ [3611/3710] Built Mathlib.RingTheory.DedekindDomain.IntegralClosure (6.0s)
✔ [3612/3711] Built Mathlib.Analysis.Normed.Group.Seminorm (10s)
✔ [3613/3718] Built Mathlib.Topology.IndicatorConstPointwise (3.5s)
✔ [3614/3722] Built Mathlib.Topology.UniformSpace.Completion (5.5s)
✔ [3615/3722] Built Mathlib.Algebra.Order.Interval.Set.Instances (5.3s)
✔ [3616/3722] Built Mathlib.Topology.MetricSpace.IsometricSMul (13s)
✔ [3617/3724] Built Mathlib.Topology.MetricSpace.DilationEquiv (5.7s)
✔ [3618/3729] Built Mathlib.Topology.ContinuousMap.CocompactMap (2.9s)
✔ [3619/3729] Built Mathlib.LinearAlgebra.Span.TensorProduct (7.7s)
✔ [3620/3729] Built Mathlib.Topology.Algebra.InfiniteSum.ENNReal (10s)
✔ [3621/3731] Built Mathlib.Topology.Algebra.UniformMulAction (4.9s)
✔ [3622/3731] Built Mathlib.Algebra.QuadraticDiscriminant (4.7s)
✔ [3623/3731] Built Mathlib.Topology.UnitInterval (8.1s)
✔ [3624/3731] Built Mathlib.GroupTheory.Complement (12s)
✔ [3625/3731] Built Mathlib.Topology.Algebra.InfiniteSum.Real (4.4s)
✔ [3626/3734] Built Mathlib.Data.Real.Sqrt (6.0s)
✔ [3627/3737] Built Mathlib.Data.Complex.Basic (9.4s)
✔ [3628/3739] Built Mathlib.Algebra.Star.Pi (3.6s)
✔ [3629/3740] Built Mathlib.MeasureTheory.OuterMeasure.Basic (5.1s)
✔ [3630/3740] Built Mathlib.Algebra.Order.Module.Rat (4.5s)
✔ [3631/3742] Built Mathlib.Topology.Semicontinuity.Basic (10s)
✔ [3632/3743] Built Mathlib.Analysis.Normed.Group.Basic (20s)
✔ [3633/3743] Built Mathlib.Data.Real.Star (3.3s)
✔ [3634/3744] Built Mathlib.Algebra.Star.MonoidHom (5.7s)
✔ [3635/3744] Built Mathlib.LinearAlgebra.RootSystem.IsValuedIn (12s)
✔ [3636/3744] Built Mathlib.Topology.MetricSpace.Algebra (9.4s)
✔ [3637/3744] Built Mathlib.Topology.Algebra.Module.Star (5.7s)
✔ [3638/3744] Built Mathlib.MeasureTheory.OuterMeasure.AE (6.0s)
✔ [3639/3744] Built Mathlib.MeasureTheory.OuterMeasure.Operations (7.6s)
✔ [3640/3744] Built Mathlib.Analysis.Normed.Group.Int (5.3s)
✔ [3641/3744] Built Mathlib.Analysis.Complex.Norm (6.9s)
✔ [3642/3745] Built Mathlib.Topology.Instances.EReal.Lemmas (7.5s)
✔ [3643/3745] Built Mathlib.Analysis.Normed.Group.Submodule (4.0s)
✔ [3644/3747] Built Mathlib.Analysis.Normed.Group.Continuity (7.9s)
✔ [3645/3747] Built Mathlib.Analysis.Normed.Group.Subgroup (5.1s)
✔ [3646/3747] Built Mathlib.Algebra.Order.BigOperators.Expect (8.8s)
✔ [3647/3747] Built Mathlib.Data.Complex.BigOperators (3.9s)
✔ [3648/3747] Built Mathlib.MeasureTheory.OuterMeasure.BorelCantelli (4.6s)
✔ [3649/3747] Built Mathlib.Analysis.Normed.Group.Constructions (6.9s)
✔ [3650/3747] Built Mathlib.LinearAlgebra.RootSystem.Reduced (8.1s)
✔ [3651/3747] Built Mathlib.Analysis.Normed.Group.Rat (3.0s)
✔ [3652/3747] Built Mathlib.Analysis.Complex.Order (6.0s)
✔ [3653/3747] Built Mathlib.LinearAlgebra.RootSystem.RootPositive (10s)
✔ [3654/3747] Built Mathlib.Topology.Algebra.InfiniteSum.Module (5.8s)
✔ [3655/3749] Built Mathlib.LinearAlgebra.RootSystem.BaseChange (11s)
✔ [3656/3754] Built Mathlib.LinearAlgebra.Complex.Module (13s)
✔ [3657/3757] Built Mathlib.Algebra.Star.Unitary (14s)
✔ [3658/3759] Built Mathlib.Topology.Instances.RealVectorSpace (5.6s)
✔ [3659/3762] Built Mathlib.Analysis.Normed.Group.Bounded (6.4s)
✔ [3660/3765] Built Mathlib.Analysis.SpecificLimits.Basic (9.6s)
✔ [3661/3765] Built Mathlib.Topology.OpenPartialHomeomorph.Basic (5.1s)
✔ [3662/3765] Built Mathlib.Algebra.Order.Field.Power (5.1s)
✔ [3663/3765] Built Mathlib.Analysis.Normed.Group.Uniform (10s)
✔ [3664/3765] Built Mathlib.Order.Filter.AtTopBot.ModEq (3.6s)
✔ [3665/3765] Built Mathlib.Data.Nat.Choose.Bounds (3.9s)
✔ [3666/3765] Built Mathlib.Algebra.Order.CauSeq.BigOperators (8.6s)
✔ [3667/3765] Built Mathlib.MeasureTheory.OuterMeasure.OfFunction (5.7s)
✔ [3668/3765] Built Mathlib.Topology.OpenPartialHomeomorph.Continuity (3.6s)
✔ [3669/3766] Built Mathlib.Topology.Algebra.MetricSpace.Lipschitz (4.7s)
✔ [3670/3766] Built Mathlib.Analysis.Normed.Group.InfiniteSum (4.2s)
✔ [3671/3769] Built Mathlib.Topology.MetricSpace.HausdorffDistance (5.9s)
✔ [3672/3769] Built Mathlib.LinearAlgebra.RootSystem.Finite.CanonicalBilinear (13s)
✔ [3673/3775] Built Mathlib.Analysis.Normed.Order.Lattice (4.3s)
✔ [3674/3776] Built Mathlib.Analysis.Normed.Ring.Basic (16s)
✔ [3675/3778] Built Mathlib.Topology.Order.ProjIcc (2.5s)
✔ [3676/3778] Built Mathlib.MeasureTheory.OuterMeasure.Caratheodory (3.8s)
✔ [3677/3778] Built Mathlib.Topology.Instances.ZMultiples (3.8s)
✔ [3678/3778] Built Mathlib.Topology.MetricSpace.Thickening (5.6s)
✔ [3679/3780] Built Mathlib.Analysis.Normed.Ring.Finite (3.6s)
✔ [3680/3780] Built Mathlib.Analysis.Complex.Exponential (7.7s)
✔ [3681/3780] Built Mathlib.Analysis.Normed.Group.Hom (8.8s)
✔ [3682/3780] Built Mathlib.Topology.Instances.Sign (2.6s)
✔ [3683/3783] Built Mathlib.LinearAlgebra.RootSystem.Finite.Nondegenerate (8.5s)
✔ [3684/3788] Built Mathlib.Analysis.Normed.Ring.Lemmas (5.8s)
✔ [3685/3788] Built Mathlib.Algebra.Order.Ring.Interval (2.6s)
✔ [3686/3788] Built Mathlib.Data.Nat.NthRoot.Defs (794ms)
✔ [3687/3788] Built Mathlib.MeasureTheory.OuterMeasure.Induced (4.4s)
✔ [3688/3788] Built Mathlib.Analysis.Normed.Field.Basic (7.3s)
✔ [3689/3788] Built Mathlib.Analysis.Normed.Group.Pointwise (5.9s)
✔ [3690/3788] Built Mathlib.Topology.Path (8.5s)
✔ [3691/3789] Built Mathlib.LinearAlgebra.RootSystem.Basic (7.2s)
✔ [3692/3789] Built Mathlib.Analysis.Normed.Ring.InfiniteSum (6.1s)
✔ [3693/3789] Built Mathlib.MeasureTheory.Measure.MeasureSpaceDef (5.4s)
✔ [3694/3789] Built Mathlib.Analysis.Complex.Trigonometric (9.4s)
✔ [3695/3789] Built Mathlib.GroupTheory.GroupAction.Pointwise (2.7s)
✔ [3696/3789] Built Mathlib.Analysis.Normed.MulAction (5.2s)
✔ [3697/3789] Built Mathlib.Topology.Connected.PathConnected (4.4s)
✔ [3698/3789] Built Mathlib.MeasureTheory.Measure.Doubling (3.8s)
✔ [3699/3789] Built Mathlib.MeasureTheory.Function.AEMeasurableSequence (3.3s)
✔ [3700/3791] Built Mathlib.MeasureTheory.Measure.AEDisjoint (3.6s)
✔ [3701/3791] Built Mathlib.Algebra.Order.Ring.Synonym (1.7s)
✔ [3702/3791] Built Mathlib.Topology.Instances.AddCircle.Real (3.1s)
✔ [3703/3795] Built Mathlib.Analysis.Asymptotics.Defs (12s)
✔ [3704/3795] Built Mathlib.Analysis.Normed.Field.Lemmas (6.1s)
✔ [3705/3799] Built Mathlib.Algebra.Order.Module.Synonym (1.9s)
✔ [3706/3802] Built Mathlib.Analysis.Normed.Operator.ContinuousLinearMap (5.4s)
✔ [3707/3804] Built Mathlib.LinearAlgebra.AffineSpace.Defs (1.6s)
✔ [3708/3805] Built Mathlib.MeasureTheory.Measure.NullMeasurable (3.9s)
✔ [3709/3805] Built Mathlib.Algebra.Order.Algebra (3.1s)
✔ [3710/3805] Built Mathlib.Analysis.Normed.Operator.LinearIsometry (34s)
✔ [3711/3808] Built Mathlib.LinearAlgebra.RootSystem.Hom (15s)
✔ [3712/3810] Built Mathlib.Topology.Bornology.Absorbs (3.3s)
✔ [3713/3811] Built Mathlib.Algebra.Lie.Weights.RootSystem (17s)
✔ [3714/3812] Built Mathlib.LinearAlgebra.AffineSpace.AffineSubspace.Defs (6.4s)
✔ [3715/3812] Built Mathlib.Analysis.Asymptotics.Lemmas (8.7s)
✔ [3716/3813] Built Mathlib.Analysis.Normed.Module.Basic (9.4s)
✔ [3717/3813] Built Mathlib.Topology.MetricSpace.Equicontinuity (3.1s)
✔ [3718/3813] Built Mathlib.LinearAlgebra.RootSystem.WeylGroup (4.3s)
✔ [3719/3813] Built Mathlib.Topology.Algebra.UniformConvergence (6.3s)
✔ [3720/3813] Built Mathlib.Topology.Algebra.FilterBasis (6.6s)
✔ [3721/3813] Built Mathlib.LinearAlgebra.Ray (8.1s)
✔ [3722/3813] Built Mathlib.MeasureTheory.Measure.MeasureSpace (9.1s)
✔ [3723/3813] Built Mathlib.Analysis.Asymptotics.Theta (5.3s)
✔ [3724/3816] Built Mathlib.LinearAlgebra.AffineSpace.AffineMap (15s)
✔ [3725/3817] Built Mathlib.Analysis.Normed.Module.RCLike.Real (3.8s)
✔ [3726/3823] Built Mathlib.Topology.Algebra.Equicontinuity (2.8s)
✔ [3727/3826] Built Mathlib.Analysis.CStarAlgebra.Basic (6.4s)
✔ [3728/3826] Built Mathlib.MeasureTheory.Measure.Map (4.2s)
✔ [3729/3826] Built Mathlib.LinearAlgebra.RootSystem.Irreducible (5.7s)
✔ [3730/3826] Built Mathlib.Topology.Algebra.Monoid.FunOnFinite (2.7s)
✔ [3731/3832] Built Mathlib.Topology.Algebra.Group.AddTorsor (3.1s)
✔ [3732/3832] Built Mathlib.Analysis.SpecificLimits.Normed (12s)
✔ [3733/3836] Built Mathlib.Analysis.Normed.Group.Quotient (8.8s)
✔ [3734/3840] Built Mathlib.MeasureTheory.Group.Defs (3.8s)
✔ [3735/3841] Built Mathlib.MeasureTheory.Measure.AbsolutelyContinuous (4.0s)
✔ [3736/3841] Built Mathlib.Analysis.Normed.Module.Ball.Pointwise (7.5s)
✔ [3737/3843] Built Mathlib.Topology.NhdsKer (3.1s)
✔ [3738/3843] Built Mathlib.Topology.Algebra.SeparationQuotient.Section (3.8s)
✔ [3739/3843] Built Mathlib.Topology.Algebra.Algebra.Equiv (4.0s)
✔ [3740/3844] Built Mathlib.Analysis.Normed.Group.Indicator (3.2s)
✔ [3741/3848] Built Mathlib.LinearAlgebra.AffineSpace.AffineEquiv (11s)
✔ [3742/3852] Built Mathlib.MeasureTheory.Measure.QuasiMeasurePreserving (4.4s)
✔ [3743/3853] Built Mathlib.Topology.Compactness.NhdsKer (2.4s)
✔ [3744/3853] Built Mathlib.Analysis.Normed.Group.AddCircle (5.5s)
✔ [3745/3853] Built Mathlib.Order.Filter.ENNReal (3.6s)
✔ [3746/3853] Built Mathlib.LinearAlgebra.AffineSpace.Midpoint (4.5s)
✔ [3747/3855] Built Mathlib.MeasureTheory.Measure.Comap (3.8s)
✔ [3748/3857] Built Mathlib.Topology.AlexandrovDiscrete (2.0s)
✔ [3749/3857] Built Mathlib.Analysis.RCLike.Basic (15s)
✔ [3750/3857] Built Mathlib.Order.Filter.Germ.Basic (6.5s)
✔ [3751/3857] Built Mathlib.Data.ENNReal.Holder (3.1s)
✔ [3752/3868] Built Mathlib.Topology.Algebra.Affine (3.3s)
✔ [3753/3871] Built Mathlib.Topology.Connected.LocPathConnected (3.0s)
✔ [3754/3873] Built Mathlib.LinearAlgebra.AffineSpace.AffineSubspace.Basic (9.4s)
✔ [3755/3873] Built Mathlib.Order.Monotone.Monovary (3.2s)
✔ [3756/3873] Built Mathlib.Data.Real.ConjExponents (4.9s)
✔ [3757/3873] Built Mathlib.Logic.Equiv.Embedding (2.2s)
✔ [3758/3877] Built Mathlib.LinearAlgebra.AffineSpace.Pointwise (4.3s)
✔ [3759/3877] Built Mathlib.MeasureTheory.Measure.Restrict (8.1s)
✔ [3760/3881] Built Mathlib.Analysis.Normed.Module.Span (5.1s)
✔ [3761/3881] Built Mathlib.Analysis.Convex.Segment (8.8s)
✔ [3762/3881] Built Mathlib.Data.Fintype.CardEmbedding (2.4s)
✔ [3763/3881] Built Mathlib.Analysis.Complex.Basic (10s)
✔ [3764/3881] Built Mathlib.MeasureTheory.Measure.Typeclasses.NoAtoms (3.4s)
✔ [3765/3881] Built Mathlib.LinearAlgebra.RootSystem.Finite.Lemmas (25s)
✔ [3766/3883] Built Mathlib.MeasureTheory.Measure.MutuallySingular (4.1s)
✔ [3767/3883] Built Mathlib.Algebra.Order.Monovary (5.9s)
✔ [3768/3887] Built Mathlib.LinearAlgebra.AffineSpace.Combination (8.3s)
✔ [3769/3887] Built Mathlib.Topology.Algebra.Ring.Ideal (2.9s)
✔ [3770/3887] Built Mathlib.Analysis.Complex.Asymptotics (3.3s)
✔ [3771/3887] Built Mathlib.MeasureTheory.Measure.Typeclasses.Finite (5.6s)
✔ [3772/3888] Built Mathlib.Topology.Algebra.Module.Simple (2.9s)
✔ [3773/3888] Built Mathlib.Topology.Algebra.Module.Determinant (3.3s)
✔ [3774/3892] Built Mathlib.Analysis.Convex.Star (5.3s)
✔ [3775/3892] Built Mathlib.Topology.Algebra.Module.Multilinear.Basic (9.9s)
✔ [3776/3892] Built Mathlib.Topology.Algebra.SeparationQuotient.FiniteDimensional (2.7s)
✔ [3777/3892] Built Mathlib.LinearAlgebra.AffineSpace.Centroid (3.2s)
✔ [3778/3892] Built Mathlib.MeasureTheory.Measure.Typeclasses.Probability (4.6s)
✔ [3779/3906] Built Mathlib.Analysis.Normed.Ring.Units (5.3s)
✔ [3780/3906] Built Mathlib.Order.Filter.IndicatorFunction (3.0s)
✔ [3781/3909] Built Mathlib.Analysis.SpecialFunctions.Exp (5.7s)
✔ [3782/3909] Built Mathlib.LinearAlgebra.AffineSpace.Independent (9.0s)
✔ [3783/3909] Built Mathlib.MeasureTheory.Measure.Typeclasses.SFinite (5.9s)
✔ [3784/3909] Built Mathlib.Topology.Algebra.Indicator (2.8s)
✔ [3785/3909] Built Mathlib.Topology.Bornology.BoundedOperation (3.8s)
✔ [3786/3909] Built Mathlib.Probability.ConditionalProbability (5.2s)
✔ [3787/3909] Built Mathlib.Topology.ContinuousMap.Star (4.4s)
✔ [3788/3909] Built Mathlib.Analysis.Convex.Basic (8.8s)
✔ [3789/3909] Built Mathlib.Analysis.SpecialFunctions.Log.Basic (6.4s)
✔ [3790/3910] Built Mathlib.MeasureTheory.Measure.Dirac (4.7s)
✔ [3791/3910] Built Mathlib.MeasureTheory.Measure.Decomposition.Exhaustion (4.4s)
✔ [3792/3910] Built Mathlib.MeasureTheory.Measure.Trim (3.9s)
✔ [3793/3910] Built Mathlib.Algebra.Lie.Weights.IsSimple (19s)
✔ [3794/3912] Built Mathlib.LinearAlgebra.AffineSpace.Basis (7.8s)
✔ [3795/3912] Built Mathlib.MeasureTheory.Measure.Real (5.5s)
✔ [3796/3912] Built Mathlib.Analysis.SpecialFunctions.Trigonometric.Basic (10s)
✔ [3797/3912] Built Mathlib.Analysis.Convex.PathConnected (4.6s)
✔ [3798/3912] Built Mathlib.Analysis.Convex.Hull (3.3s)
✔ [3799/3914] Built Mathlib.MeasureTheory.Measure.Count (3.8s)
✔ [3800/3914] Built Mathlib.MeasureTheory.Measure.AEMeasurable (4.5s)
✔ [3801/3914] Built Mathlib.Analysis.Convex.Strict (5.7s)
✔ [3802/3914] Built Mathlib.Topology.Algebra.Group.Compact (2.9s)
✔ [3803/3914] Built Mathlib.Analysis.SpecialFunctions.Trigonometric.Inverse (5.1s)
✔ [3804/3914] Built Mathlib.Topology.ContinuousMap.Bounded.Basic (11s)
✔ [3805/3914] Built Mathlib.Probability.UniformOn (4.1s)
✔ [3806/3917] Built Mathlib.LinearAlgebra.Dimension.LinearMap (4.9s)
✔ [3807/3917] Built Mathlib.Analysis.Convex.Function (12s)
✔ [3808/3917] Built Mathlib.Analysis.LocallyConvex.Basic (7.2s)
✔ [3809/3919] Built Mathlib.MeasureTheory.Order.Lattice (4.3s)
✔ [3810/3919] Built Mathlib.Dynamics.Ergodic.MeasurePreserving (4.2s)
✔ [3811/3919] Built Mathlib.MeasureTheory.MeasurableSpace.Pi (2.8s)
✔ [3812/3919] Built Mathlib.Topology.MetricSpace.ThickenedIndicator (4.0s)
✔ [3813/3919] Built Mathlib.LinearAlgebra.Matrix.Diagonal (3.5s)
✔ [3814/3919] Built Mathlib.MeasureTheory.Group.Arithmetic (9.2s)
✔ [3815/3919] Built Mathlib.Analysis.Convex.Slope (5.3s)
✔ [3816/3919] Built Mathlib.Analysis.SpecialFunctions.Trigonometric.Angle (15s)
✔ [3817/3919] Built Mathlib.Topology.Order.LeftRightLim (3.0s)
✔ [3818/3922] Built Mathlib.Analysis.Convex.Combination (16s)
✔ [3819/3922] Built Mathlib.Analysis.LocallyConvex.BalancedCoreHull (5.2s)
✔ [3820/3922] Built Mathlib.Analysis.Convex.Mul (8.4s)
✔ [3821/3931] Built Mathlib.MeasureTheory.Group.Pointwise (3.2s)
✔ [3822/3931] Built Mathlib.MeasureTheory.Constructions.BorelSpace.Basic (6.4s)
✔ [3823/3931] Built Mathlib.Analysis.SpecialFunctions.Complex.Arg (6.2s)
✔ [3824/3934] Built Mathlib.Topology.MetricSpace.Gluing (4.8s)
✔ [3825/3934] Built Mathlib.MeasureTheory.Group.MeasurableEquiv (7.1s)
✔ [3826/3934] Built Mathlib.Analysis.Convex.StdSimplex (6.2s)
✔ [3827/3934] Built Mathlib.Analysis.Convex.Jensen (7.3s)
✔ [3828/3934] Built Mathlib.MeasureTheory.Constructions.BorelSpace.Complex (3.2s)
✔ [3829/3934] Built Mathlib.Analysis.Normed.Group.AddTorsor (4.2s)
✔ [3830/3934] Built Mathlib.MeasureTheory.Constructions.BorelSpace.Metric (3.5s)
✔ [3831/3934] Built Mathlib.MeasureTheory.Measure.OpenPos (3.5s)
✔ [3832/3935] Built Mathlib.Analysis.SpecialFunctions.Complex.Log (4.0s)
✔ [3833/3936] Built Mathlib.Topology.Metrizable.CompletelyMetrizable (3.7s)
✔ [3834/3936] Built Mathlib.MeasureTheory.Constructions.BorelSpace.Order (7.0s)
✔ [3835/3936] Built Mathlib.Topology.Algebra.Module.ClosedSubmodule (5.9s)
✔ [3836/3936] Built Mathlib.MeasureTheory.Measure.Regular (6.3s)
✔ [3837/3936] Built Mathlib.Analysis.Convex.Topology (6.6s)
✔ [3838/3936] Built Mathlib.Analysis.SpecialFunctions.Pow.Complex (5.4s)
✔ [3839/3936] Built Mathlib.Analysis.Seminorm (22s)
✔ [3840/3937] Built Mathlib.Topology.Baire.CompleteMetrizable (3.7s)
✔ [3841/3937] Built Mathlib.Analysis.Normed.Group.Lemmas (2.0s)
✔ [3842/3937] Built Mathlib.Topology.Algebra.Module.FiniteDimension (17s)
✔ [3843/3937] Built Mathlib.Analysis.Asymptotics.AsymptoticEquivalent (5.7s)
✔ [3844/3937] Built Mathlib.MeasureTheory.Function.EssSup (4.0s)
✔ [3845/3937] Built Mathlib.MeasureTheory.Constructions.BorelSpace.Real (5.3s)
✔ [3846/3937] Built Mathlib.MeasureTheory.Measure.Stieltjes (6.7s)
✔ [3847/3939] Built Mathlib.MeasureTheory.Measure.Content (5.4s)
✔ [3848/3941] Built Mathlib.Analysis.Normed.Module.Convex (5.7s)
✔ [3849/3942] Built Mathlib.MeasureTheory.Group.Action (6.9s)
✔ [3850/3942] Built Mathlib.Topology.Algebra.Module.LocallyConvex (6.2s)
✔ [3851/3957] Built Mathlib.LinearAlgebra.AffineSpace.Restrict (3.3s)
✔ [3852/3964] Built Mathlib.MeasureTheory.Constructions.BorelSpace.Metrizable (3.8s)
✔ [3853/3964] Built Mathlib.MeasureTheory.Function.SimpleFunc (11s)
✔ [3854/3964] Built Mathlib.Analysis.Normed.Module.RieszLemma (4.8s)
✔ [3855/3964] Built Mathlib.Analysis.SpecialFunctions.Pow.Real (8.6s)
✔ [3856/3964] Built Mathlib.Data.Matrix.Reflection (3.3s)
✔ [3857/3966] Built Mathlib.RingTheory.Polynomial.DegreeLT (5.0s)
✔ [3858/3966] Built Mathlib.Analysis.LocallyConvex.Bounded (8.1s)
✔ [3859/3966] Built Mathlib.Analysis.Normed.Lp.WithLp (4.7s)
✔ [3860/3966] Built Mathlib.MeasureTheory.Function.SimpleFuncDense (3.9s)
✔ [3861/3969] Built Mathlib.Analysis.Convex.SpecificFunctions.Basic (3.8s)
✔ [3862/3971] Built Mathlib.MeasureTheory.Integral.Lebesgue.Basic (6.6s)
✔ [3863/3971] Built Mathlib.Analysis.BoxIntegral.Box.Basic (4.9s)
✔ [3864/3971] Built Mathlib.Topology.Algebra.ContinuousAffineMap (12s)
✔ [3865/3971] Built Mathlib.LinearAlgebra.UnitaryGroup (6.4s)
✔ [3866/3971] Built Mathlib.Topology.Algebra.Module.Multilinear.Bounded (5.4s)
✔ [3867/3971] Built Mathlib.Topology.Algebra.Module.UniformConvergence (4.0s)
✔ [3868/3971] Built Mathlib.Analysis.SpecialFunctions.Pow.NNReal (9.1s)
✔ [3869/3971] Built Mathlib.Analysis.BoxIntegral.Box.SubboxInduction (4.3s)
✔ [3870/3977] Built Mathlib.MeasureTheory.Integral.Lebesgue.Norm (3.5s)
✔ [3871/3977] Built Mathlib.Analysis.BoxIntegral.Partition.Basic (6.3s)
✔ [3872/3977] Built Mathlib.MeasureTheory.Integral.Lebesgue.Add (5.6s)
✔ [3873/3977] Built Mathlib.MeasureTheory.Function.StronglyMeasurable.Basic (8.9s)
✔ [3874/3977] Built Mathlib.Topology.Algebra.AffineSubspace (3.4s)
✔ [3875/3977] Built Mathlib.Topology.Algebra.ContinuousAffineEquiv (7.9s)
✔ [3876/3977] Built Mathlib.MeasureTheory.Function.SpecialFunctions.Basic (4.2s)
✔ [3877/3978] Built Mathlib.Analysis.MeanInequalitiesPow (6.7s)
✔ [3878/3978] Built Mathlib.Topology.Algebra.Module.Multilinear.Topology (10s)
✔ [3879/3978] Built Mathlib.Analysis.LocallyConvex.WithSeminorms (16s)
✔ [3880/3978] Built Mathlib.Analysis.MeanInequalities (8.3s)
✔ [3881/3978] Built Mathlib.Analysis.Oscillation (3.0s)
✔ [3882/3978] Built Mathlib.Analysis.SpecialFunctions.Pow.Asymptotics (5.6s)
✔ [3883/3978] Built Mathlib.Analysis.BoxIntegral.Partition.Split (3.9s)
✔ [3884/3978] Built Mathlib.MeasureTheory.Integral.Lebesgue.Map (3.6s)
✔ [3885/3979] Built Mathlib.Analysis.BoxIntegral.Partition.Tagged (4.2s)
✔ [3886/3979] Built Mathlib.MeasureTheory.Integral.Lebesgue.Markov (3.6s)
✔ [3887/3979] Built Mathlib.MeasureTheory.Integral.Lebesgue.Sub (3.6s)
✔ [3888/3979] Built Mathlib.MeasureTheory.Function.Egorov (3.8s)
✔ [3889/3979] Built Mathlib.Data.Int.Associated (1.0s)
✔ [3890/3979] Built Mathlib.MeasureTheory.Function.StronglyMeasurable.AEStronglyMeasurable (6.7s)
✔ [3891/3979] Built Mathlib.RingTheory.Polynomial.Resultant.Basic (32s)
✔ [3892/3979] Built Mathlib.Data.Int.NatAbs (2.3s)
✔ [3893/3979] Built Mathlib.MeasureTheory.Integral.MeanInequalities (6.4s)
✔ [3894/3979] Built Mathlib.Analysis.SpecialFunctions.Pow.Continuity (7.4s)
✔ [3895/3979] Built Mathlib.Analysis.InnerProductSpace.Defs (9.1s)
✔ [3896/3979] Built Mathlib.Analysis.BoxIntegral.Partition.SubboxInduction (3.5s)
✔ [3897/3981] Built Mathlib.MeasureTheory.Integral.Lebesgue.DominatedConvergence (3.7s)
✔ [3898/3981] Built Mathlib.MeasureTheory.Integral.Lebesgue.Countable (4.7s)
✔ [3899/3983] Built Mathlib.MeasureTheory.Function.LpSeminorm.Defs (3.5s)
✔ [3900/3986] Built Mathlib.LinearAlgebra.Matrix.Charpoly.Disc (3.2s)
✔ [3901/3986] Built Mathlib.Data.Nat.Prime.Int (1.8s)
✔ [3902/3986] Built Mathlib.Analysis.Normed.Affine.Isometry (15s)
✔ [3903/3986] Built Mathlib.Analysis.BoxIntegral.Partition.Filter (3.9s)
✔ [3904/3986] Built Mathlib.Topology.Algebra.Module.StrongTopology (29s)
✔ [3905/3987] Built Mathlib.Analysis.Normed.Lp.ProdLp (16s)
✔ [3906/3989] Built Mathlib.MeasureTheory.Measure.GiryMonad (3.9s)
✔ [3907/3989] Built Mathlib.MeasureTheory.Function.AEEqFun (7.6s)
✔ [3908/3989] Built Mathlib.RingTheory.ZMod (2.8s)
✔ [3909/3992] Built Mathlib.RingTheory.Int.Basic (2.6s)
✔ [3910/3992] Built Mathlib.LinearAlgebra.Quotient.Pi (3.8s)
✔ [3911/3996] Built Mathlib.Data.ZMod.QuotientRing (3.8s)
✔ [3912/3996] Built Mathlib.Analysis.InnerProductSpace.Basic (11s)
✔ [3913/3997] Built Mathlib.LinearAlgebra.Matrix.GeneralLinearGroup.FinTwo (7.5s)
✔ [3914/3997] Built Mathlib.Algebra.MonoidAlgebra.Cardinal (3.2s)
✔ [3915/3998] Built Mathlib.MeasureTheory.Measure.Prod (9.3s)
✔ [3916/3998] Built Mathlib.Analysis.SumOverResidueClass (3.0s)
✔ [3917/3999] Built Mathlib.LinearAlgebra.Orientation (8.5s)
✔ [3918/3999] Built Mathlib.LinearAlgebra.FreeModule.Finite.Quotient (5.5s)
✔ [3919/3999] Built Mathlib.Analysis.Normed.Operator.Basic (15s)
✔ [3920/4000] Built Mathlib.MeasureTheory.Function.LpSeminorm.Basic (14s)
✔ [3921/4000] Built Mathlib.Algebra.MonoidAlgebra.Grading (5.0s)
✔ [3922/4001] Built Mathlib.Topology.Instances.Matrix (6.2s)
✔ [3923/4001] Built Mathlib.MeasureTheory.Group.Convolution (5.1s)
✔ [3924/4001] Built Mathlib.Analysis.InnerProductSpace.Projection.Minimal (7.9s)
✔ [3925/4001] Built Mathlib.Algebra.MonoidAlgebra.Ideal (2.8s)
✔ [3926/4001] Built Mathlib.Algebra.MonoidAlgebra.ToDirectSum (4.4s)
✔ [3927/4001] Built Mathlib.LinearAlgebra.FreeModule.Finite.CardQuotient (4.9s)
✔ [3928/4001] Built Mathlib.Analysis.Normed.Lp.PiLp (20s)
✔ [3929/4001] Built Mathlib.Analysis.Normed.Module.RCLike.Basic (4.9s)
✔ [3930/4001] Built Mathlib.MeasureTheory.Group.Measure (11s)
✔ [3931/4001] Built Mathlib.Analysis.PSeries (7.6s)
✔ [3932/4002] Built Mathlib.Algebra.MvPolynomial.Cardinal (3.1s)
✔ [3933/4002] Built Mathlib.MeasureTheory.Function.LpSeminorm.TriangleInequality (5.1s)
✔ [3934/4002] Built Mathlib.MeasureTheory.Function.LpSeminorm.ChebyshevMarkov (4.6s)
✔ [3935/4002] Built Mathlib.Analysis.Normed.Operator.NNNorm (7.1s)
✔ [3936/4002] Built Mathlib.MeasureTheory.Function.LpSeminorm.CompareExp (7.0s)
✔ [3937/4003] Built Mathlib.Algebra.MvPolynomial.Comap (3.6s)
✔ [3938/4003] Built Mathlib.Analysis.Normed.Lp.MeasurableSpace (3.9s)
✔ [3939/4003] Built Mathlib.Topology.ContinuousMap.Bounded.Normed (13s)
✔ [3940/4004] Built Mathlib.MeasureTheory.Group.LIntegral (3.6s)
✔ [3941/4006] Built Mathlib.Analysis.Normed.Operator.Extend (14s)
✔ [3942/4006] Built Mathlib.Algebra.MvPolynomial.Counit (2.8s)
✔ [3943/4009] Built Mathlib.MeasureTheory.Constructions.Pi (8.2s)
✔ [3944/4009] Built Mathlib.Algebra.Order.Ring.Finset (2.5s)
✔ [3945/4009] Built Mathlib.MeasureTheory.Group.Prod (6.6s)
✔ [3946/4009] Built Mathlib.Algebra.MvPolynomial.Division (4.8s)
✔ [3947/4009] Built Mathlib.Topology.ContinuousMap.Bounded.Star (4.4s)
✔ [3948/4009] Built Mathlib.Algebra.MvPolynomial.Nilpotent (5.2s)
✔ [3949/4009] Built Mathlib.Algebra.MvPolynomial.Polynomial (2.7s)
✔ [3950/4009] Built Mathlib.Algebra.MvPolynomial.Invertible (2.4s)
✔ [3951/4017] Built Mathlib.MeasureTheory.Integral.Marginal (4.5s)
✔ [3952/4019] Built Mathlib.Analysis.LConvolution (4.1s)
✔ [3953/4020] Built Mathlib.Algebra.MvPolynomial.Funext (3.2s)
✔ [3954/4021] Built Mathlib.MeasureTheory.Measure.Haar.Basic (6.3s)
✔ [3955/4021] Built Mathlib.Algebra.MvPolynomial.Expand (4.3s)
✔ [3956/4024] Built Mathlib.Order.GameAdd (2.7s)
✔ [3957/4024] Built Mathlib.Data.Fin.Tuple.Finset (2.3s)
✔ [3958/4025] Built Mathlib.Algebra.NoZeroSMulDivisors.Pi (2.1s)
✔ [3959/4025] Built Mathlib.Algebra.NoZeroSMulDivisors.Prod (2.0s)
✔ [3960/4025] Built Mathlib.Topology.ContinuousMap.Compact (7.0s)
✔ [3961/4025] Built Mathlib.Algebra.NonAssoc.PreLie.Basic (3.5s)
✔ [3962/4027] Built Mathlib.Algebra.Order.AbsoluteValue.Euclidean (2.3s)
✔ [3963/4034] Built Mathlib.Data.DFinsupp.WellFounded (2.9s)
✔ [3964/4034] Built Mathlib.Analysis.Normed.Operator.Bilinear (25s)
✔ [3965/4035] Built Mathlib.MeasureTheory.Measure.WithDensity (6.8s)
✔ [3966/4036] Built Mathlib.MeasureTheory.Function.LpSpace.Basic (16s)
✔ [3967/4036] Built Mathlib.Algebra.Order.AddTorsor (2.1s)
✔ [3968/4036] Built Mathlib.Tactic.ArithMult.Init (1.5s)
✔ [3969/4036] Built Mathlib.RingTheory.UniqueFactorizationDomain.Nat (2.2s)
✔ [3970/4036] Built Mathlib.Data.Finsupp.WellFounded (2.2s)
✔ [3971/4037] Built Mathlib.Algebra.NonAssoc.LieAdmissible.Defs (3.0s)
✔ [3972/4037] Built Mathlib.Data.Nat.Factorization.PrimePow (2.6s)
✔ [3973/4037] Built Mathlib.Algebra.MvPolynomial.SchwartzZippel (6.9s)
✔ [3974/4037] Built Mathlib.Tactic.ArithMult (1.6s)
✔ [3975/4038] Built Mathlib.Algebra.Order.Archimedean.Hom (2.4s)
✔ [3976/4039] Built Mathlib.MeasureTheory.Function.L1Space.HasFiniteIntegral (4.8s)
✔ [3977/4039] Built Mathlib.MeasureTheory.Function.LpSpace.Complete (5.0s)
✔ [3978/4039] Built Mathlib.Algebra.Order.Archimedean.IndicatorCard (3.2s)
✔ [3979/4042] Built Mathlib.Algebra.Order.Archimedean.Submonoid (2.4s)
✔ [3980/4044] Built Mathlib.MeasureTheory.Function.LpSpace.Indicator (6.5s)
✔ [3981/4044] Built Mathlib.Data.Finsupp.MonomialOrder (4.1s)
✔ [3982/4044] Built Mathlib.Data.Nat.Squarefree (4.3s)
✔ [3983/4044] Built Mathlib.Algebra.Order.BigOperators.GroupWithZero.Finset (2.0s)
✔ [3984/4044] Built Mathlib.Analysis.Normed.Operator.NormedSpace (9.0s)
✔ [3985/4045] Built Mathlib.Algebra.Order.Disjointed (2.2s)
✔ [3986/4045] Built Mathlib.Algebra.Order.Archimedean.Class (10s)
✔ [3987/4045] Built Mathlib.Algebra.Order.Field.Defs (1.0s)
✔ [3988/4045] Built Mathlib.MeasureTheory.Function.ConvergenceInMeasure (5.5s)
✔ [3989/4045] Built Mathlib.Algebra.Order.CompleteField (5.3s)
✔ [3990/4046] Built Mathlib.Data.Finsupp.MonomialOrder.DegLex (5.8s)
✔ [3991/4046] Built Mathlib.Algebra.Order.Rearrangement (6.4s)
✔ [3992/4047] Built Mathlib.Algebra.Order.Field.GeomSum (3.9s)
✔ [3993/4048] Built Mathlib.NumberTheory.ArithmeticFunction.Defs (8.0s)
✔ [3994/4048] Built Mathlib.RingTheory.MvPolynomial.MonomialOrder (11s)
✔ [3995/4049] Built Mathlib.MeasureTheory.Function.LpOrder (6.7s)
✔ [3996/4049] Built Mathlib.Algebra.Order.Field.Pi (3.3s)
✔ [3997/4050] Built Mathlib.Algebra.Order.Field.Pointwise (2.6s)
✔ [3998/4050] Built Mathlib.Algebra.Order.Field.Subfield (2.0s)
✔ [3999/4051] Built Mathlib.Algebra.Order.Chebyshev (4.4s)
✔ [4000/4051] Built Mathlib.NumberTheory.ArithmeticFunction.Zeta (3.5s)
✔ [4001/4053] Built Mathlib.RingTheory.MvPolynomial.MonomialOrder.DegLex (2.0s)
✔ [4002/4053] Built Mathlib.Analysis.Normed.Module.FiniteDimension (14s)
✔ [4003/4054] Built Mathlib.Analysis.Normed.Operator.Mul (14s)
✔ [4004/4054] Built Mathlib.Algebra.Order.Floor.Div (4.6s)
✔ [4005/4055] Built Mathlib.Analysis.Normed.Operator.Banach (16s)
✔ [4006/4055] Built Mathlib.Algebra.Order.Floor.Semifield (3.7s)
✔ [4007/4057] Built Mathlib.Algebra.Order.Floor.Extended (4.6s)
✔ [4008/4058] Built Mathlib.Algebra.Order.Group.End (1.0s)
✔ [4009/4059] Built Mathlib.Algebra.MvPolynomial.NoZeroDivisors (4.3s)
✔ [4010/4060] Built Mathlib.NumberTheory.ArithmeticFunction.Misc (4.7s)
✔ [4011/4060] Built Mathlib.Algebra.Order.Group.Bounds (2.1s)
✔ [4012/4061] Built Mathlib.Algebra.Order.Group.Action.Synonym (2.2s)
✔ [4013/4061] Built Mathlib.Algebra.Order.Group.CompleteLattice (1.8s)
✔ [4014/4062] Built Mathlib.Algebra.Order.Group.Action.End (1.0s)
✔ [4015/4063] Built Mathlib.Analysis.RCLike.Lemmas (4.4s)
✔ [4016/4063] Built Mathlib.Analysis.BoxIntegral.Partition.Additive (4.6s)
✔ [4017/4064] Built Mathlib.Algebra.Order.Group.Cone (2.8s)
✔ [4018/4065] Built Mathlib.Algebra.Order.Group.Cyclic (3.2s)
✔ [4019/4065] Built Mathlib.Algebra.Order.Group.DenselyOrdered (2.6s)
✔ [4020/4069] Built Mathlib.Algebra.Order.Group.Equiv (1.8s)
✔ [4021/4070] Built Mathlib.Algebra.Order.Group.Action.Flag (1.9s)
✔ [4022/4071] Built Mathlib.Algebra.Order.Antidiag.Nat (4.1s)
✔ [4023/4071] Built Mathlib.Algebra.Order.Group.Ideal (2.3s)
✔ [4024/4074] Built Mathlib.Algebra.Order.Group.Int.Sum (2.6s)
✔ [4025/4076] Built Mathlib.Algebra.Order.Group.PartialSups (2.2s)
✔ [4026/4076] Built Mathlib.Algebra.Order.GroupWithZero.Bounds (1.0s)
✔ [4027/4076] Built Mathlib.Order.Prod.Lex.Hom (1.7s)
✔ [4028/4076] Built Mathlib.Algebra.Order.Hom.Submonoid (1.7s)
✔ [4029/4079] Built Mathlib.Algebra.Order.GroupWithZero.WithZero (2.3s)
✔ [4030/4079] Built Mathlib.Algebra.Order.Hom.Units (1.6s)
✔ [4031/4081] Built Mathlib.Algebra.Order.Interval.Multiset (2.2s)
✔ [4032/4083] Built Mathlib.Algebra.Order.Monoid.Lex (2.6s)
✔ [4033/4083] Built Mathlib.Algebra.Order.Module.Algebra (2.2s)
✔ [4034/4089] Built Mathlib.Algebra.Order.Module.Equiv (2.4s)
✔ [4035/4090] Built Mathlib.Algebra.Order.Interval.Set.SuccPred (3.5s)
✔ [4036/4091] Built Mathlib.Algebra.Order.Module.Basic (3.0s)
✔ [4037/4092] Built Mathlib.Order.Interval.Basic (4.4s)
✔ [4038/4092] Built Mathlib.Data.Set.MulAntidiagonal (2.6s)
✔ [4039/4093] Built Mathlib.Data.Set.SMulAntidiagonal (2.3s)
✔ [4040/4093] Built Mathlib.Algebra.Order.Module.OrderedSMul (2.5s)
✔ [4041/4093] Built Mathlib.Algebra.Order.Monoid.Associated (1.8s)
✔ [4042/4093] Built Mathlib.Algebra.Order.Module.PositiveLinearMap (2.4s)
✔ [4043/4094] Built Mathlib.Algebra.Order.GroupWithZero.Lex (3.5s)
✔ [4044/4095] Built Mathlib.RingTheory.HahnSeries.Basic (3.0s)
✔ [4045/4096] Built Mathlib.Algebra.Order.Monoid.PNat (2.1s)
✔ [4046/4096] Built Mathlib.Data.Finset.MulAntidiagonal (2.6s)
✔ [4047/4097] Built Mathlib.Data.Finset.SMulAntidiagonal (2.6s)
✔ [4048/4098] Built Mathlib.Algebra.Order.Module.Archimedean (4.1s)
✔ [4049/4099] Built Mathlib.Algebra.Order.Monoid.Prod (1.0s)
✔ [4050/4100] Built Mathlib.Algebra.Order.Monoid.ToMulBot (1.0s)
✔ [4051/4101] Built Mathlib.Algebra.Order.PUnit (1.7s)
✔ [4052/4102] Built Mathlib.Algebra.Order.Monoid.Unbundled.Units (2.0s)
✔ [4053/4103] Built Mathlib.Algebra.Order.PartialSups (1.7s)
✔ [4054/4104] Built Mathlib.Algebra.Order.Monoid.LocallyFiniteOrder (6.3s)
✔ [4055/4104] Built Mathlib.Algebra.Order.Interval.Basic (6.0s)
✔ [4056/4107] Built Mathlib.Algebra.Order.Positive.Field (2.1s)
✔ [4057/4107] Built Mathlib.Algebra.Order.Quantale (2.8s)
✔ [4058/4109] Built Mathlib.Algebra.Order.Ring.Cone (2.4s)
✔ [4059/4112] Built Mathlib.RingTheory.HahnSeries.Addition (5.2s)
✔ [4060/4112] Built Mathlib.Algebra.Order.Ring.Opposite (1.9s)
✔ [4061/4112] Built Mathlib.Algebra.Order.Ring.IsNonarchimedean (3.2s)
✔ [4062/4113] Built Mathlib.Algebra.Order.Ring.Prod (2.1s)
✔ [4063/4114] Built Mathlib.Algebra.Ring.Subring.Order (2.2s)
✔ [4064/4114] Built Mathlib.Algebra.Order.Ring.Ordering.Defs (3.6s)
✔ [4065/4114] Built Mathlib.Order.Quotient (2.4s)
✔ [4066/4118] Built Mathlib.Analysis.Normed.Module.Multilinear.Basic (40s)
✔ [4067/4118] Built Mathlib.Algebra.Order.Ring.Star (2.2s)
✔ [4068/4118] Built Mathlib.Data.Real.CompleteField (2.8s)
✔ [4069/4119] Built Mathlib.Algebra.Order.Ring.Units (2.5s)
✔ [4070/4120] Built Mathlib.Algebra.Order.Ring.Archimedean (9.2s)
✔ [4071/4122] Built Mathlib.Algebra.Star.Conjneg (2.8s)
✔ [4072/4122] Built Mathlib.Algebra.Order.Star.Pi (2.6s)
✔ [4073/4122] Built Mathlib.Algebra.Order.Star.Prod (2.5s)
✔ [4074/4123] Built Mathlib.Algebra.Order.Sub.Prod (1.6s)
✔ [4075/4124] Built Mathlib.Algebra.Order.Sub.Unbundled.Hom (1.8s)
✔ [4076/4125] Built Mathlib.Algebra.Order.SuccPred.TypeTags (2.0s)
✔ [4077/4126] Built Mathlib.Algebra.Order.Star.Conjneg (2.2s)
✔ [4078/4126] Built Mathlib.Algebra.Order.Sum (1.7s)
✔ [4079/4130] Built Mathlib.Algebra.Order.Ring.Ordering.Basic (7.2s)
✔ [4080/4131] Built Mathlib.Algebra.Order.WithTop.Untop0 (2.3s)
✔ [4081/4132] Built Mathlib.Algebra.Polynomial.Basis (2.7s)
✔ [4082/4133] Built Mathlib.Algebra.Order.UpperLower (3.8s)
✔ [4083/4134] Built Mathlib.RingTheory.Valuation.ValuationSubring (12s)
✔ [4084/4135] Built Mathlib.RingTheory.Derivation.DifferentialRing (3.7s)
✔ [4085/4135] Built Mathlib.Algebra.Pointwise.Stabilizer (4.1s)
✔ [4086/4136] Built Mathlib.Algebra.Polynomial.CoeffList (3.8s)
✔ [4087/4136] Built Mathlib.Algebra.Polynomial.Degree.IsMonicOfDegree (2.9s)
✔ [4088/4136] Built Mathlib.RingTheory.HahnSeries.Multiplication (15s)
✔ [4089/4138] Built Mathlib.Algebra.Polynomial.Degree.CardPowDegree (4.2s)
✔ [4090/4139] Built Mathlib.Algebra.Polynomial.DenomsClearable (3.4s)
✔ [4091/4140] Built Mathlib.Analysis.Normed.Operator.BoundedLinearMaps (12s)
✔ [4092/4140] Built Mathlib.Algebra.Polynomial.CoeffMem (5.1s)
✔ [4093/4140] Built Mathlib.Algebra.Polynomial.Eval.Irreducible (2.4s)
✔ [4094/4141] Built Mathlib.Algebra.Polynomial.Factors (2.0s)
✔ [4095/4141] Built Mathlib.Data.Finsupp.Notation (2.1s)
✔ [4096/4141] Built Mathlib.Algebra.Polynomial.Mirror (3.1s)
✔ [4097/4144] Built Mathlib.Analysis.InnerProductSpace.Continuous (3.8s)
✔ [4098/4145] Built Mathlib.Algebra.Polynomial.Module.FiniteDimensional (3.6s)
✔ [4099/4145] Built Mathlib.MeasureTheory.Function.StronglyMeasurable.Lemmas (4.4s)
✔ [4100/4147] Built Mathlib.RingTheory.Derivation.MapCoeffs (7.5s)
✔ [4101/4147] Built Mathlib.Algebra.Polynomial.Module.TensorProduct (4.6s)
✔ [4102/4148] Built Mathlib.Data.List.GetD (2.2s)
✔ [4103/4149] Built Mathlib.RingTheory.HahnSeries.Lex (9.1s)
✔ [4104/4150] Built Mathlib.Algebra.Polynomial.PartialFractions (4.4s)
✔ [4105/4150] Built Mathlib.Algebra.Polynomial.Homogenize (6.7s)
✔ [4106/4150] Built Mathlib.Data.List.Destutter (3.4s)
✔ [4107/4151] Built Mathlib.Data.List.ToFinsupp (2.5s)
✔ [4108/4151] Built Mathlib.Algebra.Polynomial.Sequence (3.8s)
✔ [4109/4152] Built Mathlib.Algebra.Polynomial.Smeval (4.3s)
✔ [4110/4152] Built Mathlib.Algebra.Polynomial.SpecificDegree (2.9s)
✔ [4111/4153] Built Mathlib.Algebra.Polynomial.Bivariate (8.4s)
✔ [4112/4153] Built Mathlib.Algebra.Polynomial.OfFn (3.2s)
✔ [4113/4156] Built Mathlib.Algebra.Polynomial.SumIteratedDerivative (4.2s)
✔ [4114/4159] Built Mathlib.Algebra.Polynomial.UnitTrinomial (4.1s)
✔ [4115/4160] Built Mathlib.MeasureTheory.Function.L1Space.Integrable (14s)
✔ [4116/4161] Built Mathlib.Algebra.PresentedMonoid.Basic (3.6s)
✔ [4117/4161] Built Mathlib.Algebra.Order.Ring.StandardPart (24s)
✔ [4118/4161] Built Mathlib.Analysis.InnerProductSpace.LinearMap (19s)
✔ [4119/4162] Built Mathlib.Algebra.Quandle (4.8s)
✔ [4120/4162] Built Mathlib.Algebra.Regular.Pi (2.2s)
✔ [4121/4163] Built Mathlib.Algebra.Regular.Prod (2.2s)
✔ [4122/4164] Built Mathlib.MeasureTheory.Function.L1Space.AEEqFun (5.9s)
✔ [4123/4165] Built Mathlib.Algebra.QuaternionBasis (6.9s)
✔ [4124/4165] Built Mathlib.Algebra.QuadraticAlgebra.Defs (8.4s)
✔ [4125/4166] Built Mathlib.Algebra.Regular.ULift (1.9s)
✔ [4126/4166] Built Mathlib.MeasureTheory.Integral.IntegrableOn (6.0s)
✔ [4127/4166] Built Mathlib.Algebra.Order.Module.HahnEmbedding (18s)
✔ [4128/4166] Built Mathlib.Algebra.Ring.Action.Pointwise.Finset (2.0s)
✔ [4129/4168] Built Mathlib.Algebra.Ring.Ext (2.5s)
✔ [4130/4169] Built Mathlib.Algebra.QuadraticAlgebra (2.7s)
✔ [4131/4170] Built Mathlib.Algebra.Ring.Identities (3.3s)
✔ [4132/4171] Built Mathlib.Analysis.InnerProductSpace.Orthonormal (6.9s)
✔ [4133/4172] Built Mathlib.Algebra.Ring.Pointwise.Set (1.8s)
✔ [4134/4172] Built Mathlib.Algebra.Ring.Semireal.Defs (2.1s)
✔ [4135/4173] Built Mathlib.Algebra.QuadraticAlgebra.Basic (6.2s)
✔ [4136/4173] Built Mathlib.Algebra.Polynomial.RuleOfSigns (21s)
✔ [4137/4173] Built Mathlib.Algebra.Ring.Subgroup (2.4s)
✔ [4138/4174] Built Mathlib.Algebra.Ring.Subring.IntPolynomial (2.7s)
✔ [4139/4178] Built Mathlib.Algebra.Ring.CentroidHom (8.7s)
✔ [4140/4182] Built Mathlib.Algebra.Ring.WithZero (2.1s)
✔ [4141/4183] Built Mathlib.Algebra.Ring.Pointwise.Finset (2.2s)
✔ [4142/4184] Built Mathlib.MeasureTheory.Function.LocallyIntegrable (6.6s)
✔ [4143/4185] Built Mathlib.Algebra.QuadraticAlgebra.NormDeterminant (3.8s)
✔ [4144/4186] Built Mathlib.Algebra.Star.NonUnitalSubsemiring (2.5s)
✔ [4145/4186] Built Mathlib.Algebra.Star.Free (3.0s)
✔ [4146/4187] Built Mathlib.Analysis.InnerProductSpace.Subspace (5.8s)
✔ [4147/4187] Built Mathlib.Algebra.Star.CHSH (4.7s)
✔ [4148/4188] Built Mathlib.Algebra.Star.RingQuot (2.5s)
✔ [4149/4189] Built Mathlib.MeasureTheory.Function.SimpleFuncDenseLp (14s)
✔ [4150/4190] Built Mathlib.Algebra.Star.Subsemiring (2.5s)
✔ [4151/4191] Built Mathlib.Algebra.Star.UnitaryStarAlgAut (3.3s)
✔ [4152/4196] Built Mathlib.Algebra.Star.LinearMap (6.4s)
✔ [4153/4196] Built Mathlib.Algebra.Tropical.Basic (2.9s)
✔ [4154/4196] Built Mathlib.Algebra.Symmetrized (4.8s)
✔ [4155/4196] Built Mathlib.Algebra.Star.CentroidHom (2.0s)
✔ [4156/4196] Built Mathlib.CategoryTheory.Category.GaloisConnection (2.3s)
✔ [4157/4201] Built Mathlib.Topology.Sheaves.Init (1.6s)
✔ [4158/4201] Built Mathlib.Algebra.Vertex.HVertexOperator (4.0s)
✔ [4159/4202] Built Mathlib.Algebra.SkewMonoidAlgebra.Basic (11s)
✔ [4160/4202] Built Mathlib.Algebra.Tropical.BigOperators (2.8s)
✔ [4161/4202] Built Mathlib.CategoryTheory.Limits.Lattice (3.3s)
✔ [4162/4202] Built Mathlib.Analysis.InnerProductSpace.Orthogonal (9.7s)
✔ [4163/4203] Built Mathlib.Algebra.SkewPolynomial.Basic (3.1s)
✔ [4164/4203] Built Mathlib.MeasureTheory.Integral.FinMeasAdditive (9.1s)
✔ [4165/4204] Built Mathlib.Algebra.Tropical.Lattice (5.0s)
✔ [4166/4204] Built Mathlib.Topology.Category.TopCat.Opens (5.2s)
✔ [4167/4210] Built Mathlib.Algebra.Vertex.VertexOperator (3.9s)
✔ [4168/4210] Built Mathlib.Algebra.SkewMonoidAlgebra.Support (3.5s)
✔ [4169/4216] Built Mathlib.Algebra.SkewMonoidAlgebra.Single (3.2s)
✔ [4170/4228] Built Mathlib.CategoryTheory.Sites.Spaces (2.8s)
✔ [4171/4228] Built Mathlib.Topology.Category.TopCat.OpenNhds (3.6s)
✔ [4172/4232] Built Mathlib.Algebra.SkewMonoidAlgebra.Lift (4.6s)
✔ [4173/4234] Built Mathlib.CategoryTheory.Category.Pairwise (4.4s)
✔ [4174/4237] Built Mathlib.CategoryTheory.Sites.JointlySurjective (2.8s)
✔ [4175/4239] Built Mathlib.CategoryTheory.Sites.Pullback (4.8s)
✔ [4176/4239] Built Mathlib.CategoryTheory.Sites.MorphismProperty (3.2s)
✔ [4177/4240] Built Mathlib.Topology.Sheaves.Presheaf (6.7s)
✔ [4178/4240] Built Mathlib.Analysis.InnerProductSpace.Symmetric (7.4s)
✔ [4179/4240] Built Mathlib.CategoryTheory.Comma.Over.OverClass (3.5s)
✔ [4180/4240] Built Mathlib.GroupTheory.Submonoid.Inverses (3.8s)
✔ [4181/4243] Built Mathlib.Topology.Category.TopCommRingCat (3.4s)
✔ [4182/4243] Built Mathlib.CategoryTheory.LocallyDirected (2.4s)
✔ [4183/4253] Built Mathlib.Topology.Sheaves.PresheafOfFunctions (2.5s)
✔ [4184/4253] Built Mathlib.CategoryTheory.MorphismProperty.Local (2.8s)
✔ [4185/4253] Built Mathlib.Topology.Sheaves.Sheaf (2.9s)
✔ [4186/4256] Built Mathlib.Logic.Function.Coequalizer (875ms)
✔ [4187/4256] Built Mathlib.RingTheory.Localization.InvSubmonoid (3.3s)
✔ [4188/4257] Built Mathlib.Topology.Sheaves.Forget (2.6s)
✔ [4189/4257] Built Mathlib.Topology.Sheaves.SheafCondition.Sites (3.6s)
✔ [4190/4260] Built Mathlib.Topology.Sheaves.Limits (3.0s)
✔ [4191/4260] Built Mathlib.CategoryTheory.GlueData (6.0s)
✔ [4192/4260] Built Mathlib.CategoryTheory.Limits.Types.Coequalizers (2.6s)
✔ [4193/4260] Built Mathlib.RingTheory.Localization.Away.Lemmas (3.5s)
✔ [4194/4260] Built Mathlib.Geometry.RingedSpace.PresheafedSpace (11s)
✔ [4195/4261] Built Mathlib.RingTheory.RingHom.Surjective (4.4s)
✔ [4196/4263] Built Mathlib.Topology.Sheaves.SheafCondition.OpensLeCover (4.4s)
✔ [4197/4263] Built Mathlib.CategoryTheory.Limits.Constructions.Over.Products (10s)
✔ [4198/4263] Built Mathlib.Topology.Sheaves.Functors (5.5s)
✔ [4199/4268] Built Mathlib.Analysis.InnerProductSpace.Projection.Basic (13s)
✔ [4200/4268] Built Mathlib.RingTheory.Spectrum.Prime.TensorProduct (4.9s)
✔ [4201/4268] Built Mathlib.CategoryTheory.Limits.Shapes.Pullback.Equalizer (2.7s)
✔ [4202/4268] Built Mathlib.Topology.Gluing (6.3s)
✔ [4203/4268] Built Mathlib.RingTheory.LocalProperties.Reduced (3.9s)
✔ [4204/4268] Built Mathlib.Topology.Sheaves.SheafCondition.PairwiseIntersections (8.5s)
✔ [4205/4279] Built Mathlib.Geometry.RingedSpace.PresheafedSpace.HasColimits (9.5s)
✔ [4206/4279] Built Mathlib.Analysis.InnerProductSpace.Projection.Submodule (7.2s)
✔ [4207/4281] Built Mathlib.Tactic.DepRewrite (4.4s)
✔ [4208/4287] Built Mathlib.RingTheory.RingHom.Locally (11s)
✔ [4209/4289] Built Mathlib.CategoryTheory.Monoidal.Cartesian.Over (9.7s)
✔ [4210/4290] Built Mathlib.Analysis.InnerProductSpace.Projection.Reflection (7.1s)
✔ [4211/4293] Built Mathlib.Topology.Sheaves.SheafCondition.UniqueGluing (3.2s)
✔ [4212/4293] Built Mathlib.MeasureTheory.Integral.SetToL1 (32s)
✔ [4213/4293] Built Mathlib.RingTheory.Jacobson.Polynomial (2.9s)
✔ [4214/4293] Built Mathlib.RingTheory.Ideal.MinimalPrime.Noetherian (2.5s)
✔ [4215/4293] Built Mathlib.Topology.JacobsonSpace (2.4s)
✔ [4216/4294] Built Mathlib.CategoryTheory.Limits.Constructions.Over.Basic (2.2s)
✔ [4217/4294] Built Mathlib.RingTheory.RingHom.Finite (5.1s)
✔ [4218/4296] Built Mathlib.RingTheory.FiniteStability (5.8s)
✔ [4219/4296] Built Mathlib.Topology.Sheaves.SheafOfFunctions (2.5s)
✔ [4220/4296] Built Mathlib.RingTheory.RingHom.Integral (3.8s)
✔ [4221/4297] Built Mathlib.RingTheory.Spectrum.Prime.Noetherian (4.1s)
✔ [4222/4303] Built Mathlib.RingTheory.Localization.Away.AdjoinRoot (4.4s)
✔ [4223/4308] Built Mathlib.RingTheory.Localization.Finiteness (5.8s)
✔ [4224/4309] Built Mathlib.Analysis.InnerProductSpace.Projection.FiniteDimensional (10s)
✔ [4225/4310] Built Mathlib.RingTheory.Jacobson.Ring (9.1s)
✔ [4226/4311] Built Mathlib.Topology.Sheaves.Stalks (10s)
✔ [4227/4314] Built Mathlib.CategoryTheory.Limits.Shapes.Pullback.Connected (2.7s)
✔ [4228/4314] Built Mathlib.RingTheory.Spectrum.Prime.ConstructibleSet (4.8s)
✔ [4229/4314] Built Mathlib.LinearAlgebra.Charpoly.BaseChange (4.1s)
✔ [4230/4314] Built Mathlib.RingTheory.RingHom.FiniteType (7.9s)
✔ [4231/4315] Built Mathlib.RingTheory.Spectrum.Prime.Jacobson (3.0s)
✔ [4232/4315] Built Mathlib.RingTheory.Noetherian.Nilpotent (2.9s)
✔ [4233/4315] Built Mathlib.RingTheory.FiniteLength (3.8s)
✔ [4234/4315] Built Mathlib.Topology.Sheaves.LocalPredicate (4.1s)
✔ [4235/4315] Built Mathlib.MeasureTheory.Integral.Bochner.L1 (14s)
✔ [4236/4318] Built Mathlib.RingTheory.KrullDimension.Zero (3.5s)
✔ [4237/4318] Built Mathlib.Geometry.RingedSpace.Stalks (5.8s)
✔ [4238/4320] Built Mathlib.Topology.Sheaves.CommRingCat (7.0s)
✔ [4239/4321] Built Mathlib.RingTheory.HopkinsLevitzki (5.4s)
✔ [4240/4321] Built Mathlib.Geometry.RingedSpace.SheafedSpace (4.8s)
✔ [4241/4325] Built Mathlib.RingTheory.RingHom.FinitePresentation (9.2s)
✔ [4242/4325] Built Mathlib.CategoryTheory.MorphismProperty.OverAdjunction (9.1s)
✔ [4243/4327] Built Mathlib.Geometry.RingedSpace.Basic (4.0s)
✔ [4244/4329] Built Mathlib.RingTheory.Spectrum.Prime.Polynomial (14s)
✔ [4245/4329] Built Mathlib.AlgebraicGeometry.EllipticCurve.Weierstrass (6.1s)
✔ [4246/4329] Built Mathlib.MeasureTheory.Integral.Bochner.Basic (14s)
✔ [4247/4329] Built Mathlib.CategoryTheory.Limits.MorphismProperty (4.8s)
✔ [4248/4329] Built Mathlib.AlgebraicGeometry.StructureSheaf (16s)
✔ [4249/4333] Built Mathlib.LinearAlgebra.FreeModule.IdealQuotient (3.8s)
✔ [4250/4333] Built Mathlib.Geometry.RingedSpace.LocallyRingedSpace (5.8s)
✔ [4251/4333] Built Mathlib.Data.Nat.EvenOddRec (1.8s)
✔ [4252/4335] Built Mathlib.Topology.Sets.CompactOpenCovered (15s)
✔ [4253/4335] Built Mathlib.Geometry.RingedSpace.LocallyRingedSpace.ResidueField (4.7s)
✔ [4254/4335] Built Mathlib.AlgebraicGeometry.EllipticCurve.VariableChange (8.4s)
✔ [4255/4335] Built Mathlib.LinearAlgebra.FreeModule.Norm (5.6s)
✔ [4256/4337] Built Mathlib.Analysis.InnerProductSpace.PiL2 (33s)
✔ [4257/4338] Built Mathlib.RingTheory.ClassGroup (13s)
✔ [4258/4338] Built Mathlib.MeasureTheory.Integral.Bochner.Set (13s)
✔ [4259/4338] Built Mathlib.AlgebraicGeometry.EllipticCurve.NormalForms (6.2s)
✔ [4260/4340] Built Mathlib.NumberTheory.EllipticDivisibilitySequence (6.8s)
✔ [4261/4340] Built Mathlib.Tactic.Ring.NamePolyVars (2.5s)
✔ [4262/4341] Built Mathlib.AlgebraicGeometry.Spec (9.9s)
✔ [4263/4341] Built Mathlib.AlgebraicGeometry.EllipticCurve.Affine.Basic (5.2s)
✔ [4264/4343] Built Mathlib.Analysis.InnerProductSpace.GramSchmidtOrtho (6.7s)
✔ [4265/4343] Built Mathlib.AlgebraicGeometry.EllipticCurve.ModelsWithJ (4.2s)
✔ [4266/4343] Built Mathlib.AlgebraicGeometry.EllipticCurve.IsomOfJ (7.2s)
✔ [4267/4343] Built Mathlib.MeasureTheory.Measure.Haar.OfBasis (10s)
✔ [4268/4343] Built Mathlib.RingTheory.Spectrum.Prime.ChevalleyComplexity (25s)
✔ [4269/4343] Built Mathlib.AlgebraicGeometry.EllipticCurve.Projective.Basic (9.3s)
✔ [4270/4345] Built Mathlib.AlgebraicGeometry.EllipticCurve.Jacobian.Basic (11s)
✔ [4271/4345] Built Mathlib.AlgebraicGeometry.EllipticCurve.Affine.Formula (11s)
✔ [4272/4345] Built Mathlib.Analysis.InnerProductSpace.Orientation (10s)
✔ [4273/4345] Built Mathlib.AlgebraicGeometry.Scheme (17s)
✔ [4274/4345] Built Mathlib.MeasureTheory.Measure.Lebesgue.Basic (10s)
✔ [4275/4345] Built Mathlib.RingTheory.Spectrum.Prime.Chevalley (4.5s)
✔ [4276/4348] Built Mathlib.Data.Int.WithZero (2.9s)
✔ [4277/4348] Built Mathlib.Geometry.RingedSpace.OpenImmersion (28s)
✔ [4278/4350] Built Mathlib.RingTheory.Valuation.ExtendToLocalization (3.2s)
✔ [4279/4350] Built Mathlib.AlgebraicGeometry.Over (3.3s)
✔ [4280/4351] Built Mathlib.Analysis.BoxIntegral.Partition.Measure (4.1s)
✔ [4281/4351] Built Mathlib.MeasureTheory.Group.FundamentalDomain (24s)
✔ [4282/4351] Built Mathlib.Topology.Algebra.UniformFilterBasis (3.4s)
✔ [4283/4351] Built Mathlib.Topology.Algebra.OpenSubgroup (6.7s)
✔ [4284/4351] Built Mathlib.Geometry.RingedSpace.LocallyRingedSpace.HasColimits (6.7s)
✔ [4285/4355] Built Mathlib.Topology.Algebra.WithZeroTopology (4.2s)
✔ [4286/4359] Built Mathlib.AlgebraicGeometry.EllipticCurve.Jacobian.Formula (14s)
✔ [4287/4359] Built Mathlib.Topology.Algebra.Nonarchimedean.Basic (3.7s)
✔ [4288/4359] Built Mathlib.MeasureTheory.Measure.Lebesgue.EqHaar (13s)
✔ [4289/4359] Built Mathlib.AlgebraicGeometry.OpenImmersion (11s)
✔ [4290/4359] Built Mathlib.Topology.Algebra.GroupCompletion (4.3s)
✔ [4291/4362] Built Mathlib.Topology.Algebra.Nonarchimedean.Bases (3.8s)
✔ [4292/4362] Built Mathlib.AlgebraicGeometry.EllipticCurve.Affine.Point (19s)
✔ [4293/4362] Built Mathlib.Analysis.BoxIntegral.Basic (13s)
✔ [4294/4362] Built Mathlib.RingTheory.Valuation.ValuativeRel.Basic (9.6s)
✔ [4295/4362] Built Mathlib.AlgebraicGeometry.Sites.MorphismProperty (4.6s)
✔ [4296/4362] Built Mathlib.NumberTheory.NumberField.Basic (9.7s)
✔ [4297/4362] Built Mathlib.MeasureTheory.Measure.Haar.InnerProductSpace (7.8s)
✔ [4298/4362] Built Mathlib.RingTheory.Ideal.Oka (3.7s)
✔ [4299/4365] Built Mathlib.Topology.Algebra.UniformRing (6.2s)
✔ [4300/4366] Built Mathlib.Geometry.RingedSpace.PresheafedSpace.Gluing (16s)
✔ [4301/4366] Built Mathlib.Topology.Algebra.Valued.ValuationTopology (5.0s)
✔ [4302/4366] Built Mathlib.AlgebraicGeometry.EllipticCurve.Projective.Formula (30s)
✔ [4303/4367] Built Mathlib.RingTheory.PrincipalIdealDomainOfPrime (3.8s)
✔ [4304/4372] Built Mathlib.AlgebraicGeometry.EllipticCurve.DivisionPolynomial.Basic (7.3s)
✔ [4305/4373] Built Mathlib.Analysis.BoxIntegral.Integrability (6.5s)
✔ [4306/4373] Built Mathlib.Order.Interval.Finset.DenselyOrdered (3.4s)
✔ [4307/4374] Built Mathlib.AlgebraicGeometry.Cover.MorphismProperty (5.8s)
✔ [4308/4374] Built Mathlib.AlgebraicGeometry.EllipticCurve.Jacobian.Point (8.4s)
✔ [4309/4374] Built Mathlib.Topology.Algebra.UniformField (4.7s)
✔ [4310/4374] Built Mathlib.CategoryTheory.Limits.Types.Multiequalizer (2.5s)
✔ [4311/4382] Built Mathlib.CategoryTheory.Sites.Canonical (3.7s)
✔ [4312/4386] Built Mathlib.AlgebraicGeometry.Modules.Presheaf (3.4s)
✔ [4313/4386] Built Mathlib.Algebra.Module.ZLattice.Basic (20s)
✔ [4314/4388] Built Mathlib.Tactic.CategoryTheory.BicategoricalComp (2.6s)
✔ [4315/4390] Built Mathlib.AlgebraicGeometry.EllipticCurve.Projective.Point (6.0s)
✔ [4316/4390] Built Mathlib.AlgebraicGeometry.EllipticCurve.DivisionPolynomial.Degree (6.4s)
✔ [4317/4394] Built Mathlib.CategoryTheory.Limits.ConcreteCategory.WithAlgebraicStructures (3.2s)
✔ [4318/4396] Built Mathlib.Topology.Algebra.Valued.ValuedField (6.3s)
✔ [4319/4396] Built Mathlib.AlgebraicGeometry.Cover.Open (8.5s)
✔ [4320/4396] Built Mathlib.GroupTheory.ArchimedeanDensely (9.2s)
✔ [4321/4396] Built Mathlib.CategoryTheory.MorphismProperty.Descent (3.4s)
✔ [4322/4397] Built Mathlib.Tactic.CategoryTheory.Bicategory.Datatypes (5.1s)
✔ [4323/4397] Built Mathlib.Analysis.BoxIntegral.UnitPartition (7.9s)
✔ [4324/4397] Built Mathlib.Topology.Algebra.Valued.WithVal (5.4s)
✔ [4325/4397] Built Mathlib.RingTheory.Unramified.Basic (6.1s)
✔ [4326/4399] Built Mathlib.Tactic.CategoryTheory.Bicategory.PureCoherence (4.4s)
✔ [4327/4400] Built Mathlib.RingTheory.LocalProperties.Projective (8.9s)
✔ [4328/4400] Built Mathlib.Tactic.CategoryTheory.Bicategory.Normalize (5.8s)
✔ [4329/4403] Built Mathlib.AlgebraicGeometry.Restrict (12s)
✔ [4330/4403] Built Mathlib.Algebra.Module.ZLattice.Summable (19s)
✔ [4331/4403] Built Mathlib.LinearAlgebra.TensorProduct.Vanishing (6.4s)
✔ [4332/4404] Built Mathlib.RingTheory.Ideal.Quotient.ChineseRemainder (6.7s)
✔ [4333/4404] Built Mathlib.Algebra.Module.ZLattice.Covolume (12s)
✔ [4334/4405] Built Mathlib.Tactic.CategoryTheory.Bicategory.Basic (5.8s)
✔ [4335/4409] Built Mathlib.RingTheory.DedekindDomain.AdicValuation (13s)
✔ [4336/4409] Built Mathlib.RingTheory.Kaehler.JacobiZariski (23s)
✔ [4337/4409] Built Mathlib.RingTheory.Localization.Free (5.8s)
✔ [4338/4409] Built Mathlib.RingTheory.QuotSMulTop (7.8s)
✔ [4339/4412] Built Mathlib.RingTheory.Flat.EquationalCriterion (7.9s)
✔ [4340/4413] Built Mathlib.AlgebraicGeometry.Gluing (11s)
✔ [4341/4418] Built Mathlib.RingTheory.Smooth.Kaehler (28s)
✔ [4342/4418] Built Mathlib.CategoryTheory.Bicategory.Adjunction.Basic (5.1s)
✔ [4343/4422] Built Mathlib.Topology.LocallyConstant.Basic (3.9s)
✔ [4344/4425] Built Mathlib.AlgebraicGeometry.GammaSpecAdjunction (10s)
✔ [4345/4426] Built Mathlib.RingTheory.TensorProduct.IsBaseChangePi (3.9s)
✔ [4346/4432] Built Mathlib.LinearAlgebra.Basis.Exact (3.3s)
✔ [4347/4433] Built Mathlib.RingTheory.Support (6.1s)
✔ [4348/4433] Built Mathlib.RingTheory.Valuation.Discrete.Basic (8.1s)
✔ [4349/4435] Built Mathlib.RingTheory.Ideal.IdempotentFG (3.6s)
✔ [4350/4436] Built Mathlib.RingTheory.RingHom.Injective (3.5s)
✔ [4351/4436] Built Mathlib.RingTheory.Extension.Presentation.Submersive (7.1s)
✔ [4352/4436] Built Mathlib.RingTheory.Artinian.Ring (3.4s)
✔ [4353/4436] Built Mathlib.CategoryTheory.Bicategory.Adjunction.Mate (10s)
✔ [4354/4436] Built Mathlib.RingTheory.Flat.FaithfullyFlat.Descent (4.8s)
✔ [4355/4436] Built Mathlib.RingTheory.Jacobson.Artinian (3.9s)
✔ [4356/4439] Built Mathlib.RingTheory.Smooth.Basic (12s)
✔ [4357/4442] Built Mathlib.AlgebraicGeometry.EllipticCurve.Reduction (7.9s)
✔ [4358/4442] Built Mathlib.RingTheory.Finiteness.NilpotentKer (7.9s)
✔ [4359/4442] Built Mathlib.RingTheory.Smooth.StandardSmooth (3.1s)
✔ [4360/4445] Built Mathlib.RingTheory.Extension.Cotangent.Free (5.8s)
✔ [4361/4451] Built Mathlib.CategoryTheory.Bicategory.Adjunction.Cat (3.7s)
✔ [4362/4457] Built Mathlib.FieldTheory.RatFunc.Defs (4.1s)
✔ [4363/4457] Built Mathlib.CategoryTheory.Bicategory.Adjunction.Adj (4.8s)
✔ [4364/4457] Built Mathlib.RingTheory.Etale.Basic (4.5s)
✔ [4365/4457] Built Mathlib.AlgebraicGeometry.AffineScheme (18s)
✔ [4366/4457] Built Mathlib.RingTheory.RingHom.OpenImmersion (3.2s)
✔ [4367/4458] Built Mathlib.RingTheory.GradedAlgebra.Homogeneous.Submodule (3.2s)
✔ [4368/4458] Built Mathlib.RingTheory.GradedAlgebra.FiniteType (3.3s)
✔ [4369/4462] Built Mathlib.RingTheory.Smooth.StandardSmoothCotangent (5.6s)
✔ [4370/4462] Built Mathlib.RingTheory.LocalRing.Module (20s)
✔ [4371/4462] Built Mathlib.AlgebraicGeometry.Properties (5.7s)
✔ [4372/4462] Built Mathlib.RingTheory.LocalRing.ResidueField.Fiber (11s)
✔ [4373/4462] Built Mathlib.RingTheory.LocalRing.LocalSubring (5.4s)
✔ [4374/4464] Built Mathlib.RingTheory.GradedAlgebra.Homogeneous.Ideal (5.0s)
✔ [4375/4464] Built Mathlib.RingTheory.Valuation.Integral (3.8s)
✔ [4376/4465] Built Mathlib.RingTheory.Extension.Cotangent.LocalizationAway (9.4s)
✔ [4377/4465] Built Mathlib.AlgebraicGeometry.Pullbacks (15s)
✔ [4378/4465] Built Mathlib.AlgebraicGeometry.FunctionField (5.3s)
✔ [4379/4465] Built Mathlib.RingTheory.GradedAlgebra.Radical (5.2s)
✔ [4380/4467] Built Mathlib.AlgebraicGeometry.ProjectiveSpectrum.Topology (6.6s)
✔ [4381/4469] Built Mathlib.RingTheory.GradedAlgebra.HomogeneousLocalization (18s)
✔ [4382/4470] Built Mathlib.RingTheory.Spectrum.Prime.FreeLocus (12s)
✔ [4383/4470] Built Mathlib.RingTheory.Valuation.LocalSubring (10s)
✔ [4384/4470] Built Mathlib.FieldTheory.RatFunc.Basic (31s)
✔ [4385/4470] Built Mathlib.AlgebraicGeometry.Modules.Sheaf (31s)
✔ [4386/4477] Built Mathlib.RingTheory.Etale.Kaehler (32s)
✔ [4387/4477] Built Mathlib.AlgebraicGeometry.ProjectiveSpectrum.StructureSheaf (8.8s)
✔ [4388/4477] Built Mathlib.CategoryTheory.MorphismProperty.Representable (8.9s)
✔ [4389/4477] Built Mathlib.AlgebraicTopology.DoldKan.Compatibility (4.5s)
✔ [4390/4477] Built Mathlib.FieldTheory.RatFunc.AsPolynomial (5.4s)
✔ [4391/4477] Built Mathlib.AlgebraicTopology.DoldKan.Notations (2.8s)
✔ [4392/4479] Built Mathlib.AlgebraicGeometry.Limits (13s)
✔ [4393/4479] Built Mathlib.RingTheory.Unramified.Locus (4.0s)
✔ [4394/4481] Built Mathlib.RingTheory.Extension.Cotangent.Basis (16s)
✔ [4395/4483] Built Mathlib.AlgebraicTopology.DoldKan.Homotopies (3.5s)
✔ [4396/4483] Built Mathlib.RingTheory.Smooth.Locus (7.9s)
✔ [4397/4483] Built Mathlib.AlgebraicTopology.SimplicialObject.Split (4.3s)
✔ [4398/4483] Built Mathlib.AlgebraicGeometry.Modules.Tilde (11s)
✔ [4399/4489] Built Mathlib.RingTheory.RingHom.Unramified (4.7s)
✔ [4400/4491] Built Mathlib.AlgebraicGeometry.Morphisms.Basic (6.3s)
✔ [4401/4492] Built Mathlib.AlgebraicTopology.DoldKan.Faces (4.8s)
✔ [4402/4492] Built Mathlib.RingTheory.RingHom.Smooth (3.8s)
✔ [4403/4492] Built Mathlib.CategoryTheory.Idempotents.SimplicialObject (2.3s)
✔ [4404/4492] Built Mathlib.CategoryTheory.Idempotents.KaroubiKaroubi (3.2s)
✔ [4405/4492] Built Mathlib.CategoryTheory.Idempotents.HomologicalComplex (4.6s)
✔ [4406/4493] Built Mathlib.AlgebraicGeometry.Morphisms.LocalClosure (4.0s)
✔ [4407/4493] Built Mathlib.AlgebraicGeometry.Cover.Sigma (3.7s)
✔ [4408/4493] Built Mathlib.AlgebraicTopology.DoldKan.Projections (3.9s)
✔ [4409/4493] Built Mathlib.AlgebraicGeometry.ProjectiveSpectrum.Scheme (16s)
✔ [4410/4493] Built Mathlib.AlgebraicGeometry.LimitsOver (5.0s)
✔ [4411/4498] Built Mathlib.RingTheory.RingHom.Etale (3.2s)
✔ [4412/4499] Built Mathlib.RingTheory.Smooth.StandardSmoothOfFree (10s)
✔ [4413/4502] Built Mathlib.CategoryTheory.Groupoid.Grpd.Basic (2.2s)
✔ [4414/4509] Built Mathlib.RingTheory.LocalRing.ResidueField.Polynomial (17s)
✔ [4415/4512] Built Mathlib.AlgebraicGeometry.Morphisms.Constructors (6.7s)
✔ [4416/4512] Built Mathlib.AlgebraicGeometry.Morphisms.LocalIso (3.4s)
✔ [4417/4512] Built Mathlib.AlgebraicTopology.DoldKan.PInfty (3.6s)
✔ [4418/4514] Built Mathlib.Topology.ContinuousMap.Ordered (2.8s)
✔ [4419/4515] Built Mathlib.CategoryTheory.LiftingProperties.Limits (2.5s)
✔ [4420/4515] Built Mathlib.AlgebraicTopology.ModelCategory.CategoryWithCofibrations (2.5s)
✔ [4421/4515] Built Mathlib.RingTheory.RingHom.StandardSmooth (5.4s)
✔ [4422/4515] Built Mathlib.AlgebraicTopology.DoldKan.FunctorN (3.2s)
✔ [4423/4515] Built Mathlib.AlgebraicTopology.DoldKan.Decomposition (3.2s)
✔ [4424/4515] Built Mathlib.AlgebraicGeometry.Morphisms.UnderlyingMap (4.8s)
✔ [4425/4515] Built Mathlib.AlgebraicTopology.DoldKan.FunctorGamma (4.7s)
✔ [4426/4515] Built Mathlib.CategoryTheory.MorphismProperty.LiftingProperty (2.3s)
✔ [4427/4515] Built Mathlib.AlgebraicGeometry.Morphisms.RingHomProperties (8.7s)
✔ [4428/4515] Built Mathlib.AlgebraicTopology.DoldKan.Normalized (3.7s)
✔ [4429/4516] Built Mathlib.AlgebraicTopology.DoldKan.NReflectsIso (3.7s)
✔ [4430/4516] Built Mathlib.AlgebraicTopology.DoldKan.Degeneracies (4.2s)
✔ [4431/4516] Built Mathlib.AlgebraicGeometry.ProjectiveSpectrum.Basic (13s)
✔ [4432/4516] Built Mathlib.CategoryTheory.MorphismProperty.RetractArgument (2.6s)
✔ [4433/4518] Built Mathlib.AlgebraicGeometry.Morphisms.OpenImmersion (5.4s)
✔ [4434/4518] Built Mathlib.AlgebraicGeometry.Morphisms.FiniteType (4.2s)
✔ [4435/4518] Built Mathlib.Topology.Homotopy.Basic (11s)
✔ [4436/4518] Built Mathlib.AlgebraicTopology.DoldKan.HomotopyEquivalence (3.7s)
✔ [4437/4521] Built Mathlib.AlgebraicGeometry.Cover.Over (9.4s)
✔ [4438/4521] Built Mathlib.AlgebraicGeometry.Morphisms.QuasiCompact (7.7s)
✔ [4439/4523] Built Mathlib.CategoryTheory.MorphismProperty.WeakFactorizationSystem (2.6s)
✔ [4440/4523] Built Mathlib.CategoryTheory.Localization.Quotient (2.6s)
✔ [4441/4523] Built Mathlib.AlgebraicTopology.DoldKan.SplitSimplicialObject (4.5s)
✔ [4442/4523] Built Mathlib.AlgebraicGeometry.Morphisms.IsIso (4.0s)
✔ [4443/4523] Built Mathlib.Topology.Homotopy.Equiv (3.6s)
✔ [4444/4524] Built Mathlib.CategoryTheory.MorphismProperty.Quotient (2.2s)
✔ [4445/4524] Built Mathlib.AlgebraicGeometry.Morphisms.SurjectiveOnStalks (11s)
✔ [4446/4531] Built Mathlib.AlgebraicTopology.ModelCategory.Instances (3.7s)
✔ [4447/4531] Built Mathlib.AlgebraicTopology.DoldKan.GammaCompN (4.8s)
✔ [4448/4532] Built Mathlib.CategoryTheory.Localization.Resolution (4.6s)
✔ [4449/4532] Built Mathlib.AlgebraicGeometry.Morphisms.Preimmersion (4.5s)
✔ [4450/4532] Built Mathlib.Topology.Homotopy.Path (11s)
✔ [4451/4532] Built Mathlib.AlgebraicTopology.ModelCategory.IsCofibrant (2.7s)
✔ [4452/4534] Built Mathlib.RingTheory.QuasiFinite.Basic (28s)
✔ [4453/4534] Built Mathlib.AlgebraicTopology.ModelCategory.Basic (4.4s)
✔ [4454/4534] Built Mathlib.AlgebraicTopology.ModelCategory.JoyalTrick (3.2s)
✔ [4455/4534] Built Mathlib.AlgebraicGeometry.Morphisms.QuasiSeparated (13s)
✔ [4456/4534] Built Mathlib.CategoryTheory.GuitartExact.Basic (6.0s)
✔ [4457/4534] Built Mathlib.Topology.Homotopy.Contractible (3.2s)
✔ [4458/4534] Built Mathlib.AlgebraicGeometry.IdealSheaf.Basic (13s)
✔ [4459/4534] Built Mathlib.CategoryTheory.LiftingProperties.Over (2.2s)
✔ [4460/4534] Built Mathlib.AlgebraicTopology.DoldKan.NCompGamma (4.6s)
✔ [4461/4534] Built Mathlib.Topology.Homotopy.Product (3.4s)
✔ [4462/4534] Built Mathlib.AlgebraicTopology.ModelCategory.Bifibrant (2.0s)
✔ [4463/4534] Built Mathlib.AlgebraicTopology.ModelCategory.Opposite (2.4s)
✔ [4464/4534] Built Mathlib.AlgebraicGeometry.Stalk (7.4s)
✔ [4465/4535] Built Mathlib.AlgebraicTopology.ModelCategory.BrownLemma (3.0s)
✔ [4466/4535] Built Mathlib.AlgebraicTopology.ModelCategory.PathObject (3.7s)
✔ [4467/4535] Built Mathlib.AlgebraicTopology.ModelCategory.Cylinder (3.7s)
✔ [4468/4535] Built Mathlib.AlgebraicGeometry.Morphisms.FinitePresentation (3.9s)
✔ [4469/4535] Built Mathlib.CategoryTheory.GuitartExact.VerticalComposition (3.1s)
✔ [4470/4535] Built Mathlib.AlgebraicTopology.ModelCategory.Over (2.4s)
✔ [4471/4540] Built Mathlib.AlgebraicTopology.FundamentalGroupoid.Basic (8.9s)
✔ [4472/4540] Built Mathlib.AlgebraicTopology.DoldKan.EquivalenceAdditive (2.5s)
✔ [4473/4540] Built Mathlib.AlgebraicTopology.SimplicialSet.Boundary (2.5s)
✔ [4474/4540] Built Mathlib.AlgebraicTopology.ModelCategory.RightHomotopy (3.8s)
✔ [4475/4540] Built Mathlib.AlgebraicGeometry.ResidueField (5.8s)
✔ [4476/4540] Built Mathlib.AlgebraicTopology.ModelCategory.LeftHomotopy (3.9s)
✔ [4477/4540] Built Mathlib.CategoryTheory.Subfunctor.Equalizer (2.7s)
✔ [4478/4544] Built Mathlib.AlgebraicGeometry.Morphisms.Smooth (4.3s)
✔ [4479/4544] Built Mathlib.CategoryTheory.GuitartExact.Opposite (4.5s)
✔ [4480/4544] Built Mathlib.RingTheory.RingHom.QuasiFinite (11s)
✔ [4481/4544] Built Mathlib.AlgebraicTopology.FundamentalGroupoid.PUnit (2.8s)
✔ [4482/4545] Built Mathlib.AlgebraicTopology.FundamentalGroupoid.FundamentalGroup (2.8s)
✔ [4483/4548] Built Mathlib.AlgebraicTopology.DoldKan.EquivalencePseudoabelian (3.2s)
✔ [4484/4548] Built Mathlib.AlgebraicTopology.FundamentalGroupoid.Product (3.6s)
✔ [4485/4550] Built Mathlib.AlgebraicTopology.ModelCategory.Homotopy (3.4s)
✔ [4486/4550] Built Mathlib.CategoryTheory.Localization.DerivabilityStructure.Basic (2.9s)
✔ [4487/4550] Built Mathlib.AlgebraicTopology.SimplicialSet.Horn (4.2s)
✔ [4488/4550] Built Mathlib.CategoryTheory.Monoidal.Cartesian.Cat (3.0s)
✔ [4489/4550] Built Mathlib.AlgebraicGeometry.IdealSheaf.Subscheme (12s)
✔ [4490/4550] Built Mathlib.CategoryTheory.Monoidal.Types.Coyoneda (2.8s)
✔ [4491/4557] Built Mathlib.AlgebraicTopology.DoldKan.Equivalence (3.3s)
✔ [4492/4561] Built Mathlib.AlgebraicGeometry.PullbackCarrier (7.3s)
✔ [4493/4561] Built Mathlib.AlgebraicTopology.SimplicialSet.CategoryWithFibrations (2.8s)
✔ [4494/4561] Built Mathlib.AlgebraicTopology.ModelCategory.CofibrantObjectHomotopy (3.6s)
✔ [4495/4561] Built Mathlib.AlgebraicTopology.SimplicialObject.Coskeletal (2.6s)
✔ [4496/4561] Built Mathlib.CategoryTheory.Localization.DerivabilityStructure.Constructor (3.6s)
✔ [4497/4561] Built Mathlib.AlgebraicTopology.FundamentalGroupoid.InducedMaps (5.4s)
✔ [4498/4565] Built Mathlib.CategoryTheory.Monoidal.Center (6.2s)
✔ [4499/4565] Built Mathlib.Combinatorics.Quiver.ReflQuiver (2.6s)
✔ [4500/4565] Built Mathlib.AlgebraicTopology.SimplicialSet.Path (5.3s)
✔ [4501/4566] Built Mathlib.CategoryTheory.Category.Cat.Terminal (1.0s)
✔ [4502/4567] Built Mathlib.AlgebraicGeometry.Morphisms.UniversallyInjective (3.5s)
✔ [4503/4567] Built Mathlib.AlgebraicGeometry.Sites.Pretopology (3.6s)
✔ [4504/4567] Built Mathlib.AlgebraicTopology.ModelCategory.DerivabilityStructureCofibrant (2.4s)
✔ [4505/4567] Built Mathlib.AlgebraicTopology.SimplicialSet.KanComplex (2.5s)
✔ [4506/4567] Built Mathlib.AlgebraicGeometry.Morphisms.Affine (5.7s)
✔ [4507/4567] Built Mathlib.CategoryTheory.Products.Associator (2.9s)
✔ [4508/4567] Built Mathlib.CategoryTheory.Category.ReflQuiv (3.6s)
✔ [4509/4567] Built Mathlib.CategoryTheory.Enriched.Basic (5.1s)
✔ [4510/4567] Built Mathlib.AlgebraicGeometry.Cover.Directed (8.2s)
✔ [4511/4567] Built Mathlib.AlgebraicTopology.RelativeCellComplex.AttachCells (3.4s)
✔ [4512/4567] Built Mathlib.AlgebraicTopology.SimplicialSet.StrictSegal (5.4s)
✔ [4513/4567] Built Mathlib.AlgebraicTopology.Quasicategory.TwoTruncated (5.0s)
✔ [4514/4567] Built Mathlib.AlgebraicGeometry.Sites.BigZariski (2.0s)
✔ [4515/4567] Built Mathlib.AlgebraicTopology.Quasicategory.Basic (2.3s)
✔ [4516/4567] Built Mathlib.AlgebraicTopology.FundamentalGroupoid.SimplyConnected (9.2s)
✔ [4517/4568] Built Mathlib.AlgebraicGeometry.Sites.Small (6.2s)
✔ [4518/4568] Built Mathlib.AlgebraicGeometry.Morphisms.Flat (3.7s)
✔ [4519/4569] Built Mathlib.AlgebraicGeometry.Morphisms.AffineAnd (4.9s)
✔ [4520/4569] Built Mathlib.AlgebraicGeometry.Cover.QuasiCompact (5.5s)
✔ [4521/4569] Built Mathlib.CategoryTheory.Functor.FunctorHom (4.6s)
✔ [4522/4569] Built Mathlib.CategoryTheory.Enriched.Ordinary.Basic (4.6s)
✔ [4523/4570] Built Mathlib.AlgebraicGeometry.RelativeGluing (4.2s)
✔ [4524/4570] Built Mathlib.CategoryTheory.Functor.CurryingThree (5.0s)
✔ [4525/4570] Built Mathlib.CategoryTheory.Limits.Shapes.Preorder.PrincipalSeg (1.8s)
✔ [4526/4570] Built Mathlib.AlgebraicTopology.SimplicialSet.Coskeletal (4.9s)
✔ [4527/4570] Built Mathlib.AlgebraicTopology.Quasicategory.StrictSegal (3.1s)
✔ [4528/4570] Built Mathlib.AlgebraicGeometry.GluingOneHypercover (3.4s)
✔ [4529/4574] Built Mathlib.Data.Fin.SuccPredOrder (2.1s)
✔ [4530/4574] Built Mathlib.AlgebraicGeometry.Morphisms.UniversallyOpen (3.7s)
✔ [4531/4574] Built Mathlib.Order.Interval.Set.InitialSeg (2.4s)
✔ [4532/4574] Built Mathlib.AlgebraicGeometry.Morphisms.Descent (4.1s)
✔ [4533/4580] Built Mathlib.AlgebraicGeometry.Sites.SmallAffineZariski (8.1s)
✔ [4534/4581] Built Mathlib.CategoryTheory.Monoidal.Closed.FunctorToTypes (3.2s)
✔ [4535/4581] Built Mathlib.Order.SetIsMax (1.5s)
✔ [4536/4584] Built Mathlib.AlgebraicTopology.Quasicategory.Nerve (2.5s)
✔ [4537/4584] Built Mathlib.CategoryTheory.Limits.Shapes.Preorder.Fin (1.9s)
✔ [4538/4584] Built Mathlib.Order.Interval.Set.Final (2.1s)
✔ [4539/4587] Built Mathlib.AlgebraicGeometry.Morphisms.ClosedImmersion (7.2s)
✔ [4540/4587] Built Mathlib.CategoryTheory.Limits.Preorder (2.7s)
✔ [4541/4587] Built Mathlib.Order.Interval.Set.SuccOrder (2.0s)
✔ [4542/4587] Built Mathlib.CategoryTheory.Bicategory.CatEnriched (6.2s)
✔ [4543/4588] Built Mathlib.AlgebraicGeometry.Sites.Representability (4.6s)
✔ [4544/4589] Built Mathlib.Order.Interval.Set.Limit (2.1s)
✔ [4545/4590] Built Mathlib.Order.Shrink (2.3s)
✔ [4546/4592] Built Mathlib.CategoryTheory.Limits.Shapes.Preorder.Basic (2.2s)
✔ [4547/4592] Built Mathlib.AlgebraicTopology.SimplicialSet.Monoidal (5.1s)
✔ [4548/4593] Built Mathlib.AlgebraicTopology.SimplexCategory.Augmented.Basic (4.3s)
✔ [4549/4593] Built Mathlib.AlgebraicGeometry.IdealSheaf.Functorial (4.4s)
✔ [4550/4594] Built Mathlib.CategoryTheory.Limits.Shapes.Preorder.WellOrderContinuous (2.7s)
✔ [4551/4594] Built Mathlib.AlgebraicTopology.SimplexCategory.GeneratorsRelations.Basic (3.6s)
✔ [4552/4594] Built Mathlib.CategoryTheory.Limits.Shapes.Preorder.HasIterationOfShape (2.3s)
✔ [4553/4595] Built Mathlib.AlgebraicTopology.SimplexCategory.MorphismProperty (3.1s)
✔ [4554/4595] Built Mathlib.AlgebraicTopology.SimplexCategory.Rev (2.5s)
✔ [4555/4595] Built Mathlib.AlgebraicTopology.SimplicialCategory.Basic (2.3s)
✔ [4556/4596] Built Mathlib.AlgebraicGeometry.Morphisms.Separated (6.3s)
✔ [4557/4596] Built Mathlib.AlgebraicGeometry.Morphisms.UniversallyClosed (6.9s)
✔ [4558/4596] Built Mathlib.AlgebraicTopology.SimplexCategory.Augmented (2.1s)
✔ [4559/4596] Built Mathlib.AlgebraicTopology.SimplicialObject.II (2.0s)
✔ [4560/4596] Built Mathlib.CategoryTheory.Limits.Preserves.Shapes.Preorder (2.5s)
✔ [4561/4596] Built Mathlib.AlgebraicTopology.SimplicialObject.Op (2.8s)
✔ [4562/4598] Built Mathlib.AlgebraicTopology.SimplexCategory.GeneratorsRelations.EpiMono (3.4s)
✔ [4563/4598] Built Mathlib.AlgebraicTopology.SimplicialCategory.SimplicialObject (2.7s)
✔ [4564/4598] Built Mathlib.AlgebraicTopology.SimplicialSet.AnodyneExtensions.IsUniquelyCodimOneFace (2.3s)
✔ [4565/4599] Built Mathlib.AlgebraicTopology.SimplicialNerve (5.7s)
✔ [4566/4599] Built Mathlib.AlgebraicGeometry.Morphisms.FormallyUnramified (4.1s)
✔ [4567/4600] Built Mathlib.AlgebraicGeometry.Morphisms.Integral (3.8s)
✔ [4568/4600] Built Mathlib.AlgebraicGeometry.Morphisms.Immersion (4.8s)
✔ [4569/4600] Built Mathlib.AlgebraicTopology.SimplicialSet.HomotopyCat (9.7s)
✔ [4570/4602] Built Mathlib.AlgebraicGeometry.Morphisms.FlatDescent (4.4s)
✔ [4571/4602] Built Mathlib.CategoryTheory.Limits.Shapes.Preorder.TransfiniteCompositionOfShape (3.6s)
✔ [4572/4602] Built Mathlib.AlgebraicTopology.SimplicialSet.NonDegenerateSimplicesSubcomplex (2.4s)
✔ [4573/4602] Built Mathlib.AlgebraicGeometry.Morphisms.Etale (3.6s)
✔ [4574/4602] Built Mathlib.AlgebraicGeometry.Morphisms.Finite (4.1s)
✔ [4575/4602] Built Mathlib.AlgebraicGeometry.PointsPi (5.2s)
✔ [4576/4602] Built Mathlib.AlgebraicGeometry.Noetherian (4.8s)
✔ [4577/4604] Built Mathlib.AlgebraicTopology.SimplexCategory.Augmented.Monoidal (15s)
✔ [4578/4604] Built Mathlib.AlgebraicGeometry.QuasiAffine (4.9s)
✔ [4579/4604] Built Mathlib.AlgebraicGeometry.Morphisms.FlatMono (3.8s)
✔ [4580/4604] Built Mathlib.AlgebraicTopology.SimplexCategory.GeneratorsRelations.NormalForms (8.7s)
✔ [4581/4604] Built Mathlib.AlgebraicTopology.SimplicialSet.FiniteColimits (2.6s)
✔ [4582/4604] Built Mathlib.AlgebraicTopology.SimplicialSet.AnodyneExtensions.Pairing (2.6s)
✔ [4583/4604] Built Mathlib.AlgebraicGeometry.Sites.Etale (3.4s)
✔ [4584/4604] Built Mathlib.CategoryTheory.MorphismProperty.TransfiniteComposition (4.8s)
✔ [4585/4604] Built Mathlib.AlgebraicGeometry.Fiber (3.8s)
✔ [4586/4604] Built Mathlib.AlgebraicGeometry.Morphisms.Proper (4.1s)
✔ [4587/4604] Built Mathlib.AlgebraicGeometry.Morphisms.QuasiFinite (3.9s)
✔ [4588/4604] Built Mathlib.AlgebraicTopology.SimplicialSet.ProdStdSimplex (3.3s)
✔ [4589/4604] Built Mathlib.AlgebraicGeometry.Artinian (3.9s)
✔ [4590/4605] Built Mathlib.AlgebraicGeometry.SpreadingOut (5.7s)
✔ [4591/4606] Built Mathlib.AlgebraicTopology.SimplicialSet.AnodyneExtensions.PairingCore (3.3s)
✔ [4592/4607] Built Mathlib.AlgebraicTopology.RelativeCellComplex.Basic (3.0s)
✔ [4593/4607] Built Mathlib.CategoryTheory.Limits.Preserves.Shapes.Multiequalizer (2.4s)
✔ [4594/4607] Built Mathlib.AlgebraicTopology.SimplicialSet.FiniteProd (2.0s)
✔ [4595/4611] Built Mathlib.AlgebraicGeometry.Normalization (20s)
✔ [4596/4611] Built Mathlib.CategoryTheory.Limits.Shapes.MultiequalizerPullback (2.4s)
✔ [4597/4613] Built Mathlib.AlgebraicTopology.SimplicialSet.AnodyneExtensions.Rank (2.8s)
✔ [4598/4613] Built Mathlib.AlgebraicGeometry.ValuativeCriterion (7.1s)
✔ [4599/4614] Built Mathlib.CategoryTheory.Types.Set (2.4s)
✔ [4600/4614] Built Mathlib.Order.CompleteLattice.MulticoequalizerDiagram (2.8s)
✔ [4601/4614] Built Mathlib.AlgebraicTopology.SimplicialSet.AnodyneExtensions.RankNat (2.9s)
✔ [4602/4617] Built Mathlib.AlgebraicTopology.SimplicialSet.HoFunctorMonoidal (22s)
✔ [4603/4617] Built Mathlib.CategoryTheory.MorphismProperty.FunctorCategory (2.8s)
✔ [4604/4619] Built Mathlib.AlgebraicTopology.SimplicialSet.RelativeMorphism (4.1s)
✔ [4605/4620] Built Mathlib.AlgebraicGeometry.RationalMap (8.7s)
✔ [4606/4620] Built Mathlib.CategoryTheory.Limits.Types.Multicoequalizer (2.6s)
✔ [4607/4620] Built Mathlib.AlgebraicTopology.Quasicategory.StrictBicategory (2.6s)
✔ [4608/4623] Built Mathlib.CategoryTheory.Limits.Types.Pushouts (3.8s)
✔ [4609/4623] Built Mathlib.AlgebraicTopology.SimplicialSet.KanComplex.MulStruct (3.1s)
✔ [4610/4624] Built Mathlib.AlgebraicTopology.SimplicialSet.Op (2.8s)
✔ [4611/4624] Built Mathlib.CategoryTheory.Category.Cat.CartesianClosed (3.3s)
✔ [4612/4625] Built Mathlib.CategoryTheory.Types.Monomorphisms (2.1s)
✔ [4613/4626] Built Mathlib.AlgebraicTopology.SimplicialSet.SubcomplexColimits (2.5s)
✔ [4614/4626] Built Mathlib.CategoryTheory.Limits.FunctorCategory.Shapes.Pullbacks (3.4s)
✔ [4615/4626] Built Mathlib.CategoryTheory.Generator.Presheaf (3.1s)
✔ [4616/4626] Built Mathlib.AlgebraicTopology.SimplicialSet.Monomorphisms (2.7s)
✔ [4617/4630] Built Mathlib.CategoryTheory.Presentable.Limits (3.2s)
✔ [4618/4635] Built Mathlib.CategoryTheory.Presentable.Retracts (2.3s)
✔ [4619/4635] Built Mathlib.AlgebraicGeometry.ProjectiveSpectrum.Proper (13s)
✔ [4620/4640] Built Mathlib.CategoryTheory.Functor.RegularEpi (2.6s)
✔ [4621/4641] Built Mathlib.CategoryTheory.ExtremalEpi (2.4s)
✔ [4622/4641] Built Mathlib.Order.TransfiniteIteration (2.1s)
✔ [4623/4641] Built Mathlib.AlgebraicTopology.SimplicialSet.RegularEpi (2.0s)
✔ [4624/4641] Built Mathlib.AlgebraicGeometry.AffineSpace (29s)
✔ [4625/4645] Built Mathlib.CategoryTheory.SmallRepresentatives (2.7s)
✔ [4626/4649] Built Mathlib.CategoryTheory.Functor.KanExtension.DenseAt (2.4s)
✔ [4627/4649] Built Mathlib.AlgebraicTopology.SimplicialSet.HornColimits (7.1s)
✔ [4628/4653] Built Mathlib.AlgebraicTopology.SimplicialSet.Skeleton (2.8s)
✔ [4629/4653] Built Mathlib.CategoryTheory.Generator.StrongGenerator (2.5s)
✔ [4630/4653] Built Mathlib.Topology.Category.TopCat.ULift (2.5s)
✔ [4631/4653] Built Mathlib.CategoryTheory.ObjectProperty.LimitsClosure (3.2s)
✔ [4632/4653] Built Mathlib.Analysis.Normed.Ring.WithAbs (3.2s)
✔ [4633/4656] Built Mathlib.Topology.MetricSpace.Completion (3.6s)
✔ [4634/4656] Built Mathlib.CategoryTheory.Presentable.CardinalFilteredPresentation (2.5s)
✔ [4635/4662] Built Mathlib.CategoryTheory.Functor.KanExtension.Dense (3.3s)
✔ [4636/4662] Built Mathlib.CategoryTheory.ObjectProperty.ColimitsClosure (2.4s)
✔ [4637/4662] Built Mathlib.AlgebraicTopology.TopologicalSimplex (3.2s)
✔ [4638/4662] Built Mathlib.AlgebraicGeometry.AffineTransitionLimit (33s)
✔ [4639/4666] Built Mathlib.CategoryTheory.Presentable.LocallyPresentable (2.4s)
✔ [4640/4672] Built Mathlib.Analysis.Normed.Group.Completion (2.8s)
✔ [4641/4672] Built Mathlib.CategoryTheory.ObjectProperty.ColimitsCardinalClosure (2.5s)
✔ [4642/4674] Built Mathlib.AlgebraicTopology.SimplicialSet.NerveAdjunction (17s)
✔ [4643/4675] Built Mathlib.Analysis.Normed.Field.WithAbs (4.7s)
✔ [4644/4677] Built Mathlib.AlgebraicTopology.SingularSet (3.8s)
✔ [4645/4686] Built Mathlib.Analysis.Calculus.TangentCone.Defs (2.6s)
✔ [4646/4687] Built Mathlib.Analysis.Normed.Operator.Asymptotics (3.6s)
✔ [4647/4688] Built Mathlib.CategoryTheory.Presentable.StrongGenerator (3.6s)
✔ [4648/4688] Built Mathlib.Analysis.Normed.Module.Completion (4.3s)
✔ [4649/4689] Built Mathlib.Analysis.Convex.EGauge (6.4s)
✔ [4650/4690] Built Mathlib.AlgebraicTopology.SingularHomology.Basic (3.3s)
✔ [4651/4690] Built Mathlib.Analysis.Convex.Contractible (2.9s)
✔ [4652/4693] Built Mathlib.CategoryTheory.Presentable.Presheaf (2.9s)
✔ [4653/4698] Built Mathlib.SetTheory.Cardinal.Continuum (2.8s)
✔ [4654/4700] Built Mathlib.SetTheory.Cardinal.CountableCover (2.8s)
✔ [4655/4700] Built Mathlib.Analysis.Calculus.TangentCone.Basic (5.7s)
✔ [4656/4700] Built Mathlib.Topology.Perfect (2.8s)
✔ [4657/4707] Built Mathlib.AlgebraicTopology.SimplicialSet.Presentable (2.8s)
✔ [4658/4707] Built Mathlib.LinearAlgebra.Complex.Determinant (2.7s)
✔ [4659/4710] Built Mathlib.Analysis.AbsoluteValue.Equivalence (9.8s)
✔ [4660/4710] Built Mathlib.Analysis.Normed.Group.FunctionSeries (3.5s)
✔ [4661/4712] Built Mathlib.Analysis.Calculus.TangentCone.Real (3.5s)
✔ [4662/4714] Built Mathlib.Analysis.Calculus.TangentCone.DimOne (3.1s)
✔ [4663/4716] Built Mathlib.Topology.Algebra.Module.PerfectSpace (3.7s)
✔ [4664/4724] Built Mathlib.LinearAlgebra.AffineSpace.Slope (4.3s)
✔ [4665/4727] Built Mathlib.Topology.FiberBundle.IsHomeomorphicTrivialBundle (2.7s)
✔ [4666/4727] Built Mathlib.Data.Rat.Cardinal (2.9s)
✔ [4667/4740] Built Mathlib.Analysis.Complex.OperatorNorm (4.4s)
✔ [4668/4744] Built Mathlib.Analysis.SpecialFunctions.Complex.CircleMap (4.9s)
✔ [4669/4751] Built Mathlib.Analysis.Complex.ReImTopology (4.5s)
✔ [4670/4753] Built Mathlib.Analysis.Real.Cardinality (4.4s)
✔ [4671/4755] Built Mathlib.Topology.OpenPartialHomeomorph.IsImage (4.3s)
✔ [4672/4757] Built Mathlib.Topology.MetricSpace.PiNat (9.3s)
✔ [4673/4757] Built Mathlib.Analysis.Normed.Module.Multilinear.Curry (27s)
✔ [4674/4757] Built Mathlib.Topology.ExtendFrom (3.0s)
✔ [4675/4757] Built Mathlib.Topology.MetricSpace.CauSeqFilter (3.6s)
✔ [4676/4760] Built Mathlib.MeasureTheory.Constructions.BorelSpace.ContinuousLinearMap (4.5s)
✔ [4677/4760] Built Mathlib.Topology.Algebra.Module.WeakBilin (4.3s)
✔ [4678/4760] Built Mathlib.Topology.MetricSpace.CantorScheme (3.7s)
✔ [4679/4764] Built Mathlib.Analysis.Asymptotics.TVS (19s)
✔ [4680/4764] Built Mathlib.Topology.MetricSpace.Polish (4.5s)
✔ [4681/4765] Built Mathlib.Topology.Algebra.Module.Alternating.Basic (11s)
✔ [4682/4765] Built Mathlib.Topology.Order.ExtendFrom (2.9s)
✔ [4683/4765] Built Mathlib.Analysis.Convex.TotallyBounded (3.2s)
✔ [4684/4765] Built Mathlib.Analysis.RCLike.Extend (5.6s)
✔ [4685/4765] Built Mathlib.Analysis.Calculus.FDeriv.Defs (4.7s)
✔ [4686/4765] Built Mathlib.MeasureTheory.Integral.Bochner.FundThmCalculus (4.5s)
✔ [4687/4765] Built Mathlib.Topology.MetricSpace.Perfect (3.7s)
✔ [4688/4765] Built Mathlib.Geometry.Convex.Cone.Basic (8.3s)
✔ [4689/4765] Built Mathlib.Analysis.LocallyConvex.Polar (8.2s)
✔ [4690/4765] Built Mathlib.Topology.Order.Rolle (3.3s)
✔ [4691/4771] Built Mathlib.Analysis.Normed.Module.RCLike.Extend (4.8s)
✔ [4692/4774] Built Mathlib.MeasureTheory.Integral.Bochner.VitaliCaratheodory (6.7s)
✔ [4693/4778] Built Mathlib.Analysis.LocallyConvex.AbsConvex (6.1s)
✔ [4694/4778] Built Mathlib.Analysis.Convex.Cone.Extension (4.6s)
✔ [4695/4779] Built Mathlib.Analysis.Calculus.FormalMultilinearSeries (15s)
✔ [4696/4779] Built Mathlib.Topology.Algebra.Module.Cardinality (5.0s)
✔ [4697/4779] Built Mathlib.Topology.Algebra.Module.Alternating.Topology (10s)
✔ [4698/4779] Built Mathlib.MeasureTheory.Topology (3.2s)
✔ [4699/4784] Built Mathlib.Analysis.Calculus.TangentCone.Prod (3.8s)
✔ [4700/4784] Built Mathlib.Analysis.Normed.Module.Connected (5.6s)
✔ [4701/4790] Built Mathlib.MeasureTheory.Function.LpSeminorm.Prod (3.0s)
✔ [4702/4791] Built Mathlib.Analysis.Convex.Gauge (10s)
✔ [4703/4792] Built Mathlib.Analysis.Calculus.FDeriv.Basic (15s)
✔ [4704/4792] Built Mathlib.Analysis.Normed.Module.HahnBanach (7.4s)
✔ [4705/4792] Built Mathlib.Topology.ContinuousMap.ContinuousMapZero (11s)
✔ [4706/4792] Built Mathlib.MeasureTheory.Measure.Lebesgue.Complex (3.0s)
✔ [4707/4794] Built Mathlib.Analysis.Calculus.FDeriv.RestrictScalars (4.9s)
✔ [4708/4796] Built Mathlib.Analysis.Calculus.FDeriv.Comp (6.1s)
✔ [4709/4804] Built Mathlib.Analysis.Calculus.FDeriv.Linear (4.1s)
✔ [4710/4805] Built Mathlib.Analysis.LocallyConvex.Separation (8.2s)
✔ [4711/4805] Built Mathlib.Analysis.Calculus.InverseFunctionTheorem.ApproximatesLinearOn (9.3s)
✔ [4712/4809] Built Mathlib.Analysis.Calculus.FDeriv.Congr (5.0s)
✔ [4713/4809] Built Mathlib.Analysis.Analytic.ConvergenceRadius (16s)
✔ [4714/4810] Built Mathlib.Analysis.Asymptotics.Completion (3.0s)
✔ [4715/4810] Built Mathlib.Analysis.SpecialFunctions.Log.ERealExp (3.1s)
✔ [4716/4810] Built Mathlib.RingTheory.Binomial (5.4s)
✔ [4717/4810] Built Mathlib.Analysis.SpecialFunctions.Log.ENNRealLog (3.0s)
✔ [4718/4811] Built Mathlib.Analysis.Normed.Module.Dual (9.1s)
✔ [4719/4811] Built Mathlib.Analysis.Asymptotics.LinearGrowth (5.0s)
✔ [4720/4811] Built Mathlib.Analysis.LocallyConvex.SeparatingDual (6.6s)
✔ [4721/4811] Built Mathlib.Analysis.Analytic.RadiusLiminf (4.1s)
✔ [4722/4811] Built Mathlib.Analysis.Calculus.FDeriv.Const (6.7s)
✔ [4723/4811] Built Mathlib.Analysis.Normed.Module.Alternating.Basic (21s)
✔ [4724/4811] Built Mathlib.Analysis.SpecialFunctions.Log.ENNRealLogExp (3.3s)
✔ [4725/4811] Built Mathlib.Analysis.Asymptotics.SpecificAsymptotics (3.9s)
✔ [4726/4813] Built Mathlib.Analysis.Analytic.OfScalars (7.4s)
✔ [4727/4813] Built Mathlib.Analysis.Asymptotics.SuperpolynomialDecay (4.4s)
✔ [4728/4814] Built Mathlib.Analysis.Normed.Operator.CompleteCodomain (4.7s)
✔ [4729/4815] Built Mathlib.MeasureTheory.Covering.VitaliFamily (3.8s)
✔ [4730/4815] Built Mathlib.Analysis.Asymptotics.ExpGrowth (5.0s)
✔ [4731/4815] Built Mathlib.Analysis.SpecialFunctions.OrdinaryHypergeometric (7.2s)
✔ [4732/4816] Built Mathlib.MeasureTheory.Function.AEMeasurableOrder (5.3s)
✔ [4733/4823] Built Mathlib.Analysis.Calculus.Deriv.Basic (13s)
✔ [4734/4823] Built Mathlib.Analysis.Calculus.FDeriv.Equiv (15s)
✔ [4735/4825] Built Mathlib.MeasureTheory.Integral.Bochner.ContinuousLinearMap (9.5s)
✔ [4736/4825] Built Mathlib.MeasureTheory.Covering.Vitali (5.8s)
✔ [4737/4827] Built Mathlib.MeasureTheory.Measure.Decomposition.Hahn (4.7s)
✔ [4738/4827] Built Mathlib.MeasureTheory.Function.StronglyMeasurable.ENNReal (3.3s)
✔ [4739/4827] Built Mathlib.Analysis.Calculus.FDeriv.Add (19s)
✔ [4740/4827] Built Mathlib.Analysis.Calculus.Deriv.Linear (4.1s)
✔ [4741/4827] Built Mathlib.MeasureTheory.Measure.Sub (3.2s)
✔ [4742/4827] Built Mathlib.Order.Monotone.Extension (1.0s)
✔ [4743/4827] Built Mathlib.Analysis.Calculus.FDeriv.Prod (20s)
✔ [4744/4827] Built Mathlib.Analysis.Calculus.InverseFunctionTheorem.FDeriv (4.6s)
✔ [4745/4827] Built Mathlib.Analysis.Analytic.Basic (26s)
✔ [4746/4827] Built Mathlib.MeasureTheory.Function.AEEqOfLIntegral (4.1s)
✔ [4747/4827] Built Mathlib.Analysis.Calculus.FDeriv.Affine (4.3s)
✔ [4748/4827] Built Mathlib.Topology.EMetricSpace.BoundedVariation (8.6s)
✔ [4749/4827] Built Mathlib.Analysis.Calculus.Deriv.Comp (13s)
✔ [4750/4827] Built Mathlib.MeasureTheory.Integral.Average (10s)
✔ [4751/4827] Built Mathlib.Analysis.Calculus.Deriv.Add (8.4s)
✔ [4752/4828] Built Mathlib.MeasureTheory.Integral.IntervalIntegral.Basic (13s)
✔ [4753/4828] Built Mathlib.Analysis.BoxIntegral.DivergenceTheorem (6.3s)
✔ [4754/4828] Built Mathlib.Analysis.Calculus.Deriv.Prod (8.1s)
✔ [4755/4828] Built Mathlib.Analysis.Calculus.Deriv.Inverse (4.7s)
✔ [4756/4828] Built Mathlib.Analysis.Calculus.FDeriv.Bilinear (7.4s)
✔ [4757/4828] Built Mathlib.MeasureTheory.Measure.Decomposition.Lebesgue (7.5s)
✔ [4758/4828] Built Mathlib.Analysis.Calculus.Deriv.AffineMap (4.8s)
✔ [4759/4828] Built Mathlib.Analysis.Calculus.Deriv.Slope (5.9s)
✔ [4760/4828] Built Mathlib.Analysis.Calculus.LocalExtr.Basic (7.3s)
✔ [4761/4828] Built Mathlib.Analysis.Complex.Spectrum (4.0s)
✔ [4762/4832] Built Mathlib.Analysis.Calculus.InverseFunctionTheorem.Deriv (4.2s)
✔ [4763/4832] Built Mathlib.Analysis.Analytic.ChangeOrigin (12s)
✔ [4764/4834] Built Mathlib.MeasureTheory.Integral.DominatedConvergence (7.9s)
✔ [4765/4834] Built Mathlib.Analysis.Calculus.LocalExtr.Rolle (3.5s)
✔ [4766/4834] Built Mathlib.RingTheory.MvPolynomial.Symmetric.Defs (4.6s)
✔ [4767/4838] Built Mathlib.Topology.Maps.Proper.CompactlyGenerated (3.0s)
✔ [4768/4838] Built Mathlib.MeasureTheory.Covering.Differentiation (7.7s)
✔ [4769/4838] Built Mathlib.Data.NNReal.Star (2.8s)
✔ [4770/4838] Built Mathlib.RingTheory.Polynomial.Vieta (4.2s)
✔ [4771/4838] Built Mathlib.Analysis.Calculus.FDeriv.Measurable (13s)
✔ [4772/4839] Built Mathlib.Analysis.Normed.Algebra.Exponential (10s)
✔ [4773/4839] Built Mathlib.Topology.ContinuousMap.StarOrdered (5.8s)
✔ [4774/4839] Built Mathlib.MeasureTheory.Integral.Prod (9.0s)
✔ [4775/4841] Built Mathlib.MeasureTheory.Covering.DensityTheorem (4.5s)
✔ [4776/4842] Built Mathlib.Analysis.Calculus.ContDiff.FTaylorSeries (31s)
✔ [4777/4842] Built Mathlib.Topology.Algebra.Star.Real (2.3s)
✔ [4778/4842] Built Mathlib.Topology.Algebra.Polynomial (4.1s)
✔ [4779/4842] Built Mathlib.Analysis.Analytic.CPolynomialDef (15s)
✔ [4780/4843] Built Mathlib.MeasureTheory.Covering.OneDim (3.8s)
✔ [4781/4843] Built Mathlib.Topology.Algebra.StarSubalgebra (5.0s)
✔ [4782/4843] Built Mathlib.Topology.ContinuousMap.Lattice (2.8s)
✔ [4783/4848] Built Mathlib.Topology.Algebra.NonUnitalAlgebra (4.9s)
✔ [4784/4848] Built Mathlib.Analysis.Calculus.FDeriv.CompCLM (24s)
✔ [4785/4848] Built Mathlib.MeasureTheory.Integral.DivergenceTheorem (9.5s)
✔ [4786/4851] Built Mathlib.Analysis.Calculus.Monotone (5.3s)
✔ [4787/4851] Built Mathlib.MeasureTheory.Integral.IntervalIntegral.FundThmCalculus (11s)
✔ [4788/4853] Built Mathlib.RingTheory.Polynomial.Bernstein (5.5s)
✔ [4789/4853] Built Mathlib.Analysis.Analytic.Linear (7.8s)
✔ [4790/4856] Built Mathlib.Topology.Algebra.NonUnitalStarAlgebra (6.1s)
✔ [4791/4856] Built Mathlib.Topology.ContinuousMap.Polynomial (4.3s)
✔ [4792/4856] Built Mathlib.Analysis.Real.Spectrum (3.8s)
✔ [4793/4860] Built Mathlib.Analysis.BoundedVariation (4.7s)
✔ [4794/4860] Built Mathlib.Analysis.Analytic.WithLp (3.0s)
✔ [4795/4860] Built Mathlib.Analysis.Normed.Algebra.UnitizationL1 (6.8s)
✔ [4796/4861] Built Mathlib.Topology.Semicontinuity.Hemicontinuity (3.6s)
✔ [4797/4862] Built Mathlib.Topology.Algebra.Module.WeakDual (5.6s)
✔ [4798/4863] Built Mathlib.Analysis.Analytic.Composition (16s)
✔ [4799/4863] Built Mathlib.Analysis.Normed.Algebra.Unitization (9.9s)
✔ [4800/4864] Built Mathlib.Topology.MetricSpace.Sequences (2.6s)
✔ [4801/4869] Built Mathlib.Analysis.CStarAlgebra.ContinuousFunctionalCalculus.Unital (18s)
✔ [4802/4869] Built Mathlib.Analysis.Complex.Convex (4.3s)
✔ [4803/4871] Built Mathlib.Topology.Algebra.Module.CharacterSpace (4.3s)
✔ [4804/4871] Built Mathlib.Analysis.SpecialFunctions.Bernstein (8.1s)
✔ [4805/4871] Built Mathlib.Analysis.Complex.Cardinality (2.4s)
✔ [4806/4875] Built Mathlib.FieldTheory.PolynomialGaloisGroup (5.4s)
✔ [4807/4875] Built Mathlib.Analysis.CStarAlgebra.Classes (13s)
✔ [4808/4875] Built Mathlib.Topology.ContinuousMap.Weierstrass (3.9s)
✔ [4809/4875] Built Mathlib.LinearAlgebra.Complex.FiniteDimensional (3.6s)
✔ [4810/4875] Built Mathlib.Analysis.Normed.Operator.Completeness (6.1s)
✔ [4811/4875] Built Mathlib.Topology.ContinuousMap.Units (4.8s)
✔ [4812/4880] Built Mathlib.Analysis.Normed.Algebra.Spectrum (13s)
✔ [4813/4880] Built Mathlib.Topology.ContinuousMap.ZeroAtInfty (12s)
✔ [4814/4884] Built Mathlib.Analysis.Analytic.Inverse (17s)
✔ [4815/4884] Built Mathlib.Analysis.CStarAlgebra.Unitization (12s)
✔ [4816/4891] Built Mathlib.Analysis.Normed.Affine.AddTorsor (6.4s)
✔ [4817/4892] Built Mathlib.Analysis.Normed.Module.WeakDual (10s)
✔ [4818/4895] Built Mathlib.Data.Real.StarOrdered (3.8s)
✔ [4819/4896] Built Mathlib.LinearAlgebra.AffineSpace.Ordered (9.4s)
✔ [4820/4896] Built Mathlib.Topology.ApproximateUnit (3.1s)
✔ [4821/4898] Built Mathlib.Analysis.CStarAlgebra.ContinuousMap (10s)
✔ [4822/4898] Built Mathlib.Analysis.Normed.Algebra.Basic (4.7s)
✔ [4823/4898] Built Mathlib.Topology.MetricSpace.Bilipschitz (2.6s)
✔ [4824/4904] Built Mathlib.Analysis.CStarAlgebra.Module.Synonym (3.8s)
✔ [4825/4908] Built Mathlib.Topology.ContinuousMap.ContinuousSqrt (3.8s)
✔ [4826/4909] Built Mathlib.Analysis.Analytic.Constructions (30s)
✔ [4827/4909] Built Mathlib.Order.CompleteLattice.Group (1.6s)
✔ [4828/4910] Built Mathlib.Topology.UniformSpace.Matrix (2.4s)
✔ [4829/4910] Built Mathlib.Analysis.CStarAlgebra.ContinuousFunctionalCalculus.Note (1.4s)
✔ [4830/4910] Built Mathlib.Analysis.CStarAlgebra.ContinuousFunctionalCalculus.NonUnital (30s)
✔ [4831/4910] Built Mathlib.Topology.UrysohnsLemma (4.2s)
✔ [4832/4910] Built Mathlib.MeasureTheory.SpecificCodomains.ContinuousMap (3.9s)
✔ [4833/4910] Built Mathlib.Analysis.Analytic.Polynomial (4.2s)
✔ [4834/4910] Built Mathlib.Analysis.Analytic.Within (3.7s)
✔ [4835/4910] Built Mathlib.Topology.ContinuousMap.StoneWeierstrass (22s)
✔ [4836/4910] Built Mathlib.Analysis.Analytic.Uniqueness (5.7s)
✔ [4837/4915] Built Mathlib.Analysis.Matrix.Normed (8.8s)
✔ [4838/4916] Built Mathlib.Analysis.CStarAlgebra.ContinuousFunctionalCalculus.Unitary (3.8s)
✔ [4839/4919] Built Mathlib.Topology.MetricSpace.UniformConvergence (7.2s)
✔ [4840/4919] Built Mathlib.MeasureTheory.SpecificCodomains.ContinuousMapZero (3.9s)
✔ [4841/4919] Built Mathlib.Analysis.Normed.Group.NullSubmodule (3.1s)
✔ [4842/4920] Built Mathlib.Topology.Algebra.Module.PerfectPairing (3.8s)
✔ [4843/4920] Built Mathlib.Analysis.CStarAlgebra.Exponential (3.3s)
✔ [4844/4923] Built Mathlib.Topology.Algebra.LinearMapCompletion (2.9s)
✔ [4845/4926] Built Mathlib.Topology.ContinuousMap.Ideals (9.3s)
✔ [4846/4927] Built Mathlib.Analysis.InnerProductSpace.Completion (5.3s)
✔ [4847/4931] Built Mathlib.Analysis.Analytic.CPolynomial (14s)
✔ [4848/4931] Built Mathlib.Analysis.CStarAlgebra.ContinuousFunctionalCalculus.Restrict (11s)
✔ [4849/4939] Built Mathlib.Data.Bundle (2.0s)
✔ [4850/4939] Built Mathlib.Analysis.Normed.Group.BallSphere (3.2s)
✔ [4851/4941] Built Mathlib.Analysis.CStarAlgebra.ContinuousFunctionalCalculus.Integral (8.8s)
✔ [4852/4944] Built Mathlib.Topology.SeparatedMap (2.4s)
✔ [4853/4944] Built Mathlib.Topology.OpenPartialHomeomorph.Composition (2.9s)
✔ [4854/4945] Built Mathlib.Topology.IsLocalHomeomorph (2.3s)
✔ [4855/4945] Built Mathlib.Analysis.Normed.Module.Normalize (3.0s)
✔ [4856/4950] Built Mathlib.Analysis.CStarAlgebra.ContinuousFunctionalCalculus.Unique (16s)
✔ [4857/4950] Built Mathlib.Analysis.InnerProductSpace.Dual (10s)
✔ [4858/4950] Built Mathlib.Analysis.Normed.Field.UnitBall (6.3s)
✔ [4859/4951] Built Mathlib.Topology.OpenPartialHomeomorph.Constructions (4.0s)
✔ [4860/4953] Built Mathlib.Analysis.CStarAlgebra.ContinuousFunctionalCalculus.Pi (5.7s)
✔ [4861/4953] Built Mathlib.LinearAlgebra.AffineSpace.Simplex.Basic (7.2s)
✔ [4862/4953] Built Mathlib.Analysis.Complex.Circle (5.1s)
✔ [4863/4953] Built Mathlib.Topology.FiberBundle.Trivialization (8.7s)
✔ [4864/4955] Built Mathlib.Analysis.CStarAlgebra.Multiplier (24s)
✔ [4865/4958] Built Mathlib.MeasureTheory.Group.Integral (6.1s)
✔ [4866/4960] Built Mathlib.Analysis.SpecialFunctions.ContinuousFunctionalCalculus.PosPart.Basic (16s)
✔ [4867/4963] Built Mathlib.Analysis.Calculus.FDeriv.Analytic (25s)
✔ [4868/4963] Built Mathlib.Topology.FiberBundle.Basic (4.4s)
✔ [4869/4963] Built Mathlib.Analysis.SpecialFunctions.PolynomialExp (2.9s)
✔ [4870/4965] Built Mathlib.LinearAlgebra.AffineSpace.Simplex.Centroid (7.7s)
✔ [4871/4965] Built Mathlib.Analysis.Normed.Module.Ball.Homeomorph (5.5s)
✔ [4872/4966] Built Mathlib.Analysis.Calculus.FDeriv.WithLp (5.6s)
✔ [4873/4966] Built Mathlib.Analysis.Normed.Lp.lpSpace (26s)
✔ [4874/4966] Built Mathlib.Topology.MetricSpace.ProperSpace.Lemmas (2.6s)
✔ [4875/4967] Built Mathlib.Analysis.CStarAlgebra.ContinuousFunctionalCalculus.Instances (27s)
✔ [4876/4967] Built Mathlib.Topology.Covering.Basic (5.6s)
✔ [4877/4967] Built Mathlib.Data.Set.Pointwise.Support (2.3s)
✔ [4878/4967] Built Mathlib.Analysis.SpecialFunctions.Exponential (8.8s)
✔ [4879/4967] Built Mathlib.LinearAlgebra.AffineSpace.FiniteDimensional (7.8s)
✔ [4880/4967] Built Mathlib.Analysis.CStarAlgebra.Projection (3.8s)
✔ [4881/4967] Built Mathlib.Analysis.CStarAlgebra.lpSpace (7.0s)
✔ [4882/4967] Built Mathlib.Analysis.CStarAlgebra.ContinuousFunctionalCalculus.Range (9.3s)
✔ [4883/4968] Built Mathlib.Analysis.CStarAlgebra.ContinuousFunctionalCalculus.Commute (7.3s)
✔ [4884/4968] Built Mathlib.Analysis.InnerProductSpace.Adjoint (43s)
✔ [4885/4971] Built Mathlib.Topology.Covering.Quotient (5.4s)
✔ [4886/4971] Built Mathlib.MeasureTheory.Measure.Haar.NormedSpace (6.7s)
✔ [4887/4972] Built Mathlib.Analysis.Calculus.ContDiff.Defs (28s)
✔ [4888/4972] Built Mathlib.Analysis.Normed.Affine.AddTorsorBases (4.1s)
✔ [4889/4972] Built Mathlib.MeasureTheory.Measure.EverywherePos (4.9s)
✔ [4890/4972] Built Mathlib.Analysis.CStarAlgebra.ContinuousLinearMap (3.0s)
✔ [4891/4972] Built Mathlib.Analysis.Calculus.ContDiff.FaaDiBruno (30s)
✔ [4892/4975] Built Mathlib.Topology.Covering.AddCircle (3.9s)
✔ [4893/4975] Built Mathlib.Topology.Metrizable.Urysohn (4.3s)
✔ [4894/4976] Built Mathlib.Analysis.Calculus.ContDiff.CPolynomial (4.4s)
✔ [4895/4976] Built Mathlib.Analysis.Calculus.IteratedDeriv.Defs (7.0s)
✔ [4896/4976] Built Mathlib.Analysis.CStarAlgebra.ContinuousFunctionalCalculus.Isometric (23s)
✔ [4897/4976] Built Mathlib.Analysis.SpecialFunctions.Complex.Circle (5.1s)
✔ [4898/4976] Built Mathlib.Analysis.Calculus.FDeriv.Mul (39s)
✔ [4899/4978] Built Mathlib.Analysis.Calculus.InverseFunctionTheorem.Analytic (3.8s)
✔ [4900/4980] Built Mathlib.Analysis.SpecialFunctions.ContinuousFunctionalCalculus.Rpow.Basic (30s)
✔ [4901/4980] Built Mathlib.Analysis.Calculus.IteratedDeriv.ConvergenceOnBall (4.6s)
✔ [4902/4980] Built Mathlib.MeasureTheory.Covering.Besicovitch (9.9s)
✔ [4903/4980] Built Mathlib.Analysis.SpecialFunctions.ContinuousFunctionalCalculus.PosPart.Isometric (4.7s)
✔ [4904/4980] Built Mathlib.Analysis.Calculus.DSlope (4.6s)
✔ [4905/4980] Built Mathlib.Analysis.Calculus.DiffContOnCl (4.7s)
✔ [4906/4980] Built Mathlib.MeasureTheory.Measure.Haar.Unique (14s)
✔ [4907/4984] Built Mathlib.Analysis.Normed.Operator.Conformal (4.9s)
✔ [4908/4984] Built Mathlib.Analysis.CStarAlgebra.Matrix (27s)
✔ [4909/4985] Built Mathlib.Data.Nat.Factorial.DoubleFactorial (2.5s)
✔ [4910/4986] Built Mathlib.Analysis.Calculus.FDeriv.Pow (12s)
✔ [4911/4986] Built Mathlib.Analysis.InnerProductSpace.ConformalLinearMap (4.1s)
✔ [4912/4986] Built Mathlib.MeasureTheory.Covering.BesicovitchVectorSpace (9.9s)
✔ [4913/4986] Built Mathlib.Analysis.Calculus.Conformal.NormedSpace (4.4s)
✔ [4914/4990] Built Mathlib.Data.Nat.Choose.Multinomial (4.3s)
✔ [4915/4993] Built Mathlib.Analysis.Analytic.IsolatedZeros (11s)
✔ [4916/4996] Built Mathlib.Analysis.Calculus.Deriv.Pow (6.2s)
✔ [4917/4996] Built Mathlib.Analysis.Calculus.Conformal.InnerProduct (4.6s)
✔ [4918/4998] Built Mathlib.Analysis.Calculus.Deriv.Mul (20s)
✔ [4919/4998] Built Mathlib.Analysis.Calculus.ContDiff.RestrictScalars (6.6s)
✔ [4920/4998] Built Mathlib.Analysis.Convex.NNReal (3.5s)
✔ [4921/4998] Built Mathlib.Analysis.CStarAlgebra.ContinuousFunctionalCalculus.Continuity (23s)
✔ [4922/4998] Built Mathlib.Analysis.Calculus.Deriv.Support (2.6s)
✔ [4923/4998] Built Mathlib.Analysis.Calculus.FDeriv.Pi (3.3s)
✔ [4924/4998] Built Mathlib.Topology.Order.OrderClosedExtr (2.4s)
✔ [4925/4998] Built Mathlib.Analysis.Calculus.FDeriv.Star (4.6s)
✔ [4926/4999] Built Mathlib.Analysis.Calculus.Darboux (3.6s)
✔ [4927/4999] Built Mathlib.Analysis.Calculus.Deriv.CompMul (3.6s)
✔ [4928/4999] Built Mathlib.Analysis.Calculus.Deriv.Polynomial (5.1s)
✔ [4929/4999] Built Mathlib.Analysis.Calculus.Deriv.MeanValue (6.1s)
✔ [4930/4999] Built Mathlib.Analysis.Calculus.ContDiff.Basic (40s)
✔ [4931/5002] Built Mathlib.Analysis.Calculus.Deriv.Inv (6.2s)
✔ [4932/5002] Built Mathlib.Topology.MetricSpace.Holder (5.9s)
✔ [4933/5003] Built Mathlib.Analysis.Calculus.Deriv.Pi (4.0s)
✔ [4934/5003] Built Mathlib.Analysis.Analytic.Order (10s)
✔ [4935/5003] Built Mathlib.Analysis.Calculus.MeanValue (10s)
✔ [4936/5006] Built Mathlib.Analysis.Calculus.Deriv.Star (4.5s)
✔ [4937/5006] Built Mathlib.Data.Fin.Parity (2.4s)
✔ [4938/5006] Built Mathlib.Analysis.Normed.Module.Alternating.Curry (4.8s)
✔ [4939/5006] Built Mathlib.Analysis.Calculus.Deriv.Shift (3.7s)
✔ [4940/5006] Built Mathlib.Analysis.SpecialFunctions.ContinuousFunctionalCalculus.ExpLog.Basic (8.7s)
✔ [4941/5006] Built Mathlib.Analysis.Calculus.DerivativeTest (4.9s)
✔ [4942/5008] Built Mathlib.Analysis.Calculus.ContDiffHolder.Pointwise (6.3s)
✔ [4943/5011] Built Mathlib.Analysis.Calculus.ContDiff.RCLike (6.1s)
✔ [4944/5011] Built Mathlib.Analysis.Calculus.FDeriv.Extend (6.0s)
✔ [4945/5013] Built Mathlib.LinearAlgebra.Alternating.Uncurry.Fin (5.9s)
✔ [4946/5013] Built Mathlib.Analysis.Calculus.UniformLimitsDeriv (7.5s)
✔ [4947/5015] Built Mathlib.Analysis.Calculus.ParametricIntegral (9.8s)
✔ [4948/5016] Built Mathlib.Analysis.Calculus.Deriv.ZPow (5.9s)
✔ [4949/5017] Built Mathlib.Analysis.Calculus.LineDeriv.Basic (8.9s)
✔ [4950/5018] Built Mathlib.Analysis.Calculus.Gradient.Basic (8.7s)
✔ [4951/5019] Built Mathlib.Analysis.Normed.Module.Complemented (8.1s)
✔ [4952/5020] Built Mathlib.Analysis.Calculus.LogDeriv (6.7s)
✔ [4953/5020] Built Mathlib.Analysis.Calculus.InverseFunctionTheorem.FiniteDimensional (3.6s)
✔ [4954/5020] Built Mathlib.Analysis.Calculus.FDeriv.ContinuousMultilinearMap (16s)
✔ [4955/5020] Built Mathlib.Analysis.Calculus.IteratedDeriv.WithinZpow (3.2s)
✔ [4956/5027] Built Mathlib.Analysis.Normed.Module.Alternating.Uncurry.Fin (12s)
✔ [4957/5027] Built Mathlib.Analysis.Calculus.IteratedDeriv.FaaDiBruno (5.8s)
✔ [4958/5029] Built Mathlib.Analysis.Calculus.LHopital (4.9s)
✔ [4959/5030] Built Mathlib.Topology.Separation.CountableSeparatingOn (2.4s)
✔ [4960/5031] Built Mathlib.Analysis.Calculus.LagrangeMultipliers (4.6s)
✔ [4961/5031] Built Mathlib.Analysis.Calculus.LineDeriv.Measurable (5.2s)
✔ [4962/5031] Built Mathlib.Analysis.Calculus.LineDeriv.QuadraticMap (5.2s)
✔ [4963/5031] Built Mathlib.Analysis.Calculus.ContDiff.Operations (30s)
✔ [4964/5033] Built Mathlib.Analysis.Calculus.LocalExtr.LineDeriv (5.3s)
✔ [4965/5033] Built Mathlib.Analysis.Calculus.Implicit (10s)
✔ [4966/5033] Built Mathlib.MeasureTheory.Integral.IntervalIntegral.IntegrationByParts (8.4s)
✔ [4967/5033] Built Mathlib.Analysis.Calculus.LocalExtr.Polynomial (3.3s)
✔ [4968/5033] Built Mathlib.Analysis.Calculus.ContDiff.Polynomial (3.2s)
✔ [4969/5033] Built Mathlib.Analysis.Calculus.InverseFunctionTheorem.ContDiff (3.0s)
✔ [4970/5033] Built Mathlib.MeasureTheory.Constructions.Polish.Basic (6.1s)
✔ [4971/5033] Built Mathlib.Analysis.Calculus.ContDiff.FiniteDimension (4.9s)
✔ [4972/5033] Built Mathlib.Analysis.Calculus.ContDiff.WithLp (5.4s)
✔ [4973/5033] Built Mathlib.Analysis.SpecialFunctions.Sqrt (5.2s)
✔ [4974/5033] Built Mathlib.Analysis.Calculus.AddTorsor.AffineMap (3.8s)
✔ [4975/5035] Built Mathlib.Analysis.Calculus.FDeriv.ContinuousAlternatingMap (20s)
✔ [4976/5036] Built Mathlib.Analysis.Calculus.BumpFunction.Basic (5.1s)
✔ [4977/5036] Built Mathlib.Analysis.Calculus.SmoothSeries (8.4s)
✔ [4978/5036] Built Mathlib.Analysis.Complex.RealDeriv (5.6s)
✔ [4979/5036] Built Mathlib.Analysis.Calculus.ImplicitContDiff (8.6s)
✔ [4980/5036] Built Mathlib.Analysis.Calculus.AddTorsor.Coord (6.1s)
✔ [4981/5036] Built Mathlib.Analysis.Analytic.IteratedFDeriv (12s)
✔ [4982/5036] Built Mathlib.Analysis.Calculus.ContDiff.Bounds (19s)
✔ [4983/5036] Built Mathlib.MeasureTheory.Function.Jacobian (12s)
✔ [4984/5037] Built Mathlib.Topology.Algebra.InfiniteSum.UniformOn (5.6s)
✔ [4985/5046] Built Mathlib.Analysis.Calculus.BumpFunction.Normed (5.7s)
✔ [4986/5049] Built Mathlib.Analysis.Calculus.ParametricIntervalIntegral (5.9s)
✔ [4987/5054] Built Mathlib.Analysis.InnerProductSpace.Calculus (14s)
✔ [4988/5054] Built Mathlib.Analysis.Calculus.IteratedDeriv.Lemmas (18s)
✔ [4989/5056] Built Mathlib.Analysis.RCLike.TangentCone (4.3s)
✔ [4990/5062] Built Mathlib.Analysis.Convolution (47s)
✔ [4991/5062] Built Mathlib.MeasureTheory.Function.JacobianOneDim (7.6s)
✔ [4992/5064] Built Mathlib.Geometry.Manifold.StructureGroupoid (4.9s)
✔ [4993/5064] Built Mathlib.Topology.FiberBundle.Constructions (4.5s)
✔ [4994/5069] Built Mathlib.Analysis.InnerProductSpace.EuclideanDist (6.2s)
✔ [4995/5070] Built Mathlib.Analysis.Calculus.Deriv.Abs (7.8s)
✔ [4996/5070] Built Mathlib.Geometry.Manifold.ChartedSpace (4.4s)
✔ [4997/5074] Built Mathlib.Analysis.Calculus.FDeriv.Symmetric (15s)
✔ [4998/5076] Built Mathlib.Analysis.SpecialFunctions.ExpDeriv (7.2s)
✔ [4999/5076] Built Mathlib.Topology.Compactness.Paracompact (3.3s)
✔ [5000/5076] Built Mathlib.Analysis.Normed.Operator.Prod (11s)
✔ [5001/5076] Built Mathlib.Topology.ShrinkingLemma (3.2s)
✔ [5002/5077] Built Mathlib.Order.Filter.Germ.OrderedMonoid (2.1s)
✔ [5003/5077] Built Mathlib.MeasureTheory.Function.StronglyMeasurable.Lp (3.7s)
✔ [5004/5077] Built Mathlib.Geometry.Manifold.HasGroupoid (4.0s)
✔ [5005/5077] Built Mathlib.Analysis.Calculus.FDeriv.Norm (5.9s)
✔ [5006/5077] Built Mathlib.Topology.VectorBundle.Basic (12s)
✔ [5007/5079] Built Mathlib.Analysis.SpecialFunctions.Complex.LogDeriv (4.3s)
✔ [5008/5079] Built Mathlib.Analysis.SpecialFunctions.SmoothTransition (4.8s)
✔ [5009/5079] Built Mathlib.MeasureTheory.Measure.Haar.Disintegration (9.6s)
✔ [5010/5079] Built Mathlib.Analysis.SpecialFunctions.Trigonometric.Deriv (8.8s)
✔ [5011/5079] Built Mathlib.Analysis.Calculus.DifferentialForm.Basic (9.0s)
✔ [5012/5080] Built Mathlib.Order.Filter.Ring (2.4s)
✔ [5013/5080] Built Mathlib.Topology.EMetricSpace.Paracompact (5.6s)
✔ [5014/5080] Built Mathlib.Analysis.Calculus.VectorField (12s)
✔ [5015/5081] Built Mathlib.Topology.PartitionOfUnity (6.7s)
✔ [5016/5081] Built Mathlib.Analysis.Calculus.TangentCone.Pi (3.2s)
✔ [5017/5081] Built Mathlib.Analysis.SpecialFunctions.Log.Deriv (10s)
✔ [5018/5081] Built Mathlib.Analysis.Calculus.TangentCone.ProperSpace (3.5s)
✔ [5019/5081] Built Mathlib.Geometry.Manifold.LocalInvariantProperties (4.8s)
✔ [5020/5081] Built Mathlib.Topology.VectorBundle.Constructions (5.5s)
✔ [5021/5081] Built Mathlib.Analysis.Calculus.BumpFunction.InnerProduct (3.0s)
✔ [5022/5081] Built Mathlib.Analysis.Calculus.DifferentialForm.VectorField (4.2s)
✔ [5023/5085] Built Mathlib.Analysis.Convex.PartitionOfUnity (3.7s)
✔ [5024/5085] Built Mathlib.MeasureTheory.Function.AEEqOfIntegral (5.7s)
✔ [5025/5086] Built Mathlib.Geometry.Manifold.IsManifold.Basic (9.2s)
✔ [5026/5086] Built Mathlib.Analysis.Calculus.TangentCone (3.1s)
✔ [5027/5088] Built Mathlib.Analysis.Calculus.Taylor (8.1s)
✔ [5028/5090] Built Mathlib.Topology.MetricSpace.PartitionOfUnity (3.3s)
✔ [5029/5090] Built Mathlib.Analysis.SpecialFunctions.NonIntegrable (5.3s)
✔ [5030/5095] Built Mathlib.Analysis.Complex.AbelLimit (7.4s)
✔ [5031/5098] Built Mathlib.Analysis.Normed.Module.Ray (3.4s)
✔ [5032/5098] Built Mathlib.Topology.Order.ExtrClosure (2.3s)
✔ [5033/5098] Built Mathlib.Analysis.Normed.Module.Extr (4.1s)
✔ [5034/5102] Built Mathlib.Geometry.Euclidean.Angle.Unoriented.Basic (6.7s)
✔ [5035/5103] Built Mathlib.Analysis.SpecialFunctions.Trigonometric.Complex (7.3s)
✔ [5036/5103] Built Mathlib.Analysis.SpecialFunctions.Pow.Deriv (13s)
✔ [5037/5103] Built Mathlib.Analysis.Calculus.BumpFunction.FiniteDimension (11s)
✔ [5038/5105] Built Mathlib.Geometry.Manifold.IsManifold.ExtChartAt (10s)
✔ [5039/5105] Built Mathlib.Analysis.Convex.Deriv (9.6s)
✔ [5040/5106] Built Mathlib.MeasureTheory.Integral.CircleIntegral (10s)
✔ [5041/5106] Built Mathlib.Analysis.Convex.StrictConvexSpace (5.2s)
✔ [5042/5106] Built Mathlib.LinearAlgebra.Matrix.GeneralLinearGroup.Basic (3.9s)
✔ [5043/5106] Built Mathlib.Analysis.Complex.CoveringMap (3.7s)
✔ [5044/5106] Built Mathlib.Analysis.SpecialFunctions.Trigonometric.ComplexDeriv (3.4s)
✔ [5045/5106] Built Mathlib.Analysis.Complex.ExponentialBounds (4.2s)
✔ [5046/5107] Built Mathlib.Analysis.Calculus.BumpFunction.Convolution (4.9s)
✔ [5047/5107] Built Mathlib.Geometry.Manifold.MFDeriv.Defs (4.7s)
✔ [5048/5107] Built Mathlib.Analysis.SpecialFunctions.Trigonometric.Arctan (6.4s)
✔ [5049/5107] Built Mathlib.Analysis.Complex.HalfPlane (3.4s)
✔ [5050/5112] Built Mathlib.Analysis.Convex.SpecificFunctions.Deriv (4.6s)
✔ [5051/5112] Built Mathlib.Analysis.Convex.Uniform (4.6s)
✔ [5052/5113] Built Mathlib.Analysis.Calculus.BumpFunction.SmoothApprox (4.7s)
✔ [5053/5114] Built Mathlib.Geometry.Manifold.ContMDiff.Defs (9.3s)
✔ [5054/5114] Built Mathlib.Analysis.Complex.Isometry (5.2s)
✔ [5055/5114] Built Mathlib.Analysis.InnerProductSpace.CanonicalTensor (4.8s)
✔ [5056/5114] Built Mathlib.Analysis.SpecialFunctions.Trigonometric.ArctanDeriv (5.5s)
✔ [5057/5114] Built Mathlib.Analysis.Complex.CauchyIntegral (9.6s)
✔ [5058/5120] Built Mathlib.MeasureTheory.Integral.IntegralEqImproper (12s)
✔ [5059/5120] Built Mathlib.Analysis.InnerProductSpace.Convex (2.8s)
✔ [5060/5120] Built Mathlib.MeasureTheory.Integral.IntervalAverage (4.4s)
✔ [5061/5120] Built Mathlib.Geometry.Manifold.ContMDiff.Basic (6.0s)
✔ [5062/5120] Built Mathlib.Analysis.Complex.Conformal (6.9s)
✔ [5063/5120] Built Mathlib.Analysis.SpecialFunctions.Trigonometric.Bounds (5.8s)
✔ [5064/5120] Built Mathlib.Analysis.Distribution.DerivNotation (8.3s)
✔ [5065/5122] Built Mathlib.Analysis.Complex.HasPrimitives (6.9s)
✔ [5066/5122] Built Mathlib.Analysis.Complex.RemovableSingularity (5.4s)
✔ [5067/5123] Built Mathlib.MeasureTheory.Measure.Haar.Quotient (9.0s)
✔ [5068/5123] Built Mathlib.Order.Filter.AtTopBot.Floor (2.5s)
✔ [5069/5123] Built Mathlib.Analysis.SpecialFunctions.Complex.Analytic (4.6s)
✔ [5070/5123] Built Mathlib.Analysis.Complex.Liouville (5.0s)
✔ [5071/5123] Built Mathlib.Analysis.Complex.Arg (3.4s)
✔ [5072/5123] Built Mathlib.Analysis.Complex.AbsMax (5.4s)
✔ [5073/5123] Built Mathlib.Geometry.Manifold.ContMDiff.Atlas (5.1s)
✔ [5074/5123] Built Mathlib.Analysis.Complex.Angle (4.6s)
✔ [5075/5123] Built Mathlib.Analysis.Calculus.LineDeriv.IntegrationByParts (6.0s)
✔ [5076/5123] Built Mathlib.Analysis.Complex.IsIntegral (2.6s)
✔ [5077/5123] Built Mathlib.Analysis.Complex.UpperHalfPlane.Basic (4.7s)
✔ [5078/5124] Built Mathlib.Geometry.Manifold.ContMDiff.Constructions (8.5s)
✔ [5079/5124] Built Mathlib.Analysis.Complex.LocallyUniformLimit (4.6s)
✔ [5080/5126] Built Mathlib.Topology.Algebra.Order.Floor (3.8s)
✔ [5081/5126] Built Mathlib.Geometry.Manifold.MFDeriv.Basic (19s)
✔ [5082/5126] Built Mathlib.Analysis.InnerProductSpace.Laplacian (8.5s)
✔ [5083/5128] Built Mathlib.Analysis.Complex.IntegerCompl (3.1s)
✔ [5084/5128] Built Mathlib.Analysis.Complex.Polynomial.Basic (5.8s)
✔ [5085/5128] Built Mathlib.Analysis.Calculus.LogDerivUniformlyOn (4.3s)
✔ [5086/5128] Built Mathlib.Analysis.SpecialFunctions.Log.NegMulLog (4.5s)
✔ [5087/5128] Built Mathlib.Analysis.Complex.PhragmenLindelof (7.9s)
✔ [5088/5130] Built Mathlib.Analysis.InnerProductSpace.Harmonic.Basic (4.7s)
✔ [5089/5130] Built Mathlib.Analysis.SpecialFunctions.Trigonometric.Sinc (3.9s)
✔ [5090/5132] Built Mathlib.Analysis.Analytic.Binomial (11s)
✔ [5091/5133] Built Mathlib.MeasureTheory.Integral.IntervalIntegral.Periodic (7.2s)
✔ [5092/5134] Built Mathlib.Analysis.Normed.Algebra.GelfandFormula (5.2s)
✔ [5093/5136] Built Mathlib.Analysis.SpecialFunctions.Integrability.Basic (5.5s)
✔ [5094/5141] Built Mathlib.Analysis.Complex.Hadamard (5.8s)
✔ [5095/5142] Built Mathlib.Analysis.InnerProductSpace.Harmonic.Constructions (5.2s)
✔ [5096/5142] Built Mathlib.Topology.LocallyFinsupp (5.6s)
✔ [5097/5145] Built Mathlib.Analysis.Complex.Harmonic.Analytic (8.1s)
✔ [5098/5146] Built Mathlib.Analysis.SpecialFunctions.Log.PosLog (4.2s)
✔ [5099/5146] Built Mathlib.MeasureTheory.Integral.CircleAverage (7.2s)
✔ [5100/5148] Built Mathlib.Analysis.Meromorphic.Basic (9.8s)
✔ [5101/5149] Built Mathlib.Analysis.CStarAlgebra.Spectrum (8.9s)
✔ [5102/5149] Built Mathlib.Analysis.Complex.OpenMapping (5.8s)
✔ [5103/5149] Built Mathlib.Order.Filter.ZeroAndBoundedAtFilter (4.3s)
✔ [5104/5150] Built Mathlib.Analysis.SpecialFunctions.Integrals.Basic (8.3s)
✔ [5105/5150] Built Mathlib.Analysis.Complex.Polynomial.UnitTrinomial (4.1s)
✔ [5106/5150] Built Mathlib.Analysis.Complex.MeanValue (3.0s)
✔ [5107/5150] Built Mathlib.Analysis.Complex.Polynomial.GaussLucas (5.1s)
✔ [5108/5150] Built Mathlib.Analysis.Meromorphic.IsolatedZeros (3.1s)
✔ [5109/5150] Built Mathlib.Analysis.Complex.TaylorSeries (4.4s)
✔ [5110/5153] Built Mathlib.Geometry.Manifold.ContMDiff.NormedSpace (25s)
✔ [5111/5153] Built Mathlib.Analysis.Complex.SummableUniformlyOn (4.1s)
✔ [5112/5153] Built Mathlib.Analysis.Complex.Schwarz (6.2s)
✔ [5113/5153] Built Mathlib.Analysis.Complex.Periodic (5.2s)
✔ [5114/5156] Built Mathlib.Analysis.Complex.Harmonic.MeanValue (4.9s)
✔ [5115/5159] Built Mathlib.Analysis.Meromorphic.Order (8.0s)
✔ [5116/5159] Built Mathlib.Order.Monotone.Union (1.9s)
✔ [5117/5159] Built Mathlib.Analysis.Complex.Positivity (4.5s)
✔ [5118/5159] Built Mathlib.Topology.UrysohnsBounded (3.2s)
✔ [5119/5159] Built Mathlib.Geometry.Manifold.BumpFunction (5.0s)
✔ [5120/5159] Built Mathlib.Geometry.Manifold.ContMDiffMap (4.6s)
✔ [5121/5163] Built Mathlib.Analysis.CStarAlgebra.GelfandDuality (11s)
✔ [5122/5163] Built Mathlib.Order.Monotone.Odd (2.3s)
✔ [5123/5163] Built Mathlib.Geometry.Manifold.VectorBundle.FiberwiseLinear (8.2s)
✔ [5124/5165] Built Mathlib.Analysis.Meromorphic.TrailingCoefficient (6.2s)
✔ [5125/5165] Built Mathlib.Data.Fintype.Parity (1.9s)
✔ [5126/5165] Built Mathlib.Analysis.Complex.UpperHalfPlane.Exp (4.3s)
✔ [5127/5165] Built Mathlib.Analysis.Meromorphic.Divisor (6.6s)
✔ [5128/5169] Built Mathlib.Order.Interval.Set.IsoIoo (2.7s)
✔ [5129/5169] Built Mathlib.Geometry.Manifold.MFDeriv.FDeriv (3.9s)
✔ [5130/5169] Built Mathlib.Geometry.Manifold.Algebra.Monoid (9.6s)
✔ [5131/5169] Built Mathlib.Analysis.Meromorphic.NormalForm (5.4s)
✔ [5132/5172] Built Mathlib.Analysis.Complex.UpperHalfPlane.MoebiusAction (8.2s)
✔ [5133/5172] Built Mathlib.Topology.TietzeExtension (5.7s)
✔ [5134/5174] Built Mathlib.Analysis.SpecialFunctions.Trigonometric.DerivHyp (8.0s)
✔ [5135/5174] Built Mathlib.Geometry.Euclidean.Inversion.Basic (5.0s)
✔ [5136/5175] Built Mathlib.Analysis.Normed.Module.Ball.Action (18s)
✔ [5137/5175] Built Mathlib.Geometry.Manifold.Algebra.LieGroup (5.6s)
✔ [5138/5176] Built Mathlib.Geometry.Manifold.VectorBundle.Basic (12s)
✔ [5139/5176] Built Mathlib.Analysis.Complex.UpperHalfPlane.Topology (3.8s)
✔ [5140/5176] Built Mathlib.Analysis.Meromorphic.FactorizedRational (6.6s)
✔ [5141/5176] Built Mathlib.Analysis.ConstantSpeed (3.6s)
✔ [5142/5178] Built Mathlib.Analysis.SpecialFunctions.Arsinh (4.6s)
✔ [5143/5178] Built Mathlib.Analysis.Convex.AmpleSet (3.8s)
✔ [5144/5178] Built Mathlib.Analysis.Complex.Tietze (5.7s)
✔ [5145/5178] Built Mathlib.Geometry.Manifold.Algebra.Structures (3.7s)
✔ [5146/5179] Built Mathlib.Analysis.Complex.UnitDisc.Basic (6.1s)
✔ [5147/5179] Built Mathlib.Data.List.Triplewise (1.6s)
✔ [5148/5180] Built Mathlib.Analysis.CStarAlgebra.ContinuousFunctionalCalculus.Basic (21s)
✔ [5149/5180] Built Mathlib.Analysis.Complex.UpperHalfPlane.FunctionsBoundedAtInfty (3.7s)
✔ [5150/5180] Built Mathlib.Analysis.SpecialFunctions.Integrability.LogMeromorphic (5.6s)
✔ [5151/5183] Built Mathlib.Combinatorics.Hall.Finite (3.2s)
✔ [5152/5183] Built Mathlib.Analysis.Convex.Extreme (4.2s)
✔ [5153/5183] Built Mathlib.Analysis.Complex.UpperHalfPlane.Metric (6.5s)
✔ [5154/5189] Built Mathlib.Analysis.Complex.UpperHalfPlane.Manifold (6.1s)
✔ [5155/5190] Built Mathlib.Geometry.Manifold.VectorBundle.SmoothSection (11s)
✔ [5156/5190] Built Mathlib.Data.PEquiv (3.0s)
✔ [5157/5190] Built Mathlib.Analysis.CStarAlgebra.SpecialFunctions.PosPart (8.1s)
✔ [5158/5190] Built Mathlib.Topology.Category.TopCat.Limits.Konig (3.6s)
✔ [5159/5190] Built Mathlib.Analysis.Complex.ValueDistribution.Proximity.Basic (5.6s)
✔ [5160/5194] Built Mathlib.Analysis.Convex.Between (12s)
✔ [5161/5194] Built Mathlib.Analysis.SpecialFunctions.Integrals.LogTrigonometric (6.8s)
✔ [5162/5194] Built Mathlib.CategoryTheory.CofilteredSystem (3.3s)
✔ [5163/5194] Built Mathlib.Analysis.Convex.Caratheodory (4.4s)
✔ [5164/5196] Built Mathlib.Data.Matrix.PEquiv (4.4s)
✔ [5165/5197] Built Mathlib.Geometry.Convex.Cone.Pointed (5.2s)
✔ [5166/5197] Built Mathlib.Topology.Algebra.Order.Module (3.1s)
✔ [5167/5197] Built Mathlib.Analysis.Convex.Body (7.4s)
✔ [5168/5200] Built Mathlib.Combinatorics.Hall.Basic (3.4s)
✔ [5169/5201] Built Mathlib.Analysis.Convex.BetweenList (7.7s)
✔ [5170/5202] Built Mathlib.Analysis.Convex.Cone.Closure (3.5s)
✔ [5171/5202] Built Mathlib.Analysis.SpecialFunctions.Integrals.PosLogEqCircleAverage (6.2s)
✔ [5172/5203] Built Mathlib.Geometry.Manifold.PartitionOfUnity (11s)
✔ [5173/5203] Built Mathlib.LinearAlgebra.Matrix.Permutation (5.0s)
✔ [5174/5204] Built Mathlib.Analysis.Convex.ContinuousLinearEquiv (3.1s)
✔ [5175/5204] Built Mathlib.Geometry.Convex.Cone.Dual (6.7s)
✔ [5176/5205] Built Mathlib.Analysis.Normed.Affine.Convex (5.6s)
✔ [5177/5205] Built Mathlib.Analysis.Convex.Exposed (3.7s)
✔ [5178/5206] Built Mathlib.Analysis.Convex.Extrema (3.7s)
✔ [5179/5206] Built Mathlib.Analysis.Convex.Cone.Basic (4.8s)
✔ [5180/5207] Built Mathlib.Analysis.Convex.Independent (2.8s)
✔ [5181/5207] Built Mathlib.Analysis.Distribution.AEEqOfIntegralContDiff (5.6s)
✔ [5182/5208] Built Mathlib.Analysis.Convex.GaugeRescale (4.0s)
✔ [5183/5208] Built Mathlib.Analysis.Convex.DoublyStochasticMatrix (4.9s)
✔ [5184/5209] Built Mathlib.Analysis.CStarAlgebra.ContinuousFunctionalCalculus.Order (24s)
✔ [5185/5209] Built Mathlib.Analysis.Complex.JensenFormula (7.9s)
✔ [5186/5210] Built Mathlib.Analysis.Convex.Continuous (6.1s)
✔ [5187/5210] Built Mathlib.Analysis.Convex.Integral (6.0s)
✔ [5188/5210] Built Mathlib.Analysis.Convex.Intrinsic (5.7s)
✔ [5189/5210] Built Mathlib.Analysis.Convex.KreinMilman (4.1s)
✔ [5190/5210] Built Mathlib.Analysis.Convex.Join (5.9s)
✔ [5191/5210] Built Mathlib.Analysis.Convex.Cone.Dual (8.4s)
✔ [5192/5210] Built Mathlib.Analysis.Convex.Birkhoff (7.2s)
✔ [5193/5211] Built Mathlib.Analysis.Calculus.Rademacher (9.0s)
✔ [5194/5211] Built Mathlib.Analysis.CStarAlgebra.Hom (6.6s)
✔ [5195/5212] Built Mathlib.Analysis.CStarAlgebra.PositiveLinearMap (7.1s)
✔ [5196/5213] Built Mathlib.Analysis.CStarAlgebra.Unitary.Span (8.0s)
✔ [5197/5213] Built Mathlib.Analysis.Convex.LinearIsometry (3.7s)
✔ [5198/5213] Built Mathlib.Analysis.CStarAlgebra.Module.Defs (9.0s)
✔ [5199/5214] Built Mathlib.Analysis.Convex.Measure (4.2s)
✔ [5200/5214] Built Mathlib.Analysis.CStarAlgebra.Unitary.Connected (13s)
✔ [5201/5215] Built Mathlib.Analysis.Convex.Piecewise (4.7s)
✔ [5202/5216] Built Mathlib.Analysis.Convex.Cone.InnerDual (6.1s)
✔ [5203/5217] Built Mathlib.Analysis.Convex.Radon (4.4s)
✔ [5204/5218] Built Mathlib.Analysis.Convex.Quasiconvex (5.1s)
✔ [5205/5219] Built Mathlib.Analysis.Complex.ValueDistribution.LogCounting.Basic (10s)
✔ [5206/5220] Built Mathlib.Analysis.Convex.SimplicialComplex.Basic (3.6s)
✔ [5207/5220] Built Mathlib.Analysis.Convex.SpecificFunctions.Pow (3.4s)
✔ [5208/5221] Built Mathlib.Analysis.CStarAlgebra.GelfandNaimarkSegal (11s)
✔ [5209/5222] Built Mathlib.Analysis.Convex.StoneSeparation (4.1s)
✔ [5210/5222] Built Mathlib.Analysis.Complex.ValueDistribution.CharacteristicFunction (4.7s)
✔ [5211/5222] Built Mathlib.Analysis.CStarAlgebra.Module.Constructions (10s)
✔ [5212/5224] Built Mathlib.Analysis.Convex.StrictConvexBetween (4.1s)
✔ [5213/5225] Built Mathlib.Analysis.Convex.Strong (5.3s)
✔ [5214/5227] Built Mathlib.Analysis.Convex.StrictCombination (8.4s)
✔ [5215/5230] Built Mathlib.Analysis.Convex.Side (14s)
✔ [5216/5234] Built Mathlib.Analysis.Complex.ValueDistribution.FirstMainTheorem (4.0s)
✔ [5217/5234] Built Mathlib.Analysis.Normed.Group.ZeroAtInfty (3.2s)
✔ [5218/5238] Built Mathlib.Analysis.Convex.Visible (8.9s)
✔ [5219/5240] Built Mathlib.Tactic.MoveAdd (2.1s)
✔ [5220/5243] Built Mathlib.Geometry.Manifold.Notation (5.5s)
✔ [5221/5243] Built Mathlib.MeasureTheory.Function.StronglyMeasurable.Inner (3.0s)
✔ [5222/5244] Built Mathlib.Analysis.CStarAlgebra.ApproximateUnit (28s)
✔ [5223/5244] Built Mathlib.MeasureTheory.Integral.Layercake (5.8s)
✔ [5224/5244] Built Mathlib.MeasureTheory.Function.LpSpace.ContinuousFunctions (6.8s)
✔ [5225/5246] Built Mathlib.Geometry.Manifold.SmoothApprox (3.9s)
✔ [5226/5246] Built Mathlib.Analysis.Fourier.Notation (3.0s)
✔ [5227/5249] Built Mathlib.Analysis.SpecialFunctions.JapaneseBracket (4.0s)
✔ [5228/5251] Built Mathlib.MeasureTheory.Function.ContinuousMapDense (5.3s)
✔ [5229/5256] Built Mathlib.MeasureTheory.Integral.PeakFunction (8.1s)
✔ [5230/5256] Built Mathlib.MeasureTheory.Measure.Lebesgue.Integral (4.9s)
✔ [5231/5256] Built Mathlib.MeasureTheory.Function.L2Space (7.2s)
✔ [5232/5257] Built Mathlib.Analysis.CStarAlgebra.CStarMatrix (19s)
✔ [5233/5257] Built Mathlib.Analysis.InnerProductSpace.l2Space (12s)
✔ [5234/5258] Built Mathlib.MeasureTheory.Integral.Asymptotics (3.8s)
✔ [5235/5260] Built Mathlib.Analysis.Normed.Lp.SmoothApprox (4.2s)
✔ [5236/5260] Built Mathlib.MeasureTheory.Integral.Pi (4.8s)
✔ [5237/5260] Built Mathlib.Analysis.SpecialFunctions.PolarCoord (6.6s)
✔ [5238/5261] Built Mathlib.Analysis.SpecialFunctions.ImproperIntegrals (5.9s)
✔ [5239/5263] Built Mathlib.Analysis.Fourier.FourierTransform (11s)
✔ [5240/5263] Built Mathlib.MeasureTheory.Integral.ExpDecay (3.8s)
✔ [5241/5265] Built Mathlib.Analysis.CStarAlgebra.CompletelyPositiveMap (8.7s)
✔ [5242/5267] Built Mathlib.Analysis.Fourier.AddCircle (8.9s)
✔ [5243/5267] Built Mathlib.Analysis.Distribution.TemperateGrowth (14s)
✔ [5244/5268] Built Mathlib.Analysis.Fourier.BoundedContinuousFunctionChar (6.4s)
✔ [5245/5268] Built Mathlib.Topology.Algebra.Module.PointwiseConvergence (8.8s)
✔ [5246/5270] Built Mathlib.Analysis.Distribution.ContDiffMapSupportedIn (35s)
✔ [5247/5271] Built Mathlib.Analysis.SpecialFunctions.Gamma.Basic (6.4s)
✔ [5248/5271] Built Mathlib.Analysis.RCLike.Inner (6.1s)
✔ [5249/5271] Built Mathlib.GroupTheory.FiniteAbelian.Basic (4.6s)
✔ [5250/5271] Built Mathlib.MeasureTheory.Function.Holder (14s)
✔ [5251/5272] Built Mathlib.Analysis.Fourier.AddCircleMulti (7.5s)
✔ [5252/5272] Built Mathlib.Analysis.SpecialFunctions.Gaussian.GaussianIntegral (5.0s)
✔ [5253/5273] Built Mathlib.Data.PNat.Prime (2.8s)
✔ [5254/5274] Built Mathlib.Analysis.Fourier.FiniteAbelian.Orthogonality (4.5s)
✔ [5255/5274] Built Mathlib.NumberTheory.ArithmeticFunction.Moebius (4.1s)
✔ [5256/5278] Built Mathlib.Analysis.Fourier.RiemannLebesgueLemma (8.2s)
✔ [5257/5282] Built Mathlib.Analysis.Distribution.TestFunction (13s)
✔ [5258/5282] Built Mathlib.Tactic.Qify (2.2s)
✔ [5259/5282] Built Mathlib.Topology.ContinuousMap.Periodic (13s)
✔ [5260/5284] Built Mathlib.RingTheory.RootsOfUnity.PrimitiveRoots (7.4s)
✔ [5261/5288] Built Mathlib.Tactic.Rify (2.5s)
✔ [5262/5288] Built Mathlib.Analysis.Distribution.Distribution (4.4s)
✔ [5263/5289] Built Mathlib.Data.ZMod.ValMinAbs (3.7s)
✔ [5264/5289] Built Mathlib.Analysis.Fourier.FiniteAbelian.PontryaginDuality (6.8s)
✔ [5265/5289] Built Mathlib.Analysis.SpecialFunctions.Gaussian.FourierTransform (12s)
✔ [5266/5291] Built Mathlib.Topology.Algebra.Group.ClosedSubgroup (2.9s)
✔ [5267/5291] Built Mathlib.RingTheory.RootsOfUnity.Complex (4.6s)
✔ [5268/5291] Built Mathlib.FieldTheory.Galois.GaloisClosure (5.8s)
✔ [5269/5296] Built Mathlib.RingTheory.Adjoin.PowerBasis (5.3s)
✔ [5270/5296] Built Mathlib.FieldTheory.KrullTopology (7.5s)
✔ [5271/5300] Built Mathlib.Data.Nat.MaxPowDiv (2.8s)
✔ [5272/5300] Built Mathlib.FieldTheory.Finite.Basic (8.1s)
✔ [5273/5303] Built Mathlib.RingTheory.Norm.Basic (5.1s)
✔ [5274/5303] Built Mathlib.Analysis.Fourier.Inversion (7.1s)
✔ [5275/5303] Built Mathlib.RingTheory.Polynomial.Cyclotomic.Basic (7.8s)
✔ [5276/5310] Built Mathlib.NumberTheory.Padics.PadicVal.Basic (4.5s)
✔ [5277/5310] Built Mathlib.Data.ZMod.Units (3.4s)
✔ [5278/5311] Built Mathlib.RingTheory.RootsOfUnity.Minpoly (4.6s)
✔ [5279/5311] Built Mathlib.FieldTheory.Galois.Infinite (9.3s)
✔ [5280/5311] Built Mathlib.Data.Int.Range (2.1s)
✔ [5281/5316] Built Mathlib.RingTheory.RootsOfUnity.EnoughRootsOfUnity (3.3s)
✔ [5282/5317] Built Mathlib.RingTheory.Norm.Transitivity (6.9s)
✔ [5283/5317] Built Mathlib.NumberTheory.MulChar.Basic (5.1s)
✔ [5284/5317] Built Mathlib.RingTheory.Polynomial.Cyclotomic.Roots (3.0s)
✔ [5285/5317] Built Mathlib.Analysis.Fourier.FourierTransformDeriv (38s)
✔ [5286/5319] Built Mathlib.FieldTheory.Galois.Abelian (3.7s)
✔ [5287/5319] Built Mathlib.Order.Grade (2.0s)
✔ [5288/5319] Built Mathlib.Analysis.InnerProductSpace.NormPow (5.3s)
✔ [5289/5319] Built Mathlib.Analysis.Hofer (3.8s)
✔ [5290/5319] Built Mathlib.Analysis.InnerProductSpace.Affine (3.5s)
✔ [5291/5319] Built Mathlib.NumberTheory.LegendreSymbol.ZModChar (3.5s)
✔ [5292/5320] Built Mathlib.NumberTheory.DirichletCharacter.Basic (4.1s)
✔ [5293/5322] Built Mathlib.RingTheory.Polynomial.Cyclotomic.Expand (4.3s)
✔ [5294/5326] Built Mathlib.FieldTheory.Finite.GaloisField (5.8s)
✔ [5295/5327] Built Mathlib.Data.Finset.Grade (2.8s)
✔ [5296/5327] Built Mathlib.LinearAlgebra.Matrix.DotProduct (3.7s)
✔ [5297/5327] Built Mathlib.RingTheory.Polynomial.Cyclotomic.Eval (7.6s)
✔ [5298/5327] Built Mathlib.LinearAlgebra.Matrix.ZPow (4.8s)
✔ [5299/5330] Built Mathlib.FieldTheory.Finite.Trace (4.6s)
✔ [5300/5332] Built Mathlib.LinearAlgebra.Matrix.Hadamard (4.3s)
✔ [5301/5333] Built Mathlib.Data.Finset.Interval (3.6s)
✔ [5302/5333] Built Mathlib.Analysis.InnerProductSpace.Harmonic.Analytic (3.9s)
✔ [5303/5333] Built Mathlib.Data.Fin.Tuple.Sort (2.9s)
✔ [5304/5333] Built Mathlib.LinearAlgebra.Matrix.Hermitian (4.8s)
✔ [5305/5336] Built Mathlib.LinearAlgebra.Matrix.Vec (3.3s)
✔ [5306/5336] Built Mathlib.Analysis.Distribution.SchwartzSpace.Basic (51s)
✔ [5307/5336] Built Mathlib.Analysis.InnerProductSpace.Rayleigh (6.9s)
✔ [5308/5336] Built Mathlib.Analysis.InnerProductSpace.Semisimple (3.0s)
✔ [5309/5336] Built Mathlib.NumberTheory.Cyclotomic.Basic (16s)
✔ [5310/5340] Built Mathlib.Analysis.InnerProductSpace.LaxMilgram (5.4s)
✔ [5311/5340] Built Mathlib.Topology.Algebra.Module.LinearPMap (5.6s)
✔ [5312/5340] Built Mathlib.LinearAlgebra.Matrix.PosDef (7.5s)
✔ [5313/5340] Built Mathlib.RingTheory.RootsOfUnity.AlgebraicallyClosed (4.6s)
✔ [5314/5342] Built Mathlib.Dynamics.BirkhoffSum.Basic (2.2s)
✔ [5315/5343] Built Mathlib.Analysis.InnerProductSpace.ProdL2 (10s)
✔ [5316/5343] Built Mathlib.Analysis.InnerProductSpace.Spectrum (8.5s)
✔ [5317/5343] Built Mathlib.Dynamics.BirkhoffSum.Average (2.4s)
✔ [5318/5343] Built Mathlib.Analysis.InnerProductSpace.TensorProduct (24s)
✔ [5319/5345] Built Mathlib.Analysis.InnerProductSpace.GramMatrix (3.9s)
✔ [5320/5346] Built Mathlib.LinearAlgebra.Basis.MulOpposite (3.2s)
✔ [5321/5346] Built Mathlib.NumberTheory.Cyclotomic.PrimitiveRoots (7.8s)
✔ [5322/5346] Built Mathlib.Analysis.FunctionalSpaces.SobolevInequality (17s)
✔ [5323/5347] Built Mathlib.Analysis.Distribution.SchwartzSpace.Deriv (14s)
✔ [5324/5347] Built Mathlib.Dynamics.BirkhoffSum.NormedSpace (3.5s)
✔ [5325/5348] Built Mathlib.Analysis.InnerProductSpace.JointEigenspace (4.9s)
✔ [5326/5348] Built Mathlib.Analysis.Matrix.Hermitian (3.8s)
✔ [5327/5348] Built Mathlib.Analysis.InnerProductSpace.MulOpposite (3.4s)
✔ [5328/5348] Built Mathlib.Analysis.InnerProductSpace.Projection (2.9s)
✔ [5329/5350] Built Mathlib.Analysis.InnerProductSpace.OfNorm (7.7s)
✔ [5330/5350] Built Mathlib.Analysis.InnerProductSpace.LinearPMap (9.3s)
✔ [5331/5353] Built Mathlib.NumberTheory.LegendreSymbol.AddCharacter (5.4s)
✔ [5332/5353] Built Mathlib.Analysis.InnerProductSpace.MeanErgodic (4.5s)
✔ [5333/5355] Built Mathlib.Analysis.Distribution.SchwartzSpace (3.4s)
✔ [5334/5355] Built Mathlib.Analysis.InnerProductSpace.Trace (4.0s)
✔ [5335/5355] Built Mathlib.LinearAlgebra.Complex.Orientation (2.6s)
✔ [5336/5356] Built Mathlib.Analysis.LocallyConvex.AbsConvexOpen (4.2s)
✔ [5337/5356] Built Mathlib.Analysis.InnerProductSpace.Coalgebra (13s)
✔ [5338/5356] Built Mathlib.Analysis.LocallyConvex.Barrelled (4.5s)
✔ [5339/5358] Built Mathlib.NumberTheory.GaussSum (6.7s)
✔ [5340/5359] Built Mathlib.Analysis.SpecialFunctions.Complex.CircleAddChar (6.0s)
✔ [5341/5360] Built Mathlib.Analysis.LocallyConvex.WeakOperatorTopology (8.2s)
✔ [5342/5361] Built Mathlib.Analysis.LocallyConvex.ContinuousOfBounded (4.7s)
✔ [5343/5361] Built Mathlib.Analysis.InnerProductSpace.Positive (11s)
✔ [5344/5361] Built Mathlib.Analysis.LocallyConvex.StrongTopology (3.3s)
✔ [5345/5361] Built Mathlib.NumberTheory.DirichletCharacter.GaussSum (4.4s)
✔ [5346/5362] Built Mathlib.Analysis.LocallyConvex.Montel (5.4s)
✔ [5347/5362] Built Mathlib.Analysis.InnerProductSpace.WeakOperatorTopology (3.2s)
✔ [5348/5363] Built Mathlib.Analysis.LocallyConvex.WeakDual (4.9s)
✔ [5349/5366] Built Mathlib.Analysis.Matrix (3.1s)
✔ [5350/5366] Built Mathlib.Analysis.Distribution.SchwartzSpace.Fourier (17s)
✔ [5351/5368] Built Mathlib.Analysis.LocallyConvex.WeakSpace (6.4s)
✔ [5352/5368] Built Mathlib.LinearAlgebra.Matrix.Charpoly.Eigs (3.1s)
✔ [5353/5368] Built Mathlib.Analysis.LocallyConvex.PointwiseConvergence (5.8s)
✔ [5354/5368] Built Mathlib.LinearAlgebra.Eigenspace.Matrix (4.8s)
✔ [5355/5369] Built Mathlib.Analysis.InnerProductSpace.TwoDim (13s)
✔ [5356/5372] Built Mathlib.Analysis.InnerProductSpace.StarOrder (6.8s)
✔ [5357/5374] Built Mathlib.Analysis.Fourier.ZMod (7.2s)
✔ [5358/5377] Built Mathlib.Analysis.Fourier.PoissonSummation (5.9s)
✔ [5359/5377] Built Mathlib.LinearAlgebra.Matrix.Rank (6.9s)
✔ [5360/5377] Built Mathlib.Analysis.Distribution.FourierSchwartz (3.8s)
✔ [5361/5381] Built Mathlib.Analysis.SpecialFunctions.ContinuousFunctionalCalculus.Rpow.Isometric (5.5s)
✔ [5362/5383] Built Mathlib.Analysis.SpecificLimits.RCLike (3.2s)
✔ [5363/5383] Built Mathlib.Analysis.MellinTransform (7.4s)
✔ [5364/5383] Built Mathlib.Analysis.RCLike.Sqrt (9.6s)
✔ [5365/5385] Built Mathlib.Analysis.SpecialFunctions.Trigonometric.EulerSineProd (6.5s)
✔ [5366/5386] Built Mathlib.Analysis.Matrix.Spectrum (8.1s)
✔ [5367/5387] Built Mathlib.Analysis.SpecialFunctions.Gamma.Deriv (5.5s)
✔ [5368/5387] Built Mathlib.Analysis.Fourier.Convolution (16s)
✔ [5369/5387] Built Mathlib.Topology.Algebra.AsymptoticCone (6.7s)
✔ [5370/5387] Built Mathlib.Analysis.MellinInversion (6.8s)
✔ [5371/5388] Built Mathlib.LinearAlgebra.AffineSpace.Ceva (6.7s)
✔ [5372/5388] Built Mathlib.Analysis.SpecialFunctions.Complex.LogBounds (12s)
✔ [5373/5388] Built Mathlib.Analysis.Matrix.PosDef (5.2s)
✔ [5374/5388] Built Mathlib.Analysis.SpecialFunctions.ContinuousFunctionalCalculus.Abs (15s)
✔ [5375/5388] Built Mathlib.Analysis.Normed.Affine.ContinuousAffineMap (6.4s)
✔ [5376/5391] Built Mathlib.Analysis.SpecialFunctions.Gamma.BohrMollerup (5.9s)
✔ [5377/5391] Built Mathlib.Analysis.Normed.Affine.MazurUlam (4.6s)
✔ [5378/5394] Built Mathlib.Analysis.Normed.Affine.AsymptoticCone (4.4s)
✔ [5379/5394] Built Mathlib.Analysis.Matrix.HermitianFunctionalCalculus (7.2s)
✔ [5380/5397] Built Mathlib.Analysis.Distribution.TemperedDistribution (24s)
✔ [5381/5397] Built Mathlib.Analysis.Normed.Affine.Ceva (3.5s)
✔ [5382/5397] Built Mathlib.Analysis.Normed.Affine.Simplex (5.1s)
✔ [5383/5397] Built Mathlib.Analysis.Matrix.LDL (4.7s)
✔ [5384/5397] Built Mathlib.Topology.Instances.TrivSqZeroExt (3.9s)
✔ [5385/5397] Built Mathlib.Analysis.Polynomial.Factorization (3.0s)
✔ [5386/5403] Built Mathlib.Analysis.Normed.Algebra.MatrixExponential (5.2s)
✔ [5387/5404] Built Mathlib.Analysis.SpecialFunctions.Gamma.Beta (6.6s)
✔ [5388/5405] Built Mathlib.Analysis.SpecialFunctions.Trigonometric.Series (4.7s)
✔ [5389/5405] Built Mathlib.Topology.MetricSpace.Ultra.Basic (3.0s)
✔ [5390/5406] Built Mathlib.Analysis.Quaternion (7.0s)
✔ [5391/5406] Built Mathlib.Analysis.Normed.Field.Instances (4.3s)
✔ [5392/5407] Built Mathlib.Analysis.Normed.Group.CocompactMap (2.9s)
✔ [5393/5407] Built Mathlib.Analysis.Normed.Field.ProperSpace (3.4s)
✔ [5394/5408] Built Mathlib.Analysis.Meromorphic.Complex (4.2s)
✔ [5395/5409] Built Mathlib.Analysis.Normed.Algebra.GelfandMazur (8.5s)
✔ [5396/5410] Built Mathlib.Analysis.Normed.Group.Completeness (2.7s)
✔ [5397/5411] Built Mathlib.Analysis.Normed.Group.Ultra (4.4s)
✔ [5398/5414] Built Mathlib.Analysis.Matrix.Order (14s)
✔ [5399/5415] Built Mathlib.Analysis.Normed.Algebra.QuaternionExponential (4.7s)
✔ [5400/5416] Built Mathlib.Analysis.Normed.Group.HomCompletion (3.9s)
✔ [5401/5417] Built Mathlib.Analysis.Normed.Group.ControlledClosure (4.5s)
✔ [5402/5418] Built Mathlib.Analysis.Fourier.LpSpace (14s)
✔ [5403/5418] Built Mathlib.Analysis.Normed.Ring.Ultra (2.7s)
✔ [5404/5418] Built Mathlib.Analysis.Normed.Algebra.TrivSqZeroExt (14s)
✔ [5405/5420] Built Mathlib.Topology.Algebra.SeparationQuotient.Hom (2.5s)
✔ [5406/5420] Built Mathlib.Analysis.Normed.Module.ENormedSpace (2.6s)
✔ [5407/5422] Built Mathlib.Analysis.Normed.Group.Tannery (3.4s)
✔ [5408/5422] Built Mathlib.Analysis.Normed.Group.SemiNormedGrp (5.3s)
✔ [5409/5422] Built Mathlib.Analysis.Normed.Field.Ultra (3.1s)
✔ [5410/5422] Built Mathlib.Analysis.Normed.Module.Ball.RadialEquiv (4.7s)
✔ [5411/5422] Built Mathlib.Analysis.Normed.Algebra.DualNumber (3.7s)
✔ [5412/5426] Built Mathlib.Analysis.Normed.Lp.LpEquiv (5.9s)
✔ [5413/5429] Built Mathlib.Topology.Algebra.InfiniteSum.Field (2.0s)
✔ [5414/5430] Built Mathlib.Topology.Algebra.IsUniformGroup.Order (2.9s)
✔ [5415/5431] Built Mathlib.Analysis.Normed.Module.MStructure (5.3s)
✔ [5416/5432] Built Mathlib.Analysis.Normed.Group.SeparationQuotient (3.8s)
✔ [5417/5433] Built Mathlib.Analysis.Normed.Group.SemiNormedGrp.Completion (3.5s)
✔ [5418/5434] Built Mathlib.Analysis.Normed.Algebra.Ultra (2.7s)
✔ [5419/5435] Built Mathlib.Topology.MetricSpace.TransferInstance (2.6s)
✔ [5420/5435] Built Mathlib.LinearAlgebra.Multilinear.TensorProduct (3.2s)
✔ [5421/5437] Built Mathlib.Analysis.Normed.Group.SemiNormedGrp.Kernels (4.7s)
✔ [5422/5438] Built Mathlib.Analysis.Normed.Operator.BanachSteinhaus (3.4s)
✔ [5423/5438] Built Mathlib.Analysis.SpecialFunctions.Log.Summable (4.7s)
✔ [5424/5440] Built Mathlib.Analysis.Normed.Order.Basic (2.8s)
✔ [5425/5440] Built Mathlib.Analysis.Normed.Order.Hom.Basic (3.1s)
✔ [5426/5441] Built Mathlib.Analysis.Normed.Module.TransferInstance (3.2s)
✔ [5427/5444] Built Mathlib.Topology.Algebra.Order.UpperLower (2.6s)
✔ [5428/5444] Built Mathlib.Analysis.Normed.Operator.Compact (6.8s)
✔ [5429/5445] Built Mathlib.Analysis.Normed.Ring.Int (2.9s)
✔ [5430/5450] Built Mathlib.Analysis.Normed.Order.Hom.Ultra (2.7s)
✔ [5431/5451] Built Mathlib.Analysis.Normed.Module.Shrink (2.0s)
✔ [5432/5453] Built Mathlib.Analysis.Normed.Order.UpperLower (4.3s)
✔ [5433/5453] Built Mathlib.Analysis.Normed.Unbundled.RingSeminorm (5.9s)
✔ [5434/5453] Built Mathlib.Topology.Algebra.Order.LiminfLimsup (4.1s)
✔ [5435/5453] Built Mathlib.Analysis.Normed.Module.MultipliableUniformlyOn (6.9s)
✔ [5436/5453] Built Mathlib.Analysis.NormedSpace.Alternating.Basic (3.4s)
✔ [5437/5454] Built Mathlib.Analysis.NormedSpace.Alternating.Curry (3.1s)
✔ [5438/5454] Built Mathlib.Analysis.NormedSpace.BallAction (2.8s)
✔ [5439/5455] Built Mathlib.Analysis.NormedSpace.Alternating.Uncurry.Fin (2.0s)
✔ [5440/5456] Built Mathlib.Analysis.NormedSpace.ConformalLinearMap (2.6s)
✔ [5441/5457] Built Mathlib.Analysis.Normed.Unbundled.SeminormFromBounded (4.5s)
✔ [5442/5458] Built Mathlib.Analysis.Normed.Unbundled.SeminormFromConst (5.4s)
✔ [5443/5459] Built Mathlib.Analysis.Normed.Unbundled.AlgebraNorm (5.1s)
✔ [5444/5460] Built Mathlib.Analysis.NormedSpace.Connected (3.2s)
✔ [5445/5460] Built Mathlib.LinearAlgebra.PiTensorProduct (15s)
✔ [5446/5461] Built Mathlib.Analysis.NormedSpace.DualNumber (3.7s)
✔ [5447/5461] Built Mathlib.Analysis.NormedSpace.ENormedSpace (2.8s)
✔ [5448/5462] Built Mathlib.Analysis.NormedSpace.Extr (2.6s)
✔ [5449/5463] Built Mathlib.Analysis.NormedSpace.Extend (2.9s)
✔ [5450/5464] Built Mathlib.Analysis.NormedSpace.FunctionSeries (2.8s)
✔ [5451/5466] Built Mathlib.Analysis.Normed.Unbundled.SmoothingSeminorm (7.1s)
✔ [5452/5466] Built Mathlib.Analysis.NormedSpace.HahnBanach.Extension (2.8s)
✔ [5453/5467] Built Mathlib.Analysis.Normed.Unbundled.IsPowMulFaithful (3.9s)
✔ [5454/5467] Built Mathlib.Analysis.NormedSpace.HahnBanach.SeparatingDual (2.6s)
✔ [5455/5468] Built Mathlib.Analysis.NormedSpace.HahnBanach.Separation (2.6s)
✔ [5456/5469] Built Mathlib.Analysis.NormedSpace.HomeomorphBall (2.4s)
✔ [5457/5470] Built Mathlib.Analysis.NormedSpace.IndicatorFunction (2.3s)
✔ [5458/5471] Built Mathlib.Analysis.NormedSpace.Int (2.4s)
✔ [5459/5472] Built Mathlib.Analysis.NormedSpace.MStructure (2.4s)
✔ [5460/5473] Built Mathlib.Analysis.NormedSpace.Multilinear.Basic (2.4s)
✔ [5461/5474] Built Mathlib.Analysis.NormedSpace.Multilinear.Curry (2.6s)
✔ [5462/5475] Built Mathlib.Analysis.Normed.Module.PiTensorProduct.ProjectiveSeminorm (6.9s)
✔ [5463/5476] Built Mathlib.Analysis.NormedSpace.Normalize (2.6s)
✔ [5464/5476] Built Mathlib.Analysis.NormedSpace.MultipliableUniformlyOn (3.2s)
✔ [5465/5477] Built Mathlib.Analysis.NormedSpace.OperatorNorm.Asymptotics (2.7s)
✔ [5466/5478] Built Mathlib.Analysis.NormedSpace.OperatorNorm.Basic (2.6s)
✔ [5467/5479] Built Mathlib.Analysis.Normed.Unbundled.FiniteExtension (5.6s)
✔ [5468/5479] Built Mathlib.Analysis.NormedSpace.OperatorNorm.Bilinear (2.5s)
✔ [5469/5480] Built Mathlib.Analysis.NormedSpace.OperatorNorm.Completeness (2.3s)
✔ [5470/5481] Built Mathlib.Analysis.NormedSpace.OperatorNorm.Mul (2.2s)
✔ [5471/5482] Built Mathlib.Analysis.NormedSpace.OperatorNorm.NNNorm (2.4s)
✔ [5472/5483] Built Mathlib.Analysis.NormedSpace.OperatorNorm.NormedSpace (2.4s)
✔ [5473/5484] Built Mathlib.Analysis.NormedSpace.OperatorNorm.Prod (2.4s)
✔ [5474/5485] Built Mathlib.Analysis.NormedSpace.PiTensorProduct.InjectiveSeminorm (2.4s)
✔ [5475/5486] Built Mathlib.Analysis.Normed.Operator.ContinuousAlgEquiv (29s)
✔ [5476/5486] Built Mathlib.Analysis.NormedSpace.PiTensorProduct.ProjectiveSeminorm (2.6s)
✔ [5477/5490] Built Mathlib.Analysis.NormedSpace.Pointwise (2.6s)
✔ [5478/5491] Built Mathlib.Analysis.NormedSpace.RCLike (2.5s)
✔ [5479/5492] Built Mathlib.Analysis.Normed.Unbundled.InvariantExtension (4.6s)
✔ [5480/5492] Built Mathlib.Analysis.NormedSpace.Real (2.3s)
✔ [5481/5493] Built Mathlib.Analysis.NormedSpace.RieszLemma (2.4s)
✔ [5482/5494] Built Mathlib.Analysis.NormedSpace.SphereNormEquiv (2.3s)
✔ [5483/5494] Built Mathlib.Dynamics.FixedPoints.Topology (1.9s)
✔ [5484/5496] Built Mathlib.Analysis.PSeriesComplex (3.4s)
✔ [5485/5497] Built Mathlib.Analysis.ODE.Gronwall (4.9s)
✔ [5486/5498] Built Mathlib.Analysis.Polynomial.Basic (4.5s)
✔ [5487/5499] Built Mathlib.Analysis.Polynomial.CauchyBound (5.4s)
✔ [5488/5499] Built Mathlib.Topology.MetricSpace.Contracting (4.5s)
✔ [5489/5499] Built Mathlib.Analysis.Polynomial.MahlerMeasure (7.1s)
✔ [5490/5499] Built Mathlib.Order.Filter.FilterProduct (3.0s)
✔ [5491/5502] Built Mathlib.Analysis.RCLike.BoundedContinuous (6.8s)
✔ [5492/5505] Built Mathlib.Analysis.Real.OfDigits (5.7s)
✔ [5493/5506] Built Mathlib.Data.Rat.Sqrt (2.5s)
✔ [5494/5507] Built Mathlib.Analysis.Real.Pi.Chudnovsky (4.4s)
✔ [5495/5507] Built Mathlib.Analysis.Real.Pi.Bounds (6.3s)
✔ [5496/5508] Built Mathlib.Analysis.Normed.Module.PiTensorProduct.InjectiveSeminorm (18s)
✔ [5497/5509] Built Mathlib.Analysis.Real.Hyperreal (6.7s)
✔ [5498/5510] Built Mathlib.Analysis.SpecialFunctions.Complex.Arctan (5.7s)
✔ [5499/5510] Built Mathlib.Analysis.Real.Pi.Wallis (5.6s)
✔ [5500/5511] Built Mathlib.NumberTheory.Real.Irrational (5.6s)
✔ [5501/5511] Built Mathlib.Analysis.SpecialFunctions.Arcosh (5.5s)
✔ [5502/5511] Built Mathlib.Analysis.ODE.PicardLindelof (10s)
✔ [5503/5515] Built Mathlib.Analysis.Normed.Unbundled.SpectralNorm (18s)
✔ [5504/5515] Built Mathlib.Analysis.SpecialFunctions.Choose (3.4s)
✔ [5505/5518] Built Mathlib.Analysis.SpecialFunctions.Artanh (7.9s)
✔ [5506/5519] Built Mathlib.Analysis.Real.Pi.Leibniz (4.5s)
✔ [5507/5519] Built Mathlib.Analysis.SpecialFunctions.BinaryEntropy (6.6s)
✔ [5508/5523] Built Mathlib.Analysis.SpecialFunctions.CompareExp (4.1s)
✔ [5509/5523] Built Mathlib.Analysis.SpecialFunctions.ContinuousFunctionalCalculus.ExpLog (3.6s)
✔ [5510/5524] Built Mathlib.Tactic.NormNum.NatFactorial (2.8s)
✔ [5511/5524] Built Mathlib.Analysis.Real.Pi.Irrational (7.2s)
✔ [5512/5527] Built Mathlib.Analysis.SpecialFunctions.Log.RpowTendsto (6.4s)
✔ [5513/5527] Built Mathlib.Data.Int.Log (4.1s)
✔ [5514/5528] Built Mathlib.Analysis.SpecialFunctions.Log.InvLog (4.2s)
✔ [5515/5528] Built Mathlib.Analysis.SpecialFunctions.Gamma.Deligne (5.6s)
✔ [5516/5529] Built Mathlib.Analysis.SpecialFunctions.Gaussian.PoissonSummation (5.5s)
✔ [5517/5530] Built Mathlib.Analysis.SpecialFunctions.Log.Monotone (4.2s)
✔ [5518/5530] Built Mathlib.Analysis.SpecialFunctions.MulExpNegMulSq (3.0s)
✔ [5519/5533] Built Mathlib.MeasureTheory.Measure.RegularityCompacts (3.3s)
✔ [5520/5533] Built Mathlib.MeasureTheory.Integral.BoundedContinuousFunction (4.6s)
✔ [5521/5535] Built Mathlib.Analysis.SpecialFunctions.Pochhammer (3.9s)
✔ [5522/5535] Built Mathlib.Analysis.SpecialFunctions.ContinuousFunctionalCalculus.Rpow.IntegralRepresentation (12s)
✔ [5523/5535] Built Mathlib.Analysis.SpecialFunctions.Pow.Integral (4.7s)
✔ [5524/5537] Built Mathlib.Analysis.SpecialFunctions.Log.Base (5.9s)
✔ [5525/5539] Built Mathlib.MeasureTheory.Constructions.Polish.EmbeddingReal (3.7s)
✔ [5526/5539] Built Mathlib.Analysis.SpecialFunctions.Pow.NthRootLemmas (3.0s)
✔ [5527/5539] Built Mathlib.Analysis.SpecialFunctions.Trigonometric.Chebyshev.Basic (4.1s)
✔ [5528/5543] Built Mathlib.Analysis.SpecialFunctions.Stirling (5.6s)
✔ [5529/5544] Built Mathlib.Analysis.SpecialFunctions.MulExpNegMulSqIntegral (7.6s)
✔ [5530/5545] Built Mathlib.Analysis.SpecialFunctions.Sigmoid (5.6s)
✔ [5531/5545] Built Mathlib.Analysis.SpecialFunctions.ContinuousFunctionalCalculus.Rpow.Order (6.7s)
✔ [5532/5545] Built Mathlib.Analysis.SpecialFunctions.Trigonometric.Chebyshev (3.7s)
✔ [5533/5545] Built Mathlib.Order.Interval.Finset.Box (3.0s)
✔ [5534/5547] Built Mathlib.LinearAlgebra.Lagrange (7.8s)
✔ [5535/5547] Built Mathlib.NumberTheory.Niven (8.7s)
✔ [5536/5550] Built Mathlib.Topology.Algebra.InfiniteSum.TsumUniformlyOn (4.7s)
✔ [5537/5550] Built Mathlib.Analysis.SpecialFunctions.Trigonometric.InverseDeriv (4.4s)
✔ [5538/5551] Built Mathlib.Analysis.SpecificLimits.ArithmeticGeometric (4.3s)
✔ [5539/5552] Built Mathlib.Data.Int.Fib.Basic (4.4s)
✔ [5540/5553] Built Mathlib.Tactic.NormNum.NatFib (2.9s)
✔ [5541/5554] Built Mathlib.Tactic.NormNum.Prime (3.1s)
✔ [5542/5555] Built Mathlib.NumberTheory.ModularForms.EisensteinSeries.Summable (6.8s)
✔ [5543/5556] Built Mathlib.Analysis.SpecialFunctions.ContinuousFunctionalCalculus.ExpLog.Order (8.3s)
✔ [5544/5556] Built Mathlib.Analysis.SpecialFunctions.Trigonometric.Chebyshev.Extremal (5.0s)
✔ [5545/5556] Built Mathlib.Analysis.Subadditive (2.8s)
✔ [5546/5556] Built Mathlib.CategoryTheory.Abelian.CommSq (2.9s)
✔ [5547/5559] Built Mathlib.Analysis.SumIntegralComparisons (5.7s)
✔ [5548/5561] Built Mathlib.Analysis.SpecialFunctions.Trigonometric.Chebyshev.RootsExtrema (9.1s)
✔ [5549/5562] Built Mathlib.Analysis.SpecificLimits.FloorPow (8.1s)
✔ [5550/5562] Built Mathlib.NumberTheory.Real.GoldenRatio (5.3s)
✔ [5551/5566] Built Mathlib.Analysis.VonNeumannAlgebra.Basic (7.3s)
✔ [5552/5568] Built Mathlib.CategoryTheory.Preadditive.Yoneda.Projective (2.8s)
✔ [5553/5568] Built Mathlib.CategoryTheory.Preadditive.Yoneda.Limits (2.9s)
✔ [5554/5568] Built Mathlib.CategoryTheory.Generator.Preadditive (2.7s)
✔ [5555/5569] Built Mathlib.Analysis.SpecificLimits.Fibonacci (3.9s)
✔ [5556/5569] Built Mathlib.CategoryTheory.Abelian.DiagramLemmas.KernelCokernelComp (6.2s)
✔ [5557/5571] Built Mathlib.CategoryTheory.Abelian.Monomorphisms (2.2s)
✔ [5558/5574] Built Mathlib.CategoryTheory.Abelian.GrothendieckAxioms.Colim (3.1s)
✔ [5559/5574] Built Mathlib.CategoryTheory.Preadditive.Injective.LiftingProperties (2.2s)
✔ [5560/5579] Built Mathlib.Analysis.SpecialFunctions.Trigonometric.Cotangent (9.3s)
✔ [5561/5582] Built Mathlib.CategoryTheory.Abelian.Projective.Basic (2.6s)
✔ [5562/5582] Built Mathlib.CategoryTheory.Generator.Abelian (2.5s)
✔ [5563/5582] Built Mathlib.CategoryTheory.Abelian.GrothendieckCategory.Monomorphisms (2.4s)
✔ [5564/5584] Built Mathlib.CategoryTheory.MorphismProperty.IsSmall (1.9s)
✔ [5565/5584] Built Mathlib.CategoryTheory.Abelian.GrothendieckCategory.Subobject (4.5s)
✔ [5566/5584] Built Mathlib.CategoryTheory.Subobject.HasCardinalLT (2.2s)
✔ [5567/5587] Built Mathlib.CategoryTheory.Abelian.GrothendieckAxioms.FunctorCategory (2.2s)
✔ [5568/5589] Built Mathlib.CategoryTheory.SmallObject.WellOrderInductionData (4.3s)
✔ [5569/5589] Built Mathlib.CategoryTheory.SmallObject.Iteration.Basic (5.5s)
✔ [5570/5593] Built Mathlib.CategoryTheory.Abelian.Yoneda (3.4s)
✔ [5571/5593] Built Mathlib.CategoryTheory.SmallObject.Construction (5.9s)
✔ [5572/5593] Built Mathlib.CategoryTheory.Abelian.GrothendieckAxioms.Types (2.0s)
✔ [5573/5593] Built Mathlib.CategoryTheory.Limits.FunctorToTypes (2.0s)
✔ [5574/5593] Built Mathlib.CategoryTheory.Limits.FinallySmall (2.5s)
✔ [5575/5597] Built Mathlib.Analysis.SpecialFunctions.Elliptic.Weierstrass (39s)
✔ [5576/5601] Built Mathlib.CategoryTheory.Filtered.Small (3.2s)
✔ [5577/5603] Built Mathlib.CategoryTheory.Abelian.GrothendieckCategory.ColimCoyoneda (4.5s)
✔ [5578/5603] Built Mathlib.CategoryTheory.SmallObject.Iteration.FunctorOfCocone (3.7s)
✔ [5579/5604] Built Mathlib.CategoryTheory.Limits.Elements (2.7s)
✔ [5580/5610] Built Mathlib.CategoryTheory.SmallObject.TransfiniteCompositionLifting (5.1s)
✔ [5581/5614] Built Mathlib.CategoryTheory.Limits.Preserves.Yoneda (3.1s)
✔ [5582/5614] Built Mathlib.CategoryTheory.Filtered.OfColimitCommutesFiniteLimit (2.1s)
✔ [5583/5614] Built Mathlib.CategoryTheory.SmallObject.Iteration.ExtendToSucc (4.2s)
✔ [5584/5615] Built Mathlib.CategoryTheory.Limits.Preserves.Grothendieck (2.8s)
✔ [5585/5615] Built Mathlib.CategoryTheory.Limits.FunctorCategory.Filtered (2.1s)
✔ [5586/5617] Built Mathlib.CategoryTheory.Limits.Preserves.Presheaf (2.0s)
✔ [5587/5618] Built Mathlib.CategoryTheory.Limits.FunctorCategory.Shapes.Products (2.4s)
✔ [5588/5618] Built Mathlib.CategoryTheory.Comma.Presheaf.Colimit (2.6s)
✔ [5589/5619] Built Mathlib.CategoryTheory.Limits.IndYoneda (4.3s)
✔ [5590/5622] Built Mathlib.CategoryTheory.Abelian.GrothendieckAxioms.Connected (3.3s)
✔ [5591/5622] Built Mathlib.CategoryTheory.Filtered.CostructuredArrow (2.3s)
✔ [5592/5624] Built Mathlib.CategoryTheory.SmallObject.Iteration.Nonempty (3.4s)
✔ [5593/5624] Built Mathlib.CategoryTheory.Generator.Sheaf (2.3s)
✔ [5594/5625] Built Mathlib.CategoryTheory.Comma.StructuredArrow.CommaMap (5.0s)
✔ [5595/5625] Built Mathlib.CategoryTheory.Sites.Abelian (2.3s)
✔ [5596/5625] Built Mathlib.CategoryTheory.Limits.Indization.IndObject (2.8s)
✔ [5597/5625] Built Mathlib.CategoryTheory.Preadditive.Injective.Preserves (2.2s)
✔ [5598/5625] Built Mathlib.CategoryTheory.Filtered.Flat (2.1s)
✔ [5599/5629] Built Mathlib.CategoryTheory.Limits.FilteredColimitCommutesProduct (3.5s)
✔ [5600/5629] Built Mathlib.CategoryTheory.Preadditive.LiftToFinset (2.6s)
✔ [5601/5630] Built Mathlib.CategoryTheory.Preadditive.Yoneda.Injective (2.6s)
✔ [5602/5630] Built Mathlib.CategoryTheory.Abelian.GrothendieckAxioms.Sheaf (2.6s)
✔ [5603/5633] Built Mathlib.CategoryTheory.Limits.Indization.LocallySmall (2.6s)
✔ [5604/5634] Built Mathlib.CategoryTheory.SmallObject.TransfiniteIteration (3.8s)
✔ [5605/5634] Built Mathlib.CategoryTheory.Abelian.Injective.Dimension (3.7s)
✔ [5606/5636] Built Mathlib.CategoryTheory.Comma.Final (3.4s)
✔ [5607/5638] Built Mathlib.CategoryTheory.Limits.Indization.FilteredColimits (3.5s)
✔ [5608/5638] Built Mathlib.CategoryTheory.Abelian.Injective.Basic (2.9s)
✔ [5609/5639] Built Mathlib.CategoryTheory.Preadditive.Injective.Resolution (3.3s)
✔ [5610/5639] Built Mathlib.CategoryTheory.Abelian.Projective.Dimension (3.6s)
✔ [5611/5639] Built Mathlib.CategoryTheory.Abelian.Projective.Extend (3.3s)
✔ [5612/5640] Built Mathlib.CategoryTheory.Abelian.Pseudoelements (3.0s)
✔ [5613/5640] Built Mathlib.CategoryTheory.Limits.Indization.Products (2.7s)
✔ [5614/5640] Built Mathlib.CategoryTheory.Abelian.SerreClass.MorphismProperty (3.5s)
✔ [5615/5641] Built Mathlib.CategoryTheory.Limits.Indization.ParallelPair (3.9s)
✔ [5616/5641] Built Mathlib.CategoryTheory.SmallObject.IsCardinalForSmallObjectArgument (5.9s)
✔ [5617/5643] Built Mathlib.CategoryTheory.Abelian.Injective.Extend (3.2s)
✔ [5618/5643] Built Mathlib.CategoryTheory.Action.Concrete (3.3s)
✔ [5619/5644] Built Mathlib.CategoryTheory.Abelian.Injective.Resolution (4.9s)
✔ [5620/5644] Built Mathlib.CategoryTheory.Abelian.SerreClass.Bousfield (2.6s)
✔ [5621/5645] Built Mathlib.GroupTheory.SemidirectProduct (6.7s)
✔ [5622/5645] Built Mathlib.CategoryTheory.Limits.Indization.Equalizers (2.4s)
✔ [5623/5645] Built Mathlib.CategoryTheory.Monoidal.Rigid.FunctorCategory (2.0s)
✔ [5624/5645] Built Mathlib.CategoryTheory.SmallObject.Basic (2.3s)
✔ [5625/5645] Built Mathlib.CategoryTheory.Abelian.Projective.Ext (5.5s)
✔ [5626/5647] Built Mathlib.CategoryTheory.Monoidal.Rigid.OfEquivalence (2.2s)
✔ [5627/5648] Built Mathlib.CategoryTheory.Adjunction.Additive (2.8s)
✔ [5628/5648] Built Mathlib.CategoryTheory.Action.Continuous (6.8s)
✔ [5629/5648] Built Mathlib.CategoryTheory.Action (3.4s)
✔ [5630/5651] Built Mathlib.CategoryTheory.Abelian.RightDerived (4.9s)
✔ [5631/5651] Built Mathlib.CategoryTheory.Adjunction.Evaluation (4.2s)
✔ [5632/5655] Built Mathlib.CategoryTheory.Limits.Indization.Category (3.7s)
✔ [5633/5655] Built Mathlib.CategoryTheory.Abelian.Injective.Ext (5.7s)
✔ [5634/5655] Built Mathlib.CategoryTheory.Monad.Coequalizer (2.0s)
✔ [5635/5656] Built Mathlib.CategoryTheory.Bicategory.End (2.6s)
✔ [5636/5656] Built Mathlib.CategoryTheory.Adjunction.Lifting.Right (3.5s)
✔ [5637/5657] Built Mathlib.CategoryTheory.Adjunction.Triple (3.5s)
✔ [5638/5657] Built Mathlib.CategoryTheory.Adjunction.Whiskering (3.6s)
✔ [5639/5657] Built Mathlib.CategoryTheory.Preadditive.Indization (2.0s)
✔ [5640/5657] Built Mathlib.CategoryTheory.Abelian.GrothendieckCategory.EnoughInjectives (7.7s)
✔ [5641/5657] Built Mathlib.CategoryTheory.Action.Monoidal (6.9s)
✔ [5642/5657] Built Mathlib.CategoryTheory.Bicategory.EqToHom (2.5s)
✔ [5643/5657] Built Mathlib.CategoryTheory.Adjunction.Quadruple (2.5s)
✔ [5644/5657] Built Mathlib.CategoryTheory.Adjunction.Lifting.Left (3.5s)
✔ [5645/5661] Built Mathlib.CategoryTheory.Generator.Indization (2.4s)
✔ [5646/5661] Built Mathlib.CategoryTheory.Bicategory.Functor.Cat (2.8s)
✔ [5647/5669] Built Mathlib.CategoryTheory.Abelian.GrothendieckCategory.HasExt (2.5s)
✔ [5648/5669] Built Mathlib.CategoryTheory.Bicategory.Extension (4.2s)
✔ [5649/5675] Built Mathlib.CategoryTheory.Bicategory.Free (8.0s)
✔ [5650/5675] Built Mathlib.CategoryTheory.Abelian.GrothendieckCategory.Coseparator (2.3s)
✔ [5651/5677] Built Mathlib.CategoryTheory.Bicategory.Functor.Strict (1.6s)
✔ [5652/5677] Built Mathlib.CategoryTheory.Abelian.Indization (4.8s)
✔ [5653/5678] Built Mathlib.CategoryTheory.Bicategory.Kan.IsKan (2.9s)
✔ [5654/5678] Built Mathlib.CategoryTheory.Abelian.GrothendieckCategory.ModuleEmbedding.Opposite (4.9s)
✔ [5655/5679] Built Mathlib.CategoryTheory.Core (4.3s)
✔ [5656/5680] Built Mathlib.CategoryTheory.Abelian.GrothendieckAxioms.Indization (2.5s)
✔ [5657/5681] Built Mathlib.CategoryTheory.Abelian.GrothendieckCategory.ModuleEmbedding.GabrielPopescu (5.5s)
✔ [5658/5681] Built Mathlib.CategoryTheory.Bicategory.Opposites (3.7s)
✔ [5659/5681] Built Mathlib.CategoryTheory.Bicategory.Coherence (6.3s)
✔ [5660/5684] Built Mathlib.CategoryTheory.Bicategory.Functor.StrictlyUnitary (6.0s)
✔ [5661/5685] Built Mathlib.CategoryTheory.Bicategory.Strict (1.6s)
✔ [5662/5686] Built Mathlib.CategoryTheory.Bicategory.Kan.HasKan (3.7s)
✔ [5663/5686] Built Mathlib.CategoryTheory.Bicategory.SingleObj (2.5s)
✔ [5664/5687] Built Mathlib.CategoryTheory.Abelian.FreydMitchell (2.9s)
✔ [5665/5688] Built Mathlib.CategoryTheory.Bicategory.Functor.StrictPseudofunctor (3.5s)
✔ [5666/5689] Built Mathlib.CategoryTheory.Category.Cat.Colimit (2.2s)
✔ [5667/5689] Built Mathlib.CategoryTheory.Bicategory.NaturalTransformation.Lax (9.5s)
✔ [5668/5689] Built Mathlib.CategoryTheory.Sigma.Basic (3.1s)
✔ [5669/5690] Built Mathlib.CategoryTheory.Category.Cat.Op (1.0s)
✔ [5670/5690] Built Mathlib.CategoryTheory.Category.Cat.Limit (3.3s)
✔ [5671/5690] Built Mathlib.CategoryTheory.Bicategory.Kan.Adjunction (4.6s)
✔ [5672/5693] Built Mathlib.CategoryTheory.Bicategory.NaturalTransformation.Oplax (14s)
✔ [5673/5693] Built Mathlib.CategoryTheory.Category.Factorisation (2.7s)
✔ [5674/5693] Built Mathlib.CategoryTheory.Category.Grpd (1.7s)
✔ [5675/5693] Built Mathlib.CategoryTheory.Category.KleisliCat (1.8s)
✔ [5676/5695] Built Mathlib.CategoryTheory.ConnectedComponents (2.3s)
✔ [5677/5695] Built Mathlib.CategoryTheory.Bicategory.Strict.Pseudofunctor (8.3s)
✔ [5678/5697] Built Mathlib.CategoryTheory.Bicategory.InducedBicategory (4.7s)
✔ [5679/5698] Built Mathlib.Data.PFun (3.1s)
✔ [5680/5699] Built Mathlib.Data.TwoPointing (1.5s)
✔ [5681/5699] Built Mathlib.CategoryTheory.Closed.Cartesian (1.5s)
✔ [5682/5700] Built Mathlib.CategoryTheory.Category.Cat.Adjunction (2.6s)
✔ [5683/5700] Built Mathlib.CategoryTheory.Closed.Enrichment (1.6s)
✔ [5684/5701] Built Mathlib.CategoryTheory.Category.RelCat (3.4s)
✔ [5685/5702] Built Mathlib.CategoryTheory.Closed.Functor (1.5s)
✔ [5686/5704] Built Mathlib.CategoryTheory.Bicategory.Product (8.5s)
✔ [5687/5704] Built Mathlib.CategoryTheory.Closed.FunctorCategory.Basic (1.5s)
✔ [5688/5705] Built Mathlib.CategoryTheory.Category.PartialFun (2.5s)
✔ [5689/5706] Built Mathlib.CategoryTheory.Bicategory.Modification.Oplax (5.4s)
✔ [5690/5707] Built Mathlib.CategoryTheory.Closed.FunctorCategory.Complete (1.5s)
✔ [5691/5707] Built Mathlib.CategoryTheory.Category.TwoP (2.6s)
✔ [5692/5708] Built Mathlib.CategoryTheory.Closed.FunctorCategory.Groupoid (1.7s)
✔ [5693/5710] Built Mathlib.CategoryTheory.Closed.FunctorToTypes (1.8s)
✔ [5694/5710] Built Mathlib.CategoryTheory.Closed.Ideal (1.7s)
✔ [5695/5711] Built Mathlib.CategoryTheory.Closed.Monoidal (1.8s)
✔ [5696/5712] Built Mathlib.CategoryTheory.Closed.Types (1.7s)
✔ [5697/5713] Built Mathlib.CategoryTheory.Closed.Zero (1.6s)
✔ [5698/5717] Built Mathlib.CategoryTheory.CodiscreteCategory (2.4s)
✔ [5699/5719] Built Mathlib.CategoryTheory.ConcreteCategory.BundledHom (2.5s)
✔ [5700/5719] Built Mathlib.CategoryTheory.CopyDiscardCategory.Basic (2.2s)
✔ [5701/5719] Built Mathlib.CategoryTheory.ComposableArrows.Three (2.8s)
✔ [5702/5719] Built Mathlib.CategoryTheory.Comma.StructuredArrow.Final (3.1s)
✔ [5703/5721] Built Mathlib.CategoryTheory.ComposableArrows.Four (3.3s)
✔ [5704/5723] Built Mathlib.CategoryTheory.Bicategory.FunctorBicategory.Oplax (3.8s)
✔ [5705/5724] Built Mathlib.CategoryTheory.Bicategory.NaturalTransformation.Pseudo (10s)
✔ [5706/5725] Built Mathlib.CategoryTheory.CopyDiscardCategory.Deterministic (1.9s)
✔ [5707/5725] Built Mathlib.CategoryTheory.ConcreteCategory.UnbundledHom (2.1s)
✔ [5708/5725] Built Mathlib.CategoryTheory.Monoidal.Cartesian.Comon_ (2.7s)
✔ [5709/5725] Built Mathlib.CategoryTheory.DinatTrans (2.3s)
✔ [5710/5725] Built Mathlib.CategoryTheory.Dialectica.Basic (3.3s)
✔ [5711/5726] Built Mathlib.CategoryTheory.Bicategory.Monad.Basic (3.1s)
✔ [5712/5726] Built Mathlib.CategoryTheory.Distributive.Monoidal (3.5s)
✔ [5713/5726] Built Mathlib.CategoryTheory.EffectiveEpi.Comp (2.6s)
✔ [5714/5726] Built Mathlib.CategoryTheory.Bicategory.Modification.Pseudo (4.0s)
✔ [5715/5726] Built Mathlib.CategoryTheory.EffectiveEpi.Coproduct (2.9s)
✔ [5716/5728] Built Mathlib.CategoryTheory.CopyDiscardCategory.Cartesian (2.8s)
✔ [5717/5730] Built Mathlib.CategoryTheory.Bicategory.LocallyGroupoid (6.2s)
✔ [5718/5730] Built Mathlib.CategoryTheory.Sums.Basic (7.5s)
✔ [5719/5731] Built Mathlib.CategoryTheory.Bicategory.Functor.Cat.ObjectProperty (5.7s)
✔ [5720/5731] Built Mathlib.CategoryTheory.EffectiveEpi.Enough (2.3s)
✔ [5721/5731] Built Mathlib.CategoryTheory.Distributive.Cartesian (2.8s)
✔ [5722/5734] Built Mathlib.CategoryTheory.Bicategory.Grothendieck (7.6s)
✔ [5723/5735] Built Mathlib.CategoryTheory.EffectiveEpi.RegularEpi (2.1s)
✔ [5724/5736] Built Mathlib.CategoryTheory.EffectiveEpi.Preserves (2.9s)
✔ [5725/5737] Built Mathlib.CategoryTheory.Discrete.SumsProducts (3.6s)
✔ [5726/5740] Built Mathlib.CategoryTheory.Bicategory.FunctorBicategory.Pseudo (5.1s)
✔ [5727/5740] Built Mathlib.CategoryTheory.Dialectica.Monoidal (7.2s)
✔ [5728/5742] Built Mathlib.CategoryTheory.Enriched.HomCongr (2.8s)
✔ [5729/5745] Built Mathlib.CategoryTheory.Enriched.Limits.HasConicalLimits (2.8s)
✔ [5730/5746] Built Mathlib.CategoryTheory.Enriched.EnrichedCat (4.8s)
✔ [5731/5746] Built Mathlib.CategoryTheory.Limits.Shapes.End (4.7s)
✔ [5732/5750] Built Mathlib.CategoryTheory.EffectiveEpi.Extensive (2.9s)
✔ [5733/5750] Built Mathlib.CategoryTheory.Endofunctor.Algebra (6.9s)
✔ [5734/5753] Built Mathlib.CategoryTheory.Enriched.Opposite (3.3s)
✔ [5735/5755] Built Mathlib.CategoryTheory.Enriched.Limits.HasConicalPullbacks (2.4s)
✔ [5736/5755] Built Mathlib.CategoryTheory.FiberedCategory.HomLift (2.9s)
✔ [5737/5755] Built Mathlib.CategoryTheory.Equivalence.Symmetry (3.7s)
✔ [5738/5755] Built Mathlib.CategoryTheory.Enriched.Limits.HasConicalProducts (2.4s)
✔ [5739/5755] Built Mathlib.CategoryTheory.Filtered.Grothendieck (2.5s)
✔ [5740/5756] Built Mathlib.CategoryTheory.Filtered.FinallySmall (2.8s)
✔ [5741/5756] Built Mathlib.CategoryTheory.FiberedCategory.Fiber (2.0s)
✔ [5742/5758] Built Mathlib.CategoryTheory.Functor.Derived.LeftDerived (3.9s)
✔ [5743/5759] Built Mathlib.CategoryTheory.FiberedCategory.Cocartesian (3.5s)
✔ [5744/5760] Built Mathlib.CategoryTheory.Functor.Derived.RightDerived (4.1s)
✔ [5745/5760] Built Mathlib.CategoryTheory.FiberedCategory.Cartesian (3.6s)
✔ [5746/5760] Built Mathlib.CategoryTheory.Localization.StructuredArrow (2.7s)
✔ [5747/5760] Built Mathlib.CategoryTheory.Enriched.Limits.HasConicalTerminal (2.3s)
✔ [5748/5760] Built Mathlib.CategoryTheory.Enriched.FunctorCategory (6.9s)
✔ [5749/5760] Built Mathlib.CategoryTheory.Functor.Functorial (1.9s)
✔ [5750/5763] Built Mathlib.CategoryTheory.FiberedCategory.BasedCategory (4.7s)
✔ [5751/5769] Built Mathlib.CategoryTheory.Functor.TypeValuedFlat (2.1s)
✔ [5752/5769] Built Mathlib.CategoryTheory.Functor.OfSequence (3.1s)
✔ [5753/5769] Built Mathlib.CategoryTheory.FiberedCategory.Fibered (2.2s)
✔ [5754/5775] Built Mathlib.CategoryTheory.Functor.Derived.Adjunction (3.1s)
✔ [5755/5777] Built Mathlib.CategoryTheory.Functor.Derived.PointwiseRightDerived (2.9s)
✔ [5756/5778] Built Mathlib.CategoryTheory.Functor.Derived.PointwiseLeftDerived (2.8s)
✔ [5757/5779] Built Mathlib.CategoryTheory.Limits.FintypeCat (2.6s)
✔ [5758/5779] Built Mathlib.CategoryTheory.Limits.Shapes.SingleObj (2.4s)
✔ [5759/5780] Built Mathlib.CategoryTheory.Functor.KanExtension.Preserves (5.3s)
✔ [5760/5781] Built Mathlib.Topology.Category.FinTopCat (2.3s)
✔ [5761/5783] Built Mathlib.CategoryTheory.FiberedCategory.HasFibers (2.6s)
✔ [5762/5784] Built Mathlib.CategoryTheory.Limits.Shapes.CombinedProducts (3.0s)
✔ [5763/5785] Built Mathlib.CategoryTheory.Generator.Type (1.0s)
✔ [5764/5786] Built Mathlib.CategoryTheory.Groupoid.Basic (1.8s)
✔ [5765/5787] Built Mathlib.CategoryTheory.Groupoid.Discrete (1.9s)
✔ [5766/5788] Built Mathlib.CategoryTheory.GradedObject.Braiding (3.4s)
✔ [5767/5790] Built Mathlib.CategoryTheory.Groupoid.FreeGroupoid (2.4s)
✔ [5768/5791] Built Mathlib.CategoryTheory.Groupoid.VertexGroup (2.3s)
✔ [5769/5793] Built Mathlib.CategoryTheory.Galois.Basic (3.7s)
✔ [5770/5793] Built Mathlib.CategoryTheory.GuitartExact.KanExtension (3.2s)
✔ [5771/5793] Built Mathlib.CategoryTheory.Idempotents.Biproducts (2.7s)
✔ [5772/5794] Built Mathlib.CategoryTheory.GuitartExact.Over (2.9s)
✔ [5773/5795] Built Mathlib.CategoryTheory.FiberedCategory.Grothendieck (4.3s)
✔ [5774/5796] Built Mathlib.CategoryTheory.Galois.GaloisObjects (2.9s)
✔ [5775/5796] Built Mathlib.CategoryTheory.Groupoid.FreeGroupoidOfCategory (3.8s)
✔ [5776/5797] Built Mathlib.CategoryTheory.Groupoid.Subgroupoid (3.9s)
✔ [5777/5798] Built Mathlib.CategoryTheory.Limits.Constructions.EventuallyConstant (2.0s)
✔ [5778/5799] Built Mathlib.CategoryTheory.Limits.EpiMono (2.7s)
✔ [5779/5800] Built Mathlib.CategoryTheory.Galois.Examples (3.6s)
✔ [5780/5800] Built Mathlib.CategoryTheory.Limits.Final.ParallelPair (2.4s)
✔ [5781/5803] Built Mathlib.CategoryTheory.Limits.FunctorCategory.Shapes.Images (2.3s)
✔ [5782/5804] Built Mathlib.CategoryTheory.LiftingProperties.ParametrizedAdjunction (5.4s)
✔ [5783/5805] Built Mathlib.CategoryTheory.Limits.FunctorCategory.Shapes.Kernels (2.2s)
✔ [5784/5806] Built Mathlib.CategoryTheory.Limits.Pi (2.2s)
✔ [5785/5806] Built Mathlib.CategoryTheory.Galois.Decomposition (3.5s)
✔ [5786/5808] Built Mathlib.CategoryTheory.Join.Basic (8.3s)
✔ [5787/5808] Built Mathlib.CategoryTheory.Limits.Preserves.Shapes.Images (2.4s)
✔ [5788/5808] Built Mathlib.CategoryTheory.WithTerminal.FinCategory (2.1s)
✔ [5789/5808] Built Mathlib.CategoryTheory.Limits.Set (2.2s)
✔ [5790/5808] Built Mathlib.CategoryTheory.Limits.Preserves.Shapes.Square (2.5s)
✔ [5791/5809] Built Mathlib.CategoryTheory.Limits.Shapes.PiProd (2.9s)
✔ [5792/5809] Built Mathlib.CategoryTheory.Limits.Shapes.FunctorToTypes (3.3s)
✔ [5793/5810] Built Mathlib.CategoryTheory.Join.Sum (2.1s)
✔ [5794/5811] Built Mathlib.CategoryTheory.Join.Final (2.5s)
✔ [5795/5812] Built Mathlib.CategoryTheory.Join.Opposites (3.4s)
✔ [5796/5813] Built Mathlib.CategoryTheory.Limits.FormalCoproducts (8.6s)
✔ [5797/5813] Built Mathlib.CategoryTheory.Limits.Shapes.Pullback.CommSq (2.4s)
✔ [5798/5816] Built Mathlib.CategoryTheory.Limits.Preserves.Shapes.Over (2.8s)
✔ [5799/5817] Built Mathlib.CategoryTheory.Galois.Prorepresentability (5.3s)
✔ [5800/5817] Built Mathlib.CategoryTheory.Join.Pseudofunctor (5.7s)
✔ [5801/5817] Built Mathlib.CategoryTheory.Limits.Types.Shapes (1.7s)
✔ [5802/5820] Built Mathlib.CategoryTheory.Limits.SmallComplete (2.4s)
✔ [5803/5820] Built Mathlib.CategoryTheory.Limits.Types.ColimitTypeFiltered (2.2s)
✔ [5804/5820] Built Mathlib.CategoryTheory.Localization.Prod (2.5s)
✔ [5805/5823] Built Mathlib.CategoryTheory.Localization.BousfieldTransfiniteComposition (2.8s)
✔ [5806/5823] Built Mathlib.CategoryTheory.Localization.CalculusOfFractions.OfAdjunction (2.2s)
✔ [5807/5823] Built Mathlib.CategoryTheory.Galois.Action (3.0s)
✔ [5808/5823] Built Mathlib.CategoryTheory.Localization.DerivabilityStructure.PointwiseRightDerived (2.7s)
✔ [5809/5823] Built Mathlib.CategoryTheory.Limits.Shapes.SequentialProduct (5.8s)
✔ [5810/5825] Built Mathlib.CategoryTheory.Galois.Topology (3.7s)
✔ [5811/5828] Built Mathlib.CategoryTheory.Localization.DerivabilityStructure.OfFunctorialResolutions (2.7s)
✔ [5812/5829] Built Mathlib.CategoryTheory.Localization.Pi (2.2s)
✔ [5813/5829] Built Mathlib.CategoryTheory.Localization.Bifunctor (3.4s)
✔ [5814/5833] Built Mathlib.CategoryTheory.Localization.LocallySmall (2.3s)
✔ [5815/5833] Built Mathlib.CategoryTheory.Localization.DerivabilityStructure.Derives (2.5s)
✔ [5816/5834] Built Mathlib.CategoryTheory.Galois.Full (3.1s)
✔ [5817/5835] Built Mathlib.CategoryTheory.Localization.FiniteProducts (3.0s)
✔ [5818/5835] Built Mathlib.CategoryTheory.Galois.IsFundamentalgroup (4.4s)
✔ [5819/5836] Built Mathlib.Tactic.CategoryTheory.BicategoryCoherence (3.2s)
✔ [5820/5840] Built Mathlib.CategoryTheory.Limits.Shapes.Pullback.Categorical.CatCospanTransform (14s)
✔ [5821/5840] Built Mathlib.CategoryTheory.Monoidal.Braided.Multifunctor (6.1s)
✔ [5822/5841] Built Mathlib.CategoryTheory.Localization.Preadditive (2.5s)
✔ [5823/5842] Built Mathlib.CategoryTheory.Monoidal.Free.Basic (6.0s)
✔ [5824/5843] Built Mathlib.CategoryTheory.MarkovCategory.Basic (2.3s)
✔ [5825/5843] Built Mathlib.CategoryTheory.Localization.Trifunctor (7.9s)
✔ [5826/5844] Built Mathlib.CategoryTheory.Galois.EssSurj (5.9s)
✔ [5827/5845] Built Mathlib.CategoryTheory.Monad.Kleisli (2.7s)
✔ [5828/5845] Built Mathlib.CategoryTheory.Monad.EquivMon (4.0s)
✔ [5829/5845] Built Mathlib.Tactic.CategoryTheory.Coherence (3.1s)
✔ [5830/5849] Built Mathlib.CategoryTheory.Monad.Monadicity (4.4s)
✔ [5831/5850] Built Mathlib.CategoryTheory.Monad.Types (2.7s)
✔ [5832/5851] Built Mathlib.CategoryTheory.Monoidal.Multifunctor (13s)
✔ [5833/5851] Built Mathlib.CategoryTheory.Galois.Equivalence (4.1s)
✔ [5834/5851] Built Mathlib.CategoryTheory.Localization.Monoidal.Basic (8.5s)
✔ [5835/5854] Built Mathlib.CategoryTheory.Monoidal.Braided.Reflection (4.9s)
✔ [5836/5854] Built Mathlib.CategoryTheory.Localization.Monoidal.Functor (4.0s)
✔ [5837/5854] Built Mathlib.CategoryTheory.Monoidal.Action.Basic (9.7s)
✔ [5838/5855] Built Mathlib.CategoryTheory.Monoidal.Braided.Transport (2.7s)
✔ [5839/5855] Built Mathlib.CategoryTheory.Localization.Monoidal (2.2s)
✔ [5840/5855] Built Mathlib.CategoryTheory.Monoidal.Cartesian.CommMon_ (2.6s)
✔ [5841/5855] Built Mathlib.CategoryTheory.Localization.Monoidal.Braided (5.3s)
✔ [5842/5855] Built Mathlib.CategoryTheory.Monoidal.Bimon_ (11s)
✔ [5843/5858] Built Mathlib.CategoryTheory.Monoidal.Action.LinearFunctor (5.0s)
✔ [5844/5859] Built Mathlib.CategoryTheory.Monoidal.Cartesian.InfSemilattice (2.4s)
✔ [5845/5860] Built Mathlib.CategoryTheory.Monoidal.Action.Opposites (6.9s)
✔ [5846/5862] Built Mathlib.CategoryTheory.Monoidal.Bimod (16s)
✔ [5847/5865] Built Mathlib.CategoryTheory.Monoidal.Closed.Enrichment (2.2s)
✔ [5848/5865] Built Mathlib.CategoryTheory.Monoidal.Cartesian.Grp_ (9.3s)
✔ [5849/5866] Built Mathlib.CategoryTheory.Monoidal.Action.End (6.9s)
✔ [5850/5867] Built Mathlib.CategoryTheory.Monoidal.Mod_ (4.3s)
✔ [5851/5867] Built Mathlib.CategoryTheory.Monoidal.Closed.Functor (3.1s)
✔ [5852/5868] Built Mathlib.CategoryTheory.Limits.Shapes.Pullback.Categorical.Basic (26s)
✔ [5853/5868] Built Mathlib.CategoryTheory.Monoidal.Closed.FunctorCategory.Groupoid (3.3s)
✔ [5854/5868] Built Mathlib.CategoryTheory.Monoidal.Closed.Transport (1.9s)
✔ [5855/5868] Built Mathlib.CategoryTheory.Subterminal (3.6s)
✔ [5856/5871] Built Mathlib.CategoryTheory.Monoidal.Closed.FunctorCategory.Basic (3.8s)
✔ [5857/5871] Built Mathlib.CategoryTheory.Monoidal.CommComon_ (2.3s)
✔ [5858/5875] Built Mathlib.CategoryTheory.Monoidal.Closed.Zero (2.6s)
✔ [5859/5876] Built Mathlib.CategoryTheory.Monoidal.Cartesian.CommGrp_ (3.3s)
✔ [5860/5877] Built Mathlib.CategoryTheory.Monoidal.Cartesian.Mod_ (2.4s)
✔ [5861/5880] Built Mathlib.CategoryTheory.Monoidal.Conv (2.4s)
✔ [5862/5880] Built Mathlib.CategoryTheory.Monoidal.Closed.FunctorCategory.Complete (2.6s)
✔ [5863/5881] Built Mathlib.CategoryTheory.Monoidal.Closed.Ideal (4.3s)
✔ [5864/5883] Built Mathlib.CategoryTheory.Monoidal.Limits.Basic (3.3s)
✔ [5865/5883] Built Mathlib.CategoryTheory.Monoidal.Functor.Types (4.0s)
✔ [5866/5884] Built Mathlib.CategoryTheory.Monoidal.ExternalProduct.KanExtension (5.1s)
✔ [5867/5884] Built Mathlib.CategoryTheory.Monoidal.Free.Coherence (6.9s)
✔ [5868/5885] Built Mathlib.CategoryTheory.Monoidal.Hopf_ (5.5s)
✔ [5869/5886] Built Mathlib.CategoryTheory.Monoidal.Limits (3.1s)
✔ [5870/5887] Built Mathlib.CategoryTheory.Monoidal.Opposite.Mon_ (3.0s)
✔ [5871/5888] Built Mathlib.CategoryTheory.Monoidal.OfHasFiniteProducts (5.5s)
✔ [5872/5888] Built Mathlib.CategoryTheory.Monoidal.Rigid.Braided (2.0s)
✔ [5873/5892] Built Mathlib.CategoryTheory.Monoidal.Rigid.Functor (2.4s)
✔ [5874/5892] Built Mathlib.CategoryTheory.LocallyCartesianClosed.ChosenPullbacksAlong (39s)
✔ [5875/5892] Built Mathlib.CategoryTheory.Monoidal.Skeleton (2.6s)
✔ [5876/5892] Built Mathlib.CategoryTheory.MorphismProperty.HasCardinalLT (2.5s)
✔ [5877/5895] Built Mathlib.CategoryTheory.Monoidal.Internal.Module (8.0s)
✔ [5878/5896] Built Mathlib.CategoryTheory.Monoidal.Tor (3.2s)
✔ [5879/5897] Built Mathlib.CategoryTheory.Presentable.Dense (3.3s)
✔ [5880/5898] Built Mathlib.CategoryTheory.Monoidal.Internal.FunctorCategory (14s)
✔ [5881/5899] Built Mathlib.CategoryTheory.Presentable.ColimitPresentation (5.1s)
✔ [5882/5899] Built Mathlib.CategoryTheory.Subobject.ArtinianObject (3.1s)
✔ [5883/5899] Built Mathlib.CategoryTheory.Subobject.NoetherianObject (2.9s)
✔ [5884/5900] Built Mathlib.CategoryTheory.LocallyCartesianClosed.ExponentiableMorphism (3.7s)
✔ [5885/5901] Built Mathlib.CategoryTheory.ObjectProperty.FunctorCategory.PreservesLimits (3.2s)
✔ [5886/5901] Built Mathlib.CategoryTheory.ObjectProperty.InheritedFromHom (2.3s)
✔ [5887/5902] Built Mathlib.CategoryTheory.ObjectProperty.HasCardinalLT (2.5s)
✔ [5888/5903] Built Mathlib.CategoryTheory.ObjectProperty.Ind (2.9s)
✔ [5889/5903] Built Mathlib.CategoryTheory.ObjectProperty.SiteLocal (2.6s)
✔ [5890/5903] Built Mathlib.CategoryTheory.Monoidal.Internal.Limits (3.3s)
✔ [5891/5905] Built Mathlib.CategoryTheory.Noetherian (2.7s)
✔ [5892/5907] Built Mathlib.CategoryTheory.LocallyCartesianClosed.Over (9.3s)
✔ [5893/5908] Built Mathlib.CategoryTheory.Preadditive.EilenbergMoore (3.3s)
✔ [5894/5908] Built Mathlib.CategoryTheory.Preadditive.EndoFunctor (3.2s)
✔ [5895/5910] Built Mathlib.GroupTheory.EckmannHilton (1.9s)
✔ [5896/5911] Built Mathlib.CategoryTheory.Preadditive.HomOrthogonal (4.1s)
✔ [5897/5911] Built Mathlib.CategoryTheory.Preadditive.SingleObj (3.8s)
✔ [5898/5912] Built Mathlib.CategoryTheory.MorphismProperty.Ind (4.5s)
✔ [5899/5912] Built Mathlib.CategoryTheory.Preadditive.Projective.Internal (1.0s)
✔ [5900/5913] Built Mathlib.CategoryTheory.LocallyCartesianClosed.Sections (3.2s)
✔ [5901/5914] Built Mathlib.CategoryTheory.Pi.Monoidal (6.0s)
✔ [5902/5915] Built Mathlib.CategoryTheory.Preadditive.Projective.LiftingProperties (2.2s)
✔ [5903/5918] Built Mathlib.CategoryTheory.Preadditive.OfBiproducts (2.6s)
✔ [5904/5918] Built Mathlib.CategoryTheory.Presentable.Adjunction (2.5s)
✔ [5905/5919] Built Mathlib.CategoryTheory.Preadditive.Schur (3.0s)
✔ [5906/5920] Built Mathlib.CategoryTheory.Presentable.EssentiallyLarge (2.9s)
✔ [5907/5920] Built Mathlib.CategoryTheory.Presentable.Type (2.0s)
✔ [5908/5923] Built Mathlib.CategoryTheory.RepresentedBy (2.8s)
✔ [5909/5923] Built Mathlib.CategoryTheory.Sites.Coherent.Basic (3.0s)
✔ [5910/5925] Built Mathlib.CategoryTheory.Presentable.Directed (4.9s)
✔ [5911/5926] Built Mathlib.CategoryTheory.ShrinkYoneda (3.3s)
✔ [5912/5927] Built Mathlib.CategoryTheory.Sites.Adjunction (3.2s)
✔ [5913/5927] Built Mathlib.CategoryTheory.Monoidal.DayConvolution (24s)
✔ [5914/5927] Built Mathlib.CategoryTheory.Sites.Closed (3.2s)
✔ [5915/5927] Built Mathlib.CategoryTheory.Sites.CartesianMonoidal (3.0s)
✔ [5916/5929] Built Mathlib.CategoryTheory.Presentable.OrthogonalReflection (6.1s)
✔ [5917/5930] Built Mathlib.CategoryTheory.RegularCategory.Basic (4.5s)
✔ [5918/5930] Built Mathlib.CategoryTheory.Sites.EffectiveEpimorphic (3.0s)
✔ [5919/5936] Built Mathlib.CategoryTheory.Sites.Coherent.Comparison (3.7s)
✔ [5920/5938] Built Mathlib.CategoryTheory.Preadditive.Mat (11s)
✔ [5921/5938] Built Mathlib.CategoryTheory.Sites.CartesianClosed (2.5s)
✔ [5922/5942] Built Mathlib.CategoryTheory.Sites.Preserves (2.6s)
✔ [5923/5942] Built Mathlib.CategoryTheory.Monoidal.DayConvolution.Braided (4.0s)
✔ [5924/5942] Built Mathlib.CategoryTheory.Monoidal.DayConvolution.DayFunctor (5.8s)
✔ [5925/5945] Built Mathlib.CategoryTheory.Sites.Coherent.CoherentSheaves (2.6s)
✔ [5926/5945] Built Mathlib.CategoryTheory.Monoidal.DayConvolution.Closed (5.4s)
✔ [5927/5947] Built Mathlib.CategoryTheory.Sites.Coherent.ExtensiveTopology (2.7s)
✔ [5928/5948] Built Mathlib.CategoryTheory.Sites.EpiMono (3.2s)
✔ [5929/5950] Built Mathlib.CategoryTheory.Sites.Coherent.RegularSheaves (4.8s)
✔ [5930/5950] Built Mathlib.CategoryTheory.Sites.Coherent.ExtensiveSheaves (3.1s)
✔ [5931/5951] Built Mathlib.CategoryTheory.Sites.Coherent.CoherentTopology (2.6s)
✔ [5932/5951] Built Mathlib.CategoryTheory.Sites.Finite (2.6s)
✔ [5933/5951] Built Mathlib.CategoryTheory.Sites.ConstantSheaf (3.8s)
✔ [5934/5951] Built Mathlib.CategoryTheory.Sites.Subcanonical (4.8s)
✔ [5935/5953] Built Mathlib.CategoryTheory.Sites.Coherent.RegularTopology (2.3s)
✔ [5936/5953] Built Mathlib.CategoryTheory.Sites.Descent.IsPrestack (5.0s)
✔ [5937/5954] Built Mathlib.CategoryTheory.Sites.Hypercover.Subcanonical (3.1s)
✔ [5938/5954] Built Mathlib.CategoryTheory.Sites.Hypercover.ZeroFamily (2.4s)
✔ [5939/5955] Built Mathlib.CategoryTheory.Sites.Coherent.ExtensiveColimits (2.5s)
✔ [5940/5956] Built Mathlib.CategoryTheory.Sites.Coherent.ReflectsPrecoherent (2.5s)
✔ [5941/5958] Built Mathlib.CategoryTheory.Sites.Hypercover.Homotopy (4.8s)
✔ [5942/5959] Built Mathlib.CategoryTheory.Sites.Coherent.ReflectsPreregular (2.2s)
✔ [5943/5960] Built Mathlib.CategoryTheory.Sites.MayerVietorisSquare (4.5s)
✔ [5944/5960] Built Mathlib.CategoryTheory.Sites.GlobalSections (3.5s)
✔ [5945/5961] Built Mathlib.CategoryTheory.Sites.NonabelianCohomology.H1 (2.0s)
✔ [5946/5962] Built Mathlib.CategoryTheory.Sites.PseudofunctorSheafOver (3.2s)
✔ [5947/5962] Built Mathlib.CategoryTheory.Sites.SheafHom (4.5s)
✔ [5948/5963] Built Mathlib.CategoryTheory.Sites.RegularEpi (3.6s)
✔ [5949/5964] Built Mathlib.CategoryTheory.Sites.Point.Basic (4.9s)
✔ [5950/5965] Built Mathlib.CategoryTheory.Sites.Types (2.8s)
✔ [5951/5965] Built Mathlib.CategoryTheory.Subfunctor.Finite (2.6s)
✔ [5952/5965] Built Mathlib.CategoryTheory.Sites.Coherent.SheafComparison (3.8s)
✔ [5953/5965] Built Mathlib.CategoryTheory.Sites.SheafCohomology.Basic (3.0s)
✔ [5954/5966] Built Mathlib.CategoryTheory.Subfunctor.Subobject (2.9s)
✔ [5955/5967] Built Mathlib.CategoryTheory.Subobject.Presheaf (2.2s)
✔ [5956/5968] Built Mathlib.CategoryTheory.Subpresheaf.Basic (1.6s)
✔ [5957/5969] Built Mathlib.CategoryTheory.Subobject.Types (2.5s)
✔ [5958/5970] Built Mathlib.CategoryTheory.Sites.Monoidal (3.5s)
✔ [5959/5971] Built Mathlib.CategoryTheory.Subpresheaf.Equalizer (1.7s)
✔ [5960/5972] Built Mathlib.CategoryTheory.Sites.Point.Category (3.1s)
✔ [5961/5973] Built Mathlib.CategoryTheory.Sites.Coherent.LocallySurjective (3.2s)
✔ [5962/5974] Built Mathlib.CategoryTheory.Subpresheaf.Finite (1.7s)
✔ [5963/5977] Built Mathlib.CategoryTheory.Sites.Coherent.Equivalence (2.9s)
✔ [5964/5977] Built Mathlib.CategoryTheory.Subpresheaf.Image (1.7s)
✔ [5965/5979] Built Mathlib.CategoryTheory.Subpresheaf.OfSection (1.6s)
✔ [5966/5980] Built Mathlib.CategoryTheory.Subpresheaf.Sieves (1.5s)
✔ [5967/5981] Built Mathlib.CategoryTheory.Subpresheaf.Subobject (1.6s)
✔ [5968/5982] Built Mathlib.CategoryTheory.UnivLE (1.0s)
✔ [5969/5982] Built Mathlib.CategoryTheory.Sites.Coherent.SequentialLimit (3.4s)
✔ [5970/5986] Built Mathlib.CategoryTheory.Sums.Associator (3.8s)
✔ [5971/5986] Built Mathlib.CategoryTheory.Topos.Classifier (3.3s)
✔ [5972/5986] Built Mathlib.CategoryTheory.Triangulated.TStructure.TruncLTGE (4.2s)
✔ [5973/5988] Built Mathlib.CategoryTheory.Triangulated.Opposite.Triangulated (4.8s)
✔ [5974/5992] Built Mathlib.CategoryTheory.Widesubcategory (2.2s)
✔ [5975/5992] Built Mathlib.CategoryTheory.WithTerminal.Lemmas (1.9s)
✔ [5976/5995] Built Mathlib.Combinatorics.Pigeonhole (2.9s)
✔ [5977/5996] Built Mathlib.CategoryTheory.Triangulated.Opposite.Functor (6.5s)
✔ [5978/5997] Built Mathlib.Combinatorics.Additive.CovBySMul (2.7s)
✔ [5979/5997] Built Mathlib.Combinatorics.Enumerative.DoubleCounting (2.6s)
✔ [5980/5997] Built Mathlib.Combinatorics.Additive.RuzsaCovering (2.9s)
✔ [5981/6000] Built Mathlib.Combinatorics.Additive.ETransform (2.8s)
✔ [5982/6000] Built Mathlib.GroupTheory.Order.Min (2.9s)
✔ [5983/6005] Built Mathlib.CategoryTheory.Sums.Products (5.6s)
✔ [5984/6005] Built Mathlib.Combinatorics.SimpleGraph.Init (1.3s)
✔ [5985/6005] Built Mathlib.Combinatorics.Additive.FreimanHom (7.1s)
✔ [5986/6005] Built Mathlib.Combinatorics.Additive.Convolution (3.5s)
✔ [5987/6005] Built Mathlib.CategoryTheory.Triangulated.Adjunction (4.1s)
✔ [5988/6005] Built Mathlib.Data.FunLike.Fintype (1.0s)
✔ [5989/6011] Built Mathlib.Combinatorics.Additive.CauchyDavenport (3.5s)
✔ [5990/6011] Built Mathlib.Data.Sym.Card (2.6s)
✔ [5991/6035] Built Mathlib.Combinatorics.Additive.Corner.Defs (2.4s)
✔ [5992/6037] Built Mathlib.Combinatorics.Additive.PluenneckeRuzsa (6.0s)
✔ [5993/6037] Built Mathlib.CategoryTheory.Sites.Descent.DescentData (25s)
✔ [5994/6038] Built Mathlib.Combinatorics.SimpleGraph.Basic (4.7s)
✔ [5995/6038] Built Mathlib.Data.Finset.Pairwise (2.2s)
✔ [5996/6038] Built Mathlib.Data.Set.Equitable (2.4s)
✔ [5997/6038] Built Mathlib.Data.Finset.CastCard (2.2s)
✔ [5998/6038] Built Mathlib.Combinatorics.Additive.AP.Three.Defs (4.4s)
✔ [5999/6041] Built Mathlib.CategoryTheory.Triangulated.Opposite.OpOp (5.1s)
✔ [6000/6041] Built Mathlib.Combinatorics.Additive.Dissociation (3.3s)
✔ [6001/6042] Built Mathlib.Combinatorics.SimpleGraph.Dart (2.2s)
✔ [6002/6043] Built Mathlib.CategoryTheory.Sites.Descent.IsStack (2.8s)
✔ [6003/6043] Built Mathlib.Combinatorics.Additive.DoublingConst (4.9s)
✔ [6004/6043] Built Mathlib.Combinatorics.Additive.SubsetSum (2.6s)
✔ [6005/6043] Built Mathlib.Order.Partition.Finpartition (5.0s)
✔ [6006/6044] Built Mathlib.Combinatorics.Additive.Energy (5.5s)
✔ [6007/6044] Built Mathlib.FieldTheory.ChevalleyWarning (4.4s)
✔ [6008/6044] Built Mathlib.Combinatorics.Additive.Randomisation (4.9s)
✔ [6009/6047] Built Mathlib.Combinatorics.Additive.SmallTripling (9.1s)
✔ [6010/6047] Built Mathlib.Combinatorics.SimpleGraph.Walks.Basic (4.3s)
✔ [6011/6047] Built Mathlib.Combinatorics.Additive.AP.Three.Behrend (7.3s)
✔ [6012/6047] Built Mathlib.Order.Partition.Equipartition (3.5s)
✔ [6013/6048] Built Mathlib.Data.Finset.Slice (2.6s)
✔ [6014/6048] Built Mathlib.Combinatorics.SimpleGraph.Maps (5.0s)
✔ [6015/6051] Built Mathlib.Combinatorics.SimpleGraph.Density (4.8s)
✔ [6016/6051] Built Mathlib.Data.Nat.Bitwise (3.4s)
✔ [6017/6052] Built Mathlib.Combinatorics.SimpleGraph.Walks.Traversal (3.8s)
✔ [6018/6052] Built Mathlib.Combinatorics.SimpleGraph.Regularity.Equitabilise (3.7s)
✔ [6019/6052] Built Mathlib.Combinatorics.Additive.ErdosGinzburgZiv (5.2s)
✔ [6020/6052] Built Mathlib.Combinatorics.Additive.ApproximateSubgroup (6.5s)
✔ [6021/6052] Built Mathlib.Combinatorics.SimpleGraph.Regularity.Energy (2.8s)
✔ [6022/6052] Built Mathlib.LinearAlgebra.CrossProduct (5.6s)
✔ [6023/6056] Built Mathlib.Combinatorics.SimpleGraph.Regularity.Bound (6.9s)
✔ [6024/6057] Built Mathlib.Combinatorics.SimpleGraph.Finite (4.8s)
✔ [6025/6058] Built Mathlib.LinearAlgebra.Projectivization.Basic (4.4s)
✔ [6026/6058] Built Mathlib.Data.Nat.BitIndices (2.7s)
✔ [6027/6059] Built Mathlib.Combinatorics.Derangements.Basic (2.0s)
✔ [6028/6060] Built Mathlib.Combinatorics.SimpleGraph.Regularity.Uniform (6.5s)
✔ [6029/6060] Built Mathlib.Combinatorics.Digraph.Basic (3.2s)
✔ [6030/6060] Built Mathlib.Combinatorics.SimpleGraph.Walks.Operations (4.2s)
✔ [6031/6061] Built Mathlib.Combinatorics.SimpleGraph.DegreeSum (3.4s)
✔ [6032/6061] Built Mathlib.Combinatorics.SimpleGraph.DeleteEdges (3.1s)
✔ [6033/6061] Built Mathlib.Combinatorics.Enumerative.Bell (3.5s)
✔ [6034/6061] Built Mathlib.Combinatorics.Derangements.Finite (2.5s)
✔ [6035/6061] Built Mathlib.Combinatorics.Enumerative.Catalan (3.8s)
✔ [6036/6061] Built Mathlib.Combinatorics.Digraph.Orientation (1.9s)
✔ [6037/6061] Built Mathlib.Combinatorics.Additive.VerySmallDoubling (18s)
✔ [6038/6061] Built Mathlib.LinearAlgebra.Projectivization.Constructions (4.3s)
✔ [6039/6061] Built Mathlib.Combinatorics.Colex (4.8s)
✔ [6040/6063] Built Mathlib.Combinatorics.Enumerative.Partition (2.4s)
✔ [6041/6063] Built Mathlib.Combinatorics.SimpleGraph.Walks.Maps (3.4s)
✔ [6042/6067] Built Mathlib.Combinatorics.Derangements.Exponential (3.7s)
✔ [6043/6067] Built Mathlib.Combinatorics.Enumerative.DyckWord (5.3s)
✔ [6044/6071] Built Mathlib.Combinatorics.Enumerative.IncidenceAlgebra (8.9s)
✔ [6045/6075] Built Mathlib.Combinatorics.SimpleGraph.Walks.Subwalks (3.6s)
✔ [6046/6079] Built Mathlib.Combinatorics.Configuration (5.7s)
✔ [6047/6080] Built Mathlib.Data.Finset.Finsupp (3.2s)
✔ [6048/6081] Built Mathlib.Combinatorics.SimpleGraph.Subgraph (7.9s)
✔ [6049/6081] Built Mathlib.Topology.Instances.ENat (3.2s)
✔ [6050/6081] Built Mathlib.Combinatorics.Enumerative.Stirling (2.2s)
✔ [6051/6081] Built Mathlib.Combinatorics.SimpleGraph.Connectivity.WalkDecomp (3.1s)
✔ [6052/6083] Built Mathlib.Combinatorics.Enumerative.Schroder (3.3s)
✔ [6053/6083] Built Mathlib.Data.Finsupp.Interval (2.7s)
✔ [6054/6084] Built Mathlib.Combinatorics.SimpleGraph.Regularity.Chunk (14s)
✔ [6055/6086] Built Mathlib.Topology.Algebra.LinearTopology (4.6s)
✔ [6056/6087] Built Mathlib.RingTheory.MvPowerSeries.Basic (10s)
✔ [6057/6087] Built Mathlib.Data.Fintype.Shrink (1.0s)
✔ [6058/6087] Built Mathlib.Combinatorics.Graph.Basic (2.0s)
✔ [6059/6089] Built Mathlib.Topology.Algebra.Semigroup (2.5s)
✔ [6060/6089] Built Mathlib.Combinatorics.SimpleGraph.Operations (4.0s)
✔ [6061/6089] Built Mathlib.Topology.Algebra.TopologicallyNilpotent (2.9s)
✔ [6062/6089] Built Mathlib.Combinatorics.SimpleGraph.Copy (5.2s)
✔ [6063/6090] Built Mathlib.Topology.Compactification.StoneCech (2.8s)
✔ [6064/6091] Built Mathlib.Combinatorics.SimpleGraph.Paths (6.1s)
✔ [6065/6091] Built Mathlib.Combinatorics.SimpleGraph.Regularity.Increment (5.7s)
✔ [6066/6091] Built Mathlib.RingTheory.MvPowerSeries.Trunc (3.7s)
✔ [6067/6094] Built Mathlib.Combinatorics.HalesJewett (3.5s)
✔ [6068/6094] Built Mathlib.Combinatorics.KatonaCircle (5.4s)
✔ [6069/6094] Built Mathlib.Combinatorics.Matroid.Minor.Delete (3.5s)
✔ [6070/6096] Built Mathlib.Combinatorics.Hindman (3.5s)
✔ [6071/6097] Built Mathlib.RingTheory.MvPowerSeries.Order (5.7s)
✔ [6072/6097] Built Mathlib.RingTheory.PowerSeries.Basic (7.0s)
✔ [6073/6098] Built Mathlib.Combinatorics.Quiver.Subquiver (1.8s)
✔ [6074/6098] Built Mathlib.Combinatorics.Optimization.ValuedCSP (3.2s)
✔ [6075/6098] Built Mathlib.Combinatorics.SimpleGraph.Regularity.Lemma (4.3s)
✔ [6076/6099] Built Mathlib.Combinatorics.Matroid.Sum (6.4s)
✔ [6077/6099] Built Mathlib.RingTheory.MvPolynomial.Groebner (5.8s)
✔ [6078/6100] Built Mathlib.Combinatorics.Quiver.ConnectedComponent (2.1s)
✔ [6079/6100] Built Mathlib.Combinatorics.Matroid.Minor.Contract (5.5s)
✔ [6080/6101] Built Mathlib.Combinatorics.Quiver.Arborescence (2.4s)
✔ [6081/6101] Built Mathlib.RingTheory.MvPowerSeries.PiTopology (4.8s)
✔ [6082/6102] Built Mathlib.Combinatorics.SimpleGraph.Clique (8.8s)
✔ [6083/6102] Built Mathlib.Combinatorics.Quiver.Covering (2.9s)
✔ [6084/6102] Built Mathlib.Combinatorics.Quiver.Path.Decomposition (2.5s)
✔ [6085/6102] Built Mathlib.RingTheory.PowerSeries.Trunc (5.2s)
✔ [6086/6102] Built Mathlib.RingTheory.PowerSeries.Order (5.2s)
✔ [6087/6102] Built Mathlib.Combinatorics.Quiver.Path.Vertices (2.9s)
✔ [6088/6106] Built Mathlib.Combinatorics.Quiver.Path.Weight (2.3s)
✔ [6089/6106] Built Mathlib.Combinatorics.Matroid.Minor.Order (2.7s)
✔ [6090/6112] Built Mathlib.Combinatorics.Nullstellensatz (4.4s)
✔ [6091/6113] Built Mathlib.Combinatorics.Schnirelmann (3.3s)
✔ [6092/6115] Built Mathlib.Combinatorics.SimpleGraph.Triangle.Counting (4.7s)
✔ [6093/6122] Built Mathlib.RingTheory.PowerSeries.NoZeroDivisors (3.4s)
✔ [6094/6123] Built Mathlib.Combinatorics.SetFamily.Compression.Down (3.2s)
✔ [6095/6123] Built Mathlib.RingTheory.PowerSeries.PiTopology (5.1s)
✔ [6096/6125] Built Mathlib.Combinatorics.SimpleGraph.Triangle.Basic (5.9s)
✔ [6097/6125] Built Mathlib.Order.Irreducible (3.3s)
✔ [6098/6127] Built Mathlib.Combinatorics.SetFamily.Intersecting (2.8s)
✔ [6099/6127] Built Mathlib.Combinatorics.SetFamily.Shatter (2.9s)
✔ [6100/6127] Built Mathlib.Order.Booleanisation (4.0s)
✔ [6101/6131] Built Mathlib.Combinatorics.SetFamily.HarrisKleitman (2.8s)
✔ [6102/6131] Built Mathlib.Data.Setoid.Partition (3.5s)
✔ [6103/6137] Built Mathlib.Data.Set.Sups (7.5s)
✔ [6104/6138] Built Mathlib.Combinatorics.SimpleGraph.Connectivity.Connected (4.9s)
✔ [6105/6138] Built Mathlib.Combinatorics.SetFamily.Kleitman (4.3s)
✔ [6106/6138] Built Mathlib.Order.Birkhoff (4.7s)
✔ [6107/6138] Built Mathlib.Combinatorics.SimpleGraph.Connectivity.EdgeConnectivity (4.1s)
✔ [6108/6138] Built Mathlib.Combinatorics.SimpleGraph.Triangle.Tripartite (6.8s)
✔ [6109/6139] Built Mathlib.Combinatorics.Enumerative.Partition.GenFun (9.7s)
✔ [6110/6139] Built Mathlib.Combinatorics.SimpleGraph.Triangle.Removal (9.1s)
✔ [6111/6140] Built Mathlib.Combinatorics.SimpleGraph.Connectivity.WalkCounting (4.5s)
✔ [6112/6140] Built Mathlib.Combinatorics.SimpleGraph.Extremal.Basic (8.7s)
✔ [6113/6141] Built Mathlib.Data.Finset.Sups (9.1s)
✔ [6114/6141] Built Mathlib.Combinatorics.SimpleGraph.Metric (5.2s)
✔ [6115/6142] Built Mathlib.Combinatorics.SimpleGraph.Coloring (5.8s)
✔ [6116/6142] Built Mathlib.Combinatorics.SimpleGraph.EdgeLabeling (3.6s)
✔ [6117/6142] Built Mathlib.Combinatorics.SimpleGraph.Connectivity.Represents (4.1s)
✔ [6118/6142] Built Mathlib.Combinatorics.SimpleGraph.Ends.Defs (4.3s)
✔ [6119/6142] Built Mathlib.Combinatorics.Extremal.RuzsaSzemeredi (7.8s)
✔ [6120/6143] Built Mathlib.Combinatorics.SimpleGraph.Connectivity.Subgraph (10s)
✔ [6121/6143] Built Mathlib.Combinatorics.SimpleGraph.AdjMatrix (4.6s)
✔ [6122/6143] Built Mathlib.Combinatorics.Additive.Corner.Roth (8.0s)
✔ [6123/6143] Built Mathlib.Combinatorics.Enumerative.Partition.Glaisher (9.6s)
✔ [6124/6143] Built Mathlib.Combinatorics.SimpleGraph.Extremal.Turan (5.5s)
✔ [6125/6144] Built Mathlib.Combinatorics.SimpleGraph.Diam (3.6s)
✔ [6126/6145] Built Mathlib.Combinatorics.SimpleGraph.Sum (3.2s)
✔ [6127/6149] Built Mathlib.Combinatorics.SimpleGraph.Ends.Properties (2.7s)
✔ [6128/6150] Built Mathlib.Combinatorics.SetFamily.AhlswedeZhang (5.8s)
✔ [6129/6151] Built Mathlib.Combinatorics.SetFamily.Shadow (6.9s)
✔ [6130/6151] Built Mathlib.Combinatorics.SimpleGraph.Bipartite (4.1s)
✔ [6131/6151] Built Mathlib.Combinatorics.SetFamily.FourFunctions (7.4s)
✔ [6132/6152] Built Mathlib.Combinatorics.SimpleGraph.Extremal.TuranDensity (4.1s)
✔ [6133/6152] Built Mathlib.Combinatorics.SimpleGraph.Finsubgraph (3.4s)
✔ [6134/6153] Built Mathlib.Combinatorics.SimpleGraph.Hamiltonian (2.5s)
✔ [6135/6154] Built Mathlib.Combinatorics.SimpleGraph.IncMatrix (2.8s)
✔ [6136/6155] Built Mathlib.Data.Set.Card.Arithmetic (3.4s)
✔ [6137/6156] Built Mathlib.Combinatorics.SetFamily.LYM (3.2s)
✔ [6138/6156] Built Mathlib.Combinatorics.SimpleGraph.LineGraph (2.2s)
✔ [6139/6156] Built Mathlib.Combinatorics.SetFamily.Compression.UV (4.5s)
✔ [6140/6159] Built Mathlib.Combinatorics.SimpleGraph.Prod (6.0s)
✔ [6141/6159] Built Mathlib.Combinatorics.SimpleGraph.Partition (2.6s)
✔ [6142/6160] Built Mathlib.Combinatorics.SimpleGraph.Trails (2.8s)
✔ [6143/6161] Built Mathlib.Combinatorics.SimpleGraph.StronglyRegular (3.3s)
✔ [6144/6162] Built Mathlib.Combinatorics.SimpleGraph.LapMatrix (6.2s)
✔ [6145/6162] Built Mathlib.Combinatorics.SimpleGraph.Turan (2.1s)
✔ [6146/6164] Built Mathlib.Combinatorics.SimpleGraph.Acyclic (6.4s)
✔ [6147/6164] Built Mathlib.Combinatorics.SimpleGraph.Hasse (2.5s)
✔ [6148/6164] Built Mathlib.Combinatorics.SetFamily.KruskalKatona (3.7s)
✔ [6149/6164] Built Mathlib.Combinatorics.SimpleGraph.Walk (2.1s)
✔ [6150/6170] Built Mathlib.Combinatorics.SimpleGraph.UnitDistance.Basic (2.9s)
✔ [6151/6170] Built Mathlib.Combinatorics.Tiling.Tile (3.7s)
✔ [6152/6173] Built Mathlib.Combinatorics.SimpleGraph.VertexCover (4.2s)
✔ [6153/6176] Built Mathlib.Combinatorics.Young.YoungDiagram (3.3s)
✔ [6154/6176] Built Mathlib.Combinatorics.SimpleGraph.Girth (2.9s)
✔ [6155/6177] Built Mathlib.Combinatorics.SimpleGraph.Circulant (3.1s)
✔ [6156/6181] Built Mathlib.Combinatorics.SimpleGraph.CompleteMultipartite (4.5s)
✔ [6157/6181] Built Mathlib.Data.Nat.PSub (2.1s)
✔ [6158/6181] Built Mathlib.Computability.Primrec.Basic (4.3s)
✔ [6159/6182] Built Mathlib.Data.Nat.Size (1.9s)
✔ [6160/6184] Built Mathlib.Data.Num.Basic (1.8s)
✔ [6161/6185] Built Mathlib.Combinatorics.Young.SemistandardTableau (2.5s)
✔ [6162/6186] Built Mathlib.Computability.Language (3.8s)
✔ [6163/6186] Built Mathlib.Combinatorics.SimpleGraph.Matching (11s)
✔ [6164/6186] Built Mathlib.Combinatorics.SimpleGraph.ConcreteColorings (4.0s)
✔ [6165/6188] Built Mathlib.Data.List.ReduceOption (2.6s)
✔ [6166/6189] Built Mathlib.Data.Num.Bitwise (3.8s)
✔ [6167/6191] Built Mathlib.Computability.DFA (3.5s)
✔ [6168/6191] Built Mathlib.Computability.ContextFreeGrammar (3.6s)
✔ [6169/6191] Built Mathlib.Computability.Primrec.List (5.5s)
✔ [6170/6191] Built Mathlib.Combinatorics.SimpleGraph.UniversalVerts (3.1s)
✔ [6171/6194] Built Mathlib.Computability.AkraBazzi.GrowsPolynomially (9.2s)
✔ [6172/6194] Built Mathlib.Combinatorics.SimpleGraph.Hall (3.8s)
✔ [6173/6194] Built Mathlib.Computability.Tape (3.2s)
✔ [6174/6194] Built Mathlib.Computability.MyhillNerode (2.5s)
✔ [6175/6195] Built Mathlib.Computability.Primrec (2.2s)
✔ [6176/6196] Built Mathlib.Computability.NFA (3.7s)
✔ [6177/6200] Built Mathlib.Computability.RegularExpressions (3.5s)
✔ [6178/6202] Built Mathlib.Data.Num.Lemmas (6.4s)
✔ [6179/6205] Built Mathlib.Combinatorics.SimpleGraph.FiveWheelLike (11s)
✔ [6180/6206] Built Mathlib.Computability.Partrec (4.7s)
✔ [6181/6206] Built Mathlib.Topology.Category.CompHausLike.Basic (3.5s)
✔ [6182/6209] Built Mathlib.Computability.EpsilonNFA (3.0s)
✔ [6183/6209] Built Mathlib.Computability.Encoding (3.0s)
✔ [6184/6209] Built Mathlib.Computability.PostTuringMachine (5.8s)
✔ [6185/6211] Built Mathlib.Computability.TuringDegree (3.1s)
✔ [6186/6219] Built Mathlib.Topology.Separation.Profinite (4.3s)
✔ [6187/6226] Built Mathlib.Topology.ExtremallyDisconnected (2.8s)
✔ [6188/6228] Built Mathlib.Topology.Category.CompHaus.Basic (3.8s)
✔ [6189/6228] Built Mathlib.Topology.Category.CompHausLike.Limits (4.1s)
✔ [6190/6228] Built Mathlib.Topology.Category.TopCat.Limits.Cofiltered (2.8s)
✔ [6191/6228] Built Mathlib.Topology.DiscreteQuotient (3.8s)
✔ [6192/6228] Built Mathlib.Computability.TuringMachine (5.4s)
✔ [6193/6228] Built Mathlib.Combinatorics.SimpleGraph.Tutte (13s)
✔ [6194/6231] Built Mathlib.Topology.ClopenBox (2.8s)
✔ [6195/6231] Built Mathlib.Topology.Category.CompHaus.Projective (3.4s)
✔ [6196/6234] Built Mathlib.Topology.Category.CompHaus.Limits (2.9s)
✔ [6197/6238] Built Mathlib.Computability.PartrecCode (9.6s)
✔ [6198/6238] Built Mathlib.Topology.Category.CompHausLike.EffectiveEpi (2.7s)
✔ [6199/6238] Built Mathlib.Topology.Category.Profinite.Basic (4.4s)
✔ [6200/6242] Built Mathlib.Computability.TMComputable (2.7s)
✔ [6201/6242] Built Mathlib.Topology.Category.TopCat.Yoneda (2.6s)
✔ [6202/6242] Built Mathlib.Topology.Category.CompHausLike.SigmaComparison (2.4s)
✔ [6203/6242] Built Mathlib.Logic.Function.FiberPartition (1.8s)
✔ [6204/6243] Built Mathlib.Computability.AkraBazzi.SumTransform (17s)
✔ [6205/6243] Built Mathlib.Computability.Halting (2.0s)
✔ [6206/6244] Built Mathlib.Topology.Category.CompHaus.EffectiveEpi (3.6s)
✔ [6207/6245] Built Mathlib.Computability.Ackermann (4.3s)
✔ [6208/6245] Built Mathlib.Topology.Category.Stonean.Basic (3.8s)
✔ [6209/6245] Built Mathlib.Topology.Category.Profinite.Limits (3.3s)
✔ [6210/6245] Built Mathlib.Topology.Category.Profinite.AsLimit (3.5s)
✔ [6211/6245] Built Mathlib.Topology.Category.Profinite.CofilteredLimit (4.6s)
✔ [6212/6248] Built Mathlib.Topology.FiberPartition (2.8s)
✔ [6213/6248] Built Mathlib.Computability.Reduce (2.0s)
✔ [6214/6250] Built Mathlib.Condensed.Basic (3.4s)
✔ [6215/6250] Built Mathlib.Topology.Category.Stonean.Limits (3.5s)
✔ [6216/6250] Built Mathlib.Topology.Category.Profinite.EffectiveEpi (3.7s)
✔ [6217/6250] Built Mathlib.Computability.TMConfig (4.0s)
✔ [6218/6250] Built Mathlib.Topology.LocallyConstant.Algebra (6.8s)
✔ [6219/6250] Built Mathlib.Condensed.Functors (3.2s)
✔ [6220/6252] Built Mathlib.Topology.Category.LightProfinite.Basic (5.8s)
✔ [6221/6252] Built Mathlib.Condensed.CartesianClosed (3.3s)
✔ [6222/6255] Built Mathlib.Condensed.TopComparison (4.1s)
✔ [6223/6255] Built Mathlib.Topology.Category.Profinite.Extend (4.0s)
✔ [6224/6258] Built Mathlib.Topology.Category.Stonean.EffectiveEpi (3.6s)
✔ [6225/6260] Built Mathlib.Condensed.Module (3.8s)
✔ [6226/6262] Built Mathlib.Topology.Category.Sequential (2.7s)
✔ [6227/6262] Built Mathlib.Topology.Category.LightProfinite.AsLimit (3.5s)
✔ [6228/6265] Built Mathlib.Topology.Category.LightProfinite.Limits (3.5s)
✔ [6229/6266] Built Mathlib.Topology.Category.CompHausLike.Cartesian (3.6s)
✔ [6230/6266] Built Mathlib.Topology.Compactification.OnePoint.Basic (4.4s)
✔ [6231/6269] Built Mathlib.Computability.TMToPartrec (5.7s)
✔ [6232/6269] Built Mathlib.Condensed.Equivalence (4.3s)
✔ [6233/6269] Built Mathlib.Computability.AkraBazzi.AkraBazzi (14s)
✔ [6234/6270] Built Mathlib.Condensed.Limits (3.7s)
✔ [6235/6270] Built Mathlib.Control.Bitraversable.Basic (2.4s)
✔ [6236/6270] Built Mathlib.Topology.Category.LightProfinite.EffectiveEpi (3.4s)
✔ [6237/6270] Built Mathlib.Topology.Category.LightProfinite.Extend (4.9s)
✔ [6238/6270] Built Mathlib.Control.Traversable.Lemmas (2.3s)
✔ [6239/6270] Built Mathlib.Topology.Category.LightProfinite.Cartesian (4.2s)
✔ [6240/6270] Built Mathlib.Topology.Category.LightProfinite.Sequence (4.1s)
✔ [6241/6270] Built Mathlib.Topology.Compactness.CompactlyGeneratedSpace (4.9s)
✔ [6242/6272] Built Mathlib.Control.EquivFunctor.Instances (2.9s)
✔ [6243/6272] Built Mathlib.Control.Bitraversable.Lemmas (2.2s)
✔ [6244/6274] Built Mathlib.Condensed.Explicit (4.7s)
✔ [6245/6274] Built Mathlib.Condensed.Epi (5.3s)
✔ [6246/6275] Built Mathlib.Condensed.Solid (4.3s)
✔ [6247/6278] Built Mathlib.Data.Nat.Upto (2.3s)
✔ [6248/6279] Built Mathlib.Condensed.Light.Basic (4.1s)
✔ [6249/6279] Built Mathlib.Topology.Category.CompactlyGenerated (3.0s)
✔ [6250/6281] Built Mathlib.Condensed.Light.Instances (4.6s)
✔ [6251/6281] Built Mathlib.Control.Bitraversable.Instances (2.8s)
✔ [6252/6281] Built Mathlib.Condensed.AB (6.7s)
✔ [6253/6281] Built Mathlib.Control.Traversable.Instances (2.9s)
✔ [6254/6284] Built Mathlib.Control.Fix (2.1s)
✔ [6255/6284] Built Mathlib.Data.Fin.Fin2 (2.7s)
✔ [6256/6284] Built Mathlib.Control.Lawful (1.9s)
✔ [6257/6284] Built Mathlib.Control.Monad.Writer (2.5s)
✔ [6258/6285] Built Mathlib.Condensed.Light.TopComparison (3.6s)
✔ [6259/6286] Built Mathlib.Control.Fold (3.3s)
✔ [6260/6286] Built Mathlib.Control.LawfulFix (3.0s)
✔ [6261/6287] Built Mathlib.Condensed.Light.CartesianClosed (3.9s)
✔ [6262/6288] Built Mathlib.Condensed.TopCatAdjunction (5.5s)
✔ [6263/6289] Built Mathlib.Control.Traversable.Equiv (2.1s)
✔ [6264/6290] Built Mathlib.Condensed.Discrete.Basic (4.3s)
✔ [6265/6290] Built Mathlib.Condensed.Light.Module (5.2s)
✔ [6266/6290] Built Mathlib.Data.Array.Extract (901ms)
✔ [6267/6290] Built Mathlib.Data.Bool.AllAny (873ms)
✔ [6268/6290] Built Mathlib.Control.Monad.Cont (2.5s)
✔ [6269/6291] Built Mathlib.Data.BitVec (2.7s)
✔ [6270/6291] Built Mathlib.Data.TypeVec (6.4s)
✔ [6271/6291] Built Mathlib.Data.Analysis.Filter (4.3s)
✔ [6272/6292] Built Mathlib.Condensed.Light.Explicit (3.5s)
✔ [6273/6292] Built Mathlib.Condensed.Light.TopCatAdjunction (5.4s)
✔ [6274/6292] Built Mathlib.Condensed.Light.Limits (3.7s)
✔ [6275/6293] Built Mathlib.Data.Bool.Count (3.1s)
✔ [6276/6293] Built Mathlib.Condensed.Light.Small (4.9s)
✔ [6277/6293] Built Mathlib.Control.ULiftable (2.4s)
✔ [6278/6294] Built Mathlib.Data.Char (1.7s)
✔ [6279/6295] Built Mathlib.Condensed.Light.Monoidal (7.3s)
✔ [6280/6295] Built Mathlib.Control.Functor.Multivariate (2.9s)
✔ [6281/6296] Built Mathlib.Data.Complex.Cardinality (2.8s)
✔ [6282/6297] Built Mathlib.Data.Analysis.Topology (3.4s)
✔ [6283/6298] Built Mathlib.Data.Complex.Exponential (2.8s)
✔ [6284/6299] Built Mathlib.Condensed.Light.Functors (3.6s)
✔ [6285/6300] Built Mathlib.Control.Random (2.3s)
✔ [6286/6301] Built Mathlib.Condensed.Discrete.LocallyConstant (6.6s)
✔ [6287/6302] Built Mathlib.Data.Complex.ExponentialBounds (2.6s)
✔ [6288/6302] Built Mathlib.Condensed.Light.Epi (4.4s)
✔ [6289/6302] Built Mathlib.Data.Complex.FiniteDimensional (2.3s)
✔ [6290/6302] Built Mathlib.Data.Complex.Norm (2.4s)
✔ [6291/6303] Built Mathlib.Data.Complex.Order (2.3s)
✔ [6292/6303] Built Mathlib.Data.DFinsupp.FiniteInfinite (1.0s)
✔ [6293/6304] Built Mathlib.Data.Complex.Trigonometric (2.4s)
✔ [6294/6305] Built Mathlib.Data.DFinsupp.Interval (2.9s)
✔ [6295/6305] Built Mathlib.Data.DFinsupp.Multiset (2.7s)
✔ [6296/6308] Built Mathlib.Data.DFinsupp.Notation (2.4s)
✔ [6297/6309] Built Mathlib.Data.DList.Instances (1.9s)
✔ [6298/6310] Built Mathlib.Data.Erased (1.5s)
✔ [6299/6310] Built Mathlib.Data.ENat.BigOperators (2.2s)
✔ [6300/6314] Built Mathlib.Condensed.Light.AB (3.6s)
✔ [6301/6314] Built Mathlib.Data.Semiquot (2.3s)
✔ [6302/6315] Built Mathlib.Data.Fin.FlagRange (2.3s)
✔ [6303/6316] Built Mathlib.Condensed.Light.InternallyProjective (4.9s)
✔ [6304/6317] Built Mathlib.Data.Fin.Pigeonhole (2.1s)
✔ [6305/6319] Built Mathlib.Data.Fin.Tuple.BubbleSortInduction (2.3s)
✔ [6306/6319] Built Mathlib.Logic.Function.FromTypes (2.1s)
✔ [6307/6319] Built Mathlib.Data.Fin.Tuple.Embedding (2.1s)
✔ [6308/6324] Built Mathlib.Data.FP.Basic (2.1s)
✔ [6309/6324] Built Mathlib.Data.Fin.Tuple.Take (2.1s)
✔ [6310/6327] Built Mathlib.Data.List.Lookmap (1.0s)
✔ [6311/6327] Built Mathlib.Data.Finite.Perm (2.1s)
✔ [6312/6328] Built Mathlib.Data.Finite.Vector (2.2s)
✔ [6313/6329] Built Mathlib.Logic.Function.OfArity (1.9s)
✔ [6314/6329] Built Mathlib.Condensed.Discrete.Colimit (8.9s)
✔ [6315/6330] Built Mathlib.Data.FinEnum (3.3s)
✔ [6316/6331] Built Mathlib.Data.Finset.DenselyOrdered (1.0s)
✔ [6317/6331] Built Mathlib.Condensed.Discrete.Module (10s)
✔ [6318/6332] Built Mathlib.Data.Multiset.Functor (2.2s)
✔ [6319/6333] Built Mathlib.Data.Finset.Lattice.Pi (2.2s)
✔ [6320/6333] Built Mathlib.Data.Fin.Tuple.Curry (2.1s)
✔ [6321/6334] Built Mathlib.Data.Finset.NatDivisors (2.3s)
✔ [6322/6335] Built Mathlib.Data.FinEnum.Option (2.3s)
✔ [6323/6336] Built Mathlib.Data.Finset.PImage (3.5s)
✔ [6324/6337] Built Mathlib.Data.List.Sigma (4.2s)
✔ [6325/6337] Built Mathlib.Data.Finset.PiInduction (2.6s)
✔ [6326/6339] Built Mathlib.Data.Finset.Functor (2.8s)
✔ [6327/6339] Built Mathlib.Data.Finsupp.BigOperators (2.7s)
✔ [6328/6340] Built Mathlib.Data.Finsupp.PWO (2.2s)
✔ [6329/6341] Built Mathlib.Data.Finsupp.NeLocus (3.0s)
✔ [6330/6342] Built Mathlib.Data.Finsupp.PointwiseSMul (2.6s)
✔ [6331/6343] Built Mathlib.Data.Finsupp.Pointwise (2.8s)
✔ [6332/6343] Built Mathlib.Data.List.AList (2.9s)
✔ [6333/6343] Built Mathlib.Data.Fintype.WithTopBot (2.5s)
✔ [6334/6343] Built Mathlib.Data.Finsupp.Sigma (2.9s)
✔ [6335/6346] Built Mathlib.Data.Int.AbsoluteValue (2.8s)
✔ [6336/6347] Built Mathlib.Data.Holor (3.9s)
✔ [6337/6348] Built Mathlib.Data.Int.Bitwise (3.2s)
✔ [6338/6351] Built Mathlib.Data.Finsupp.AList (3.0s)
✔ [6339/6351] Built Mathlib.Data.Int.Fib.Lemmas (3.4s)
✔ [6340/6352] Built Mathlib.Data.Int.Order.Lemmas (2.5s)
✔ [6341/6353] Built Mathlib.Data.Int.CardIntervalMod (4.2s)
✔ [6342/6353] Built Mathlib.Data.Int.NatPrime (2.4s)
✔ [6343/6354] Built Mathlib.Data.List.Indexes (1.2s)
✔ [6344/6355] Built Mathlib.Data.Finmap (4.3s)
✔ [6345/6356] Built Mathlib.Data.Int.Star (2.8s)
✔ [6346/6357] Built Mathlib.Data.List.TakeWhile (2.4s)
✔ [6347/6357] Built Mathlib.Condensed.Discrete.Characterization (11s)
✔ [6348/6358] Built Mathlib.Data.List.ChainOfFn (2.6s)
✔ [6349/6359] Built Mathlib.Data.List.InsertNth (2.4s)
✔ [6350/6360] Built Mathlib.Data.List.ModifyLast (959ms)
✔ [6351/6361] Built Mathlib.Data.Int.Lemmas (2.7s)
✔ [6352/6362] Built Mathlib.Data.List.Intervals (2.5s)
✔ [6353/6363] Built Mathlib.Data.List.Lemmas (2.3s)
✔ [6354/6364] Built Mathlib.Data.List.Map2 (2.4s)
✔ [6355/6365] Built Mathlib.Data.List.Palindrome (2.2s)
✔ [6356/6366] Built Mathlib.Data.List.DropRight (2.5s)
✔ [6357/6367] Built Mathlib.Data.List.Sections (2.0s)
✔ [6358/6368] Built Mathlib.Data.List.SplitBy (2.1s)
✔ [6359/6369] Built Mathlib.Data.List.SplitLengths (2.0s)
✔ [6360/6370] Built Mathlib.Data.List.Shortlex (2.6s)
✔ [6361/6371] Built Mathlib.Data.List.SplitOn (2.2s)
✔ [6362/6372] Built Mathlib.Data.Matrix.Auto (2.0s)
✔ [6363/6374] Built Mathlib.Data.List.PeriodicityLemma (5.3s)
✔ [6364/6374] Built Mathlib.Data.Matrix.Action (3.2s)
✔ [6365/6375] Built Mathlib.Data.Matrix.Bilinear (3.6s)
✔ [6366/6376] Built Mathlib.Data.Matrix.DualNumber (3.0s)
✔ [6367/6377] Built Mathlib.Data.Multiset.Pairwise (2.2s)
✔ [6368/6377] Built Mathlib.Data.Multiset.Interval (2.7s)
✔ [6369/6380] Built Mathlib.Data.Matrix.ColumnRowPartitioned (3.6s)
✔ [6370/6381] Built Mathlib.Data.Multiset.DershowitzManna (3.4s)
✔ [6371/6382] Built Mathlib.Data.NNRat.BigOperators (2.6s)
✔ [6372/6383] Built Mathlib.Data.Nat.Cast.Synonym (1.5s)
✔ [6373/6384] Built Mathlib.Data.Nat.Cast.SetInterval (2.0s)
✔ [6374/6385] Built Mathlib.Data.NNRat.Lemmas (2.2s)
✔ [6375/6386] Built Mathlib.Data.Nat.Prime.Factorial (2.1s)
✔ [6376/6387] Built Mathlib.Data.NNRat.Floor (3.7s)
✔ [6377/6387] Built Mathlib.Data.Nat.ChineseRemainder (2.9s)
✔ [6378/6388] Built Mathlib.Data.Nat.Choose.Mul (1.8s)
✔ [6379/6389] Built Mathlib.Data.Nat.Choose.Lucas (3.3s)
✔ [6380/6390] Built Mathlib.Data.Nat.Digits.Div (2.4s)
✔ [6381/6391] Built Mathlib.Data.Nat.Factorial.NatCast (2.5s)
✔ [6382/6392] Built Mathlib.Data.Nat.Dist (2.7s)
✔ [6383/6392] Built Mathlib.Data.Nat.Choose.Dvd (2.0s)
✔ [6384/6395] Built Mathlib.Data.Nat.Factorization.Root (2.7s)
✔ [6385/6398] Built Mathlib.Data.Nat.GCD.Prime (1.0s)
✔ [6386/6400] Built Mathlib.Data.Nat.Fib.Zeckendorf (2.8s)
✔ [6387/6405] Built Mathlib.Data.Ordering.Lemmas (890ms)
✔ [6388/6406] Built Mathlib.Data.Nat.Hyperoperation (2.9s)
✔ [6389/6406] Built Mathlib.Data.Nat.PowModTotient (2.5s)
✔ [6390/6408] Built Mathlib.Data.Nat.Nth (3.3s)
✔ [6391/6408] Built Mathlib.Data.PFunctor.Univariate.Basic (2.8s)
✔ [6392/6409] Built Mathlib.Data.Nat.PartENat (4.1s)
✔ [6393/6409] Built Mathlib.Data.PNat.Factors (3.1s)
✔ [6394/6410] Built Mathlib.Data.Ordmap.Ordnode (4.1s)
✔ [6395/6410] Built Mathlib.Data.PNat.Find (2.7s)
✔ [6396/6411] Built Mathlib.Data.PNat.Order (2.3s)
✔ [6397/6411] Built Mathlib.Data.PNat.Interval (2.7s)
✔ [6398/6421] Built Mathlib.Data.Nat.Prime.Nth (2.0s)
✔ [6399/6422] Built Mathlib.Data.Num.ZNum (6.3s)
✔ [6400/6422] Built Mathlib.Data.PNat.Xgcd (3.2s)
✔ [6401/6423] Built Mathlib.Data.PSigma.Order (2.5s)
✔ [6402/6424] Built Mathlib.Data.PFunctor.Multivariate.Basic (2.8s)
✔ [6403/6425] Built Mathlib.Data.Pi.Interval (2.7s)
✔ [6404/6425] Built Mathlib.Data.PFunctor.Univariate.M (3.7s)
✔ [6405/6426] Built Mathlib.Data.Rat.Cast.OfScientific (2.7s)
✔ [6406/6427] Built Mathlib.Data.Rat.Denumerable (2.3s)
✔ [6407/6427] Built Mathlib.Data.Num.Prime (2.5s)
✔ [6408/6427] Built Mathlib.Data.Rat.NatSqrt.Defs (2.6s)
✔ [6409/6428] Built Mathlib.Data.QPF.Multivariate.Basic (2.6s)
✔ [6410/6428] Built Mathlib.Data.PFunctor.Multivariate.W (2.9s)
✔ [6411/6428] Built Mathlib.Data.Rat.Star (2.7s)
✔ [6412/6428] Built Mathlib.Data.Ordmap.Invariants (5.8s)
✔ [6413/6428] Built Mathlib.Data.Real.Cardinality (2.6s)
✔ [6414/6428] Built Mathlib.Data.PFunctor.Multivariate.M (3.0s)
✔ [6415/6428] Built Mathlib.Data.QPF.Univariate.Basic (2.9s)
✔ [6416/6429] Built Mathlib.Data.Real.Hyperreal (2.5s)
✔ [6417/6430] Built Mathlib.Data.QPF.Multivariate.Constructions.Comp (2.4s)
✔ [6418/6430] Built Mathlib.Data.QPF.Multivariate.Constructions.Quot (2.3s)
✔ [6419/6430] Built Mathlib.Data.QPF.Multivariate.Constructions.Sigma (2.6s)
✔ [6420/6431] Built Mathlib.Data.QPF.Multivariate.Constructions.Prj (2.2s)
✔ [6421/6431] Built Mathlib.Data.Rat.NatSqrt.Real (3.6s)
✔ [6422/6432] Built Mathlib.Data.QPF.Multivariate.Constructions.Const (2.1s)
✔ [6423/6433] Built Mathlib.Data.Real.Embedding (5.2s)
✔ [6424/6433] Built Mathlib.Data.Real.Irrational (2.4s)
✔ [6425/6437] Built Mathlib.Data.QPF.Multivariate.Constructions.Fix (2.6s)
✔ [6426/6439] Built Mathlib.Data.Ordmap.Ordset (4.1s)
✔ [6427/6439] Built Mathlib.Data.QPF.Multivariate.Constructions.Cofix (3.8s)
✔ [6428/6439] Built Mathlib.Data.Real.Pi.Bounds (3.2s)
✔ [6429/6441] Built Mathlib.Data.Real.Sign (2.6s)
✔ [6430/6442] Built Mathlib.Data.Real.Pi.Irrational (3.6s)
✔ [6431/6443] Built Mathlib.Data.Real.Pi.Leibniz (3.6s)
✔ [6432/6444] Built Mathlib.Data.Real.Pi.Wallis (3.4s)
✔ [6433/6444] Built Mathlib.Data.Seq.Seq (1.0s)
✔ [6434/6447] Built Mathlib.Data.Set.Enumerate (2.2s)
✔ [6435/6448] Built Mathlib.Data.Set.Finite.List (2.3s)
✔ [6436/6449] Built Mathlib.Data.WSeq.Basic (4.1s)
✔ [6437/6449] Built Mathlib.Data.Set.Opposite (1.8s)
✔ [6438/6450] Built Mathlib.Data.Set.Finite.Monad (2.3s)
✔ [6439/6450] Built Mathlib.Data.Set.Pairwise.Chain (1.7s)
✔ [6440/6452] Built Mathlib.Data.Set.FiniteExhaustion (2.4s)
✔ [6441/6453] Built Mathlib.Data.String.Lemmas (1.5s)
✔ [6442/6454] Built Mathlib.Data.Setoid.Partition.Card (2.4s)
✔ [6443/6455] Built Mathlib.Data.Sigma.Order (2.3s)
✔ [6444/6455] Built Mathlib.Data.Tree.Get (772ms)
✔ [6445/6455] Built Mathlib.Data.Tree.RBMap (847ms)
✔ [6446/6458] Built Mathlib.Data.Sym.Sym2.Finsupp (2.4s)
✔ [6447/6459] Built Mathlib.Data.String.Basic (3.4s)
✔ [6448/6460] Built Mathlib.Data.Sum.Lattice (3.3s)
✔ [6449/6461] Built Mathlib.Data.Tree.Traversable (1.9s)
✔ [6450/6462] Built Mathlib.Data.WSeq.Relation (4.4s)
✔ [6451/6463] Built Mathlib.Data.Vector.Snoc (2.2s)
✔ [6452/6463] Built Mathlib.Data.Sigma.Interval (3.0s)
✔ [6453/6463] Built Mathlib.Data.Vector.Zip (1.9s)
✔ [6454/6464] Built Mathlib.Data.Vector.Mem (2.2s)
✔ [6455/6465] Built Mathlib.Data.UInt (3.4s)
✔ [6456/6466] Built Mathlib.Data.Sum.Interval (6.3s)
✔ [6457/6466] Built Mathlib.Data.Vector3 (2.8s)
✔ [6458/6469] Built Mathlib.Data.W.Constructions (2.3s)
✔ [6459/6471] Built Mathlib.Deprecated.Aliases (749ms)
✔ [6460/6471] Built Mathlib.Data.Seq.Parallel (2.7s)
✔ [6461/6473] Built Mathlib.Lean.Thunk (987ms)
✔ [6462/6473] Built Mathlib.Data.WSeq.Productive (2.5s)
✔ [6463/6475] Built Mathlib.Data.WSeq.Defs (3.1s)
✔ [6464/6475] Built Mathlib.Data.Vector.MapLemmas (3.2s)
✔ [6465/6478] Built Mathlib.Deprecated.Sort (843ms)
✔ [6466/6481] Built Mathlib.Data.ZMod.Coprime (2.9s)
✔ [6467/6481] Built Mathlib.Deprecated.Order (1.4s)
✔ [6468/6484] Built Mathlib.Data.ZMod.Factorial (2.7s)
✔ [6469/6487] Built Mathlib.Deprecated.RingHom (1.7s)
✔ [6470/6487] Built Mathlib.Order.SemiconjSup (1.9s)
✔ [6471/6488] Built Mathlib.Dynamics.BirkhoffSum.QuasiMeasurePreserving (2.6s)
✔ [6472/6488] Built Mathlib.Deprecated.Estimator (2.5s)
✔ [6473/6492] Built Mathlib.Dynamics.FixedPoints.Prufer (2.0s)
✔ [6474/6493] Built Mathlib.MeasureTheory.Group.AEStabilizer (3.3s)
✔ [6475/6494] Built Mathlib.Dynamics.Ergodic.Ergodic (3.1s)
✔ [6476/6494] Built Mathlib.MeasureTheory.Measure.ContinuousPreimage (3.4s)
✔ [6477/6494] Built Mathlib.Topology.Instances.AddCircle.DenseSubgroup (3.1s)
✔ [6478/6494] Built Mathlib.Deprecated.MLList.BestFirst (2.7s)
✔ [6479/6497] Built Mathlib.Dynamics.Ergodic.Conservative (3.3s)
✔ [6480/6501] Built Mathlib.Topology.Order.CountableSeparating (3.2s)
✔ [6481/6501] Built Mathlib.Dynamics.Circle.RotationNumber.TranslationNumber (5.6s)
✔ [6482/6501] Built Mathlib.MeasureTheory.Measure.Decomposition.RadonNikodym (5.1s)
✔ [6483/6501] Built Mathlib.Dynamics.Flow (3.9s)
✔ [6484/6503] Built Mathlib.Dynamics.Ergodic.Action.Basic (3.7s)
✔ [6485/6503] Built Mathlib.Dynamics.TopologicalEntropy.DynamicalEntourage (2.8s)
✔ [6486/6503] Built Mathlib.Dynamics.Ergodic.Function (3.2s)
✔ [6487/6503] Built Mathlib.MeasureTheory.Group.AddCircle (5.1s)
✔ [6488/6505] Built Mathlib.Dynamics.Transitive (2.7s)
✔ [6489/6505] Built Mathlib.Topology.Algebra.Group.TopologicalAbelianization (2.6s)
✔ [6490/6511] Built Mathlib.Dynamics.OmegaLimit (3.2s)
✔ [6491/6513] Built Mathlib.Dynamics.Ergodic.Action.Regular (3.3s)
✔ [6492/6515] Built Mathlib.Dynamics.Ergodic.RadonNikodym (3.7s)
✔ [6493/6515] Built Mathlib.RingTheory.Algebraic.Cardinality (2.9s)
✔ [6494/6515] Built Mathlib.Dynamics.TopologicalEntropy.CoverEntropy (4.4s)
✔ [6495/6515] Built Mathlib.Dynamics.Ergodic.AddCircle (4.9s)
✔ [6496/6528] Built Mathlib.FieldTheory.AbelRuffini (6.2s)
✔ [6497/6528] Built Mathlib.FieldTheory.AbsoluteGaloisGroup (3.7s)
✔ [6498/6530] Built Mathlib.Dynamics.Ergodic.Extreme (3.0s)
✔ [6499/6534] Built Mathlib.Dynamics.TopologicalEntropy.Semiconj (3.4s)
✔ [6500/6536] Built Mathlib.ModelTheory.Basic (5.3s)
✔ [6501/6537] Built Mathlib.RingTheory.MvPolynomial.FreeCommRing (3.1s)
✔ [6502/6538] Built Mathlib.FieldTheory.IsAlgClosed.Classification (4.9s)
✔ [6503/6539] Built Mathlib.Dynamics.TopologicalEntropy.NetEntropy (3.9s)
✔ [6504/6540] Built Mathlib.Dynamics.Ergodic.Action.OfMinimal (6.9s)
✔ [6505/6540] Built Mathlib.LinearAlgebra.FreeAlgebra (2.8s)
✔ [6506/6540] Built Mathlib.RingTheory.Nullstellensatz (4.5s)
✔ [6507/6540] Built Mathlib.GroupTheory.OreLocalization.Cardinality (2.8s)
✔ [6508/6541] Built Mathlib.SetTheory.Cardinal.Divisibility (2.7s)
✔ [6509/6541] Built Mathlib.ModelTheory.LanguageMap (3.8s)
✔ [6510/6541] Built Mathlib.Dynamics.TopologicalEntropy.Subset (3.4s)
✔ [6511/6541] Built Mathlib.Dynamics.Ergodic.AddCircleAdd (3.4s)
✔ [6512/6547] Built Mathlib.FieldTheory.Finite.Extension (3.8s)
✔ [6513/6547] Built Mathlib.RingTheory.OreLocalization.Cardinality (2.3s)
✔ [6514/6547] Built Mathlib.GroupTheory.MonoidLocalization.Cardinality (2.3s)
✔ [6515/6550] Built Mathlib.FieldTheory.Differential.Basic (5.5s)
✔ [6516/6552] Built Mathlib.FieldTheory.Finite.Polynomial (4.2s)
✔ [6517/6552] Built Mathlib.RingTheory.Invariant.Defs (1.9s)
✔ [6518/6554] Built Mathlib.RingTheory.Localization.Cardinality (2.4s)
✔ [6519/6555] Built Mathlib.Topology.Separation.Connected (2.2s)
✔ [6520/6556] Built Mathlib.RingTheory.Discriminant (5.7s)
✔ [6521/6557] Built Mathlib.FieldTheory.Cardinality (3.7s)
✔ [6522/6557] Built Mathlib.ModelTheory.Syntax (6.8s)
✔ [6523/6557] Built Mathlib.FieldTheory.PerfectClosure (6.2s)
✔ [6524/6557] Built Mathlib.FieldTheory.Galois.NormalBasis (7.4s)
✔ [6525/6557] Built Mathlib.FieldTheory.Differential.Liouville (7.2s)
✔ [6526/6557] Built Mathlib.RingTheory.Localization.NormTrace (3.7s)
✔ [6527/6557] Built Mathlib.FieldTheory.Laurent (3.9s)
✔ [6528/6557] Built Mathlib.FieldTheory.JacobsonNoether (6.1s)
✔ [6529/6561] Built Mathlib.ModelTheory.Encoding (4.1s)
✔ [6530/6561] Built Mathlib.GroupTheory.CosetCover (9.4s)
✔ [6531/6561] Built Mathlib.RingTheory.Algebraic.LinearIndependent (3.8s)
✔ [6532/6563] Built Mathlib.RingTheory.MvPolynomial (3.4s)
✔ [6533/6564] Built Mathlib.ModelTheory.Semantics (5.9s)
✔ [6534/6564] Built Mathlib.FieldTheory.KummerExtension (10s)
✔ [6535/6564] Built Mathlib.Topology.Algebra.Category.ProfiniteGrp.Basic (11s)
✔ [6536/6564] Built Mathlib.FieldTheory.IsPerfectClosure (7.0s)
✔ [6537/6564] Built Mathlib.FieldTheory.CardinalEmb (22s)
✔ [6538/6567] Built Mathlib.FieldTheory.MvRatFunc.Rank (3.8s)
✔ [6539/6567] Built Mathlib.FieldTheory.Isaacs (4.7s)
✔ [6540/6567] Built Mathlib.ModelTheory.Algebra.Ring.Basic (3.3s)
✔ [6541/6570] Built Mathlib.ModelTheory.Definability (3.3s)
✔ [6542/6570] Built Mathlib.ModelTheory.Quotients (2.4s)
✔ [6543/6570] Built Mathlib.LinearAlgebra.TensorProduct.Submodule (5.9s)
✔ [6544/6571] Built Mathlib.ModelTheory.Substructures (5.7s)
✔ [6545/6571] Built Mathlib.ModelTheory.Algebra.Ring.FreeCommRing (2.8s)
✔ [6546/6571] Built Mathlib.ModelTheory.Algebra.Field.Basic (3.7s)
✔ [6547/6571] Built Mathlib.RingTheory.AlgebraicIndependent.RankAndCardinality (4.4s)
✔ [6548/6571] Built Mathlib.ModelTheory.Ultraproducts (2.7s)
✔ [6549/6572] Built Mathlib.FieldTheory.Minpoly.IsConjRoot (4.5s)
✔ [6550/6572] Built Mathlib.RingTheory.TensorProduct.Nontrivial (7.3s)
✔ [6551/6573] Built Mathlib.FieldTheory.PrimeField (3.8s)
✔ [6552/6573] Built Mathlib.LinearAlgebra.LinearDisjoint (7.1s)
✔ [6553/6573] Built Mathlib.FieldTheory.Galois.Profinite (12s)
✔ [6554/6574] Built Mathlib.ModelTheory.Algebra.Ring.Definability (4.6s)
✔ [6555/6576] Built Mathlib.FieldTheory.NormalizedTrace (8.5s)
✔ [6556/6577] Built Mathlib.ModelTheory.Algebra.Field.CharP (3.2s)
✔ [6557/6578] Built Mathlib.ModelTheory.ElementaryMaps (8.3s)
✔ [6558/6578] Built Mathlib.FieldTheory.RatFunc.Degree (3.8s)
✔ [6559/6578] Built Mathlib.FieldTheory.Minpoly.ConjRootClass (4.5s)
✔ [6560/6580] Built Mathlib.FieldTheory.PurelyInseparable.Exponent (5.1s)
✔ [6561/6580] Built Mathlib.ModelTheory.ElementarySubstructures (2.8s)
✔ [6562/6582] Built Mathlib.Geometry.Convex.Cone.TensorProduct (4.7s)
✔ [6563/6584] Built Mathlib.FieldTheory.PurelyInseparable.PerfectClosure (9.0s)
✔ [6564/6585] Built Mathlib.ModelTheory.Skolem (2.9s)
✔ [6565/6593] Built Mathlib.FieldTheory.Relrank (9.8s)
✔ [6566/6597] Built Mathlib.ModelTheory.Bundled (2.0s)
✔ [6567/6598] Built Mathlib.LinearAlgebra.TensorProduct.Subalgebra (20s)
✔ [6568/6598] Built Mathlib.RingTheory.IntegralClosure.IntegralRestrict (34s)
✔ [6569/6598] Built Mathlib.ModelTheory.Satisfiability (3.5s)
✔ [6570/6598] Built Mathlib.Geometry.Euclidean.Angle.Unoriented.Affine (5.6s)
✔ [6571/6600] Built Mathlib.Geometry.Euclidean.PerpBisector (5.0s)
✔ [6572/6600] Built Mathlib.FieldTheory.SeparablyGenerated (14s)
✔ [6573/6602] Built Mathlib.Geometry.Euclidean.Angle.Unoriented.Conformal (4.4s)
✔ [6574/6602] Built Mathlib.Geometry.Euclidean.Angle.Unoriented.CrossProduct (4.0s)
✔ [6575/6604] Built Mathlib.ModelTheory.Algebra.Field.IsAlgClosed (4.8s)
✔ [6576/6606] Built Mathlib.Geometry.Euclidean.Basic (6.1s)
✔ [6577/6606] Built Mathlib.Geometry.Euclidean.Angle.Unoriented.RightAngle (7.3s)
✔ [6578/6607] Built Mathlib.Topology.MetricSpace.Congruence (4.7s)
✔ [6579/6609] Built Mathlib.Geometry.Euclidean.Projection (20s)
✔ [6580/6609] Built Mathlib.Geometry.Euclidean.Angle.Oriented.Basic (16s)
✔ [6581/6609] Built Mathlib.RingTheory.Invariant.Basic (12s)
✔ [6582/6610] Built Mathlib.FieldTheory.AxGrothendieck (6.4s)
✔ [6583/6610] Built Mathlib.Geometry.Euclidean.Inversion.ImageHyperplane (4.6s)
✔ [6584/6611] Built Mathlib.Geometry.Euclidean.Angle.Unoriented.Projection (4.8s)
✔ [6585/6611] Built Mathlib.Geometry.Euclidean.Sphere.Basic (6.0s)
✔ [6586/6613] Built Mathlib.Geometry.Euclidean.Inversion.Calculus (8.7s)
✔ [6587/6613] Built Mathlib.Topology.MetricSpace.Similarity (5.3s)
✔ [6588/6614] Built Mathlib.RingTheory.LinearDisjoint (20s)
✔ [6589/6614] Built Mathlib.Geometry.Euclidean.Sphere.OrthRadius (5.8s)
✔ [6590/6615] Built Mathlib.Geometry.Euclidean.SignedDist (13s)
✔ [6591/6615] Built Mathlib.Geometry.Euclidean.Simplex (7.7s)
✔ [6592/6615] Built Mathlib.Geometry.Euclidean.Altitude (12s)
✔ [6593/6616] Built Mathlib.FieldTheory.Galois.IsGaloisGroup (9.7s)
✔ [6594/6619] Built Mathlib.Geometry.Euclidean.Angle.Oriented.Rotation (11s)
✔ [6595/6619] Built Mathlib.Geometry.Euclidean.Sphere.SecondInter (6.6s)
✔ [6596/6622] Built Mathlib.Geometry.Group.Growth.LinearLowerBound (3.1s)
✔ [6597/6623] Built Mathlib.Geometry.Group.Growth.QuotientInter (3.5s)
✔ [6598/6623] Built Mathlib.RingTheory.Derivation.Lie (3.8s)
✔ [6599/6623] Built Mathlib.Geometry.Euclidean.Sphere.Tangent (6.9s)
✔ [6600/6623] Built Mathlib.Geometry.Euclidean.Circumcenter (14s)
✔ [6601/6626] Built Mathlib.Geometry.Manifold.IsManifold.InteriorBoundary (4.9s)
✔ [6602/6626] Built Mathlib.Geometry.Manifold.ConformalGroupoid (3.4s)
✔ [6603/6626] Built Mathlib.Geometry.Manifold.Complex (4.8s)
✔ [6604/6627] Built Mathlib.Geometry.Euclidean.Sphere.Power (5.6s)
✔ [6605/6629] Built Mathlib.Geometry.Manifold.Algebra.SmoothFunctions (11s)
✔ [6606/6630] Built Mathlib.Geometry.Manifold.Bordism (7.1s)
✔ [6607/6634] Built Mathlib.Geometry.Euclidean.Angle.Oriented.Affine (13s)
✔ [6608/6634] Built Mathlib.Geometry.Euclidean.MongePoint (11s)
✔ [6609/6634] Built Mathlib.Geometry.Euclidean.Triangle (7.0s)
✔ [6610/6634] Built Mathlib.FieldTheory.LinearDisjoint (24s)
✔ [6611/6637] Built Mathlib.Geometry.Manifold.VectorBundle.Tangent (11s)
✔ [6612/6637] Built Mathlib.Geometry.Manifold.DerivationBundle (12s)
✔ [6613/6637] Built Mathlib.Geometry.Euclidean.Angle.Oriented.Projection (5.2s)
✔ [6614/6637] Built Mathlib.Geometry.Euclidean.Sphere.Ptolemy (4.4s)
✔ [6615/6637] Built Mathlib.Geometry.Euclidean.Angle.Oriented.RightAngle (10s)
✔ [6616/6637] Built Mathlib.Geometry.Euclidean.Incenter (23s)
✔ [6617/6638] Built Mathlib.Geometry.Euclidean.Congruence (4.1s)
✔ [6618/6638] Built Mathlib.Geometry.Euclidean.Similarity (7.3s)
✔ [6619/6642] Built Mathlib.Geometry.Euclidean.Angle.Bisector (12s)
✔ [6620/6645] Built Mathlib.FieldTheory.PurelyInseparable.Tower (7.7s)
✔ [6621/6647] Built Mathlib.Geometry.Manifold.MFDeriv.SpecificFunctions (28s)
✔ [6622/6647] Built Mathlib.Geometry.Manifold.LocalSourceTargetProperty (4.7s)
✔ [6623/6647] Built Mathlib.Topology.Homeomorph.TransferInstance (2.2s)
✔ [6624/6653] Built Mathlib.Geometry.Euclidean.Angle.Unoriented.TriangleInequality (10s)
✔ [6625/6653] Built Mathlib.Topology.VectorBundle.Hom (24s)
✔ [6626/6653] Built Mathlib.Geometry.Euclidean.Angle.Sphere (7.0s)
✔ [6627/6659] Built Mathlib.Geometry.Manifold.Instances.UnitsOfNormedAlgebra (4.1s)
✔ [6628/6660] Built Mathlib.Topology.Instances.Shrink (2.0s)
✔ [6629/6660] Built Mathlib.Geometry.Manifold.Metrizable (3.5s)
✔ [6630/6664] Built Mathlib.Geometry.Manifold.Instances.Real (7.6s)
✔ [6631/6664] Built Mathlib.MeasureTheory.Constructions.UnitInterval (4.4s)
✔ [6632/6665] Built Mathlib.Geometry.Manifold.MFDeriv.Atlas (6.1s)
✔ [6633/6666] Built Mathlib.MeasureTheory.Integral.IntervalIntegral.ContDiff (4.6s)
✔ [6634/6666] Built Mathlib.Geometry.Manifold.Sheaf.Basic (3.3s)
✔ [6635/6668] Built Mathlib.Topology.Algebra.Module.TransferInstance (2.7s)
✔ [6636/6668] Built Mathlib.Geometry.Manifold.VectorBundle.Pullback (4.1s)
✔ [6637/6668] Built Mathlib.Geometry.Manifold.Instances.Icc (5.8s)
✔ [6638/6669] Built Mathlib.Geometry.Manifold.MFDeriv.UniqueDifferential (5.1s)
✔ [6639/6669] Built Mathlib.GroupTheory.Abelianization.Finite (2.7s)
✔ [6640/6669] Built Mathlib.GroupTheory.ClassEquation (3.1s)
✔ [6641/6669] Built Mathlib.Geometry.Manifold.Algebra.LeftInvariantDerivation (25s)
✔ [6642/6671] Built Mathlib.GroupTheory.Commensurable (3.5s)
✔ [6643/6671] Built Mathlib.Geometry.Manifold.Sheaf.Smooth (12s)
✔ [6644/6675] Built Mathlib.Geometry.Manifold.Riemannian.PathELength (7.3s)
✔ [6645/6676] Built Mathlib.GroupTheory.Rank (2.6s)
✔ [6646/6676] Built Mathlib.Geometry.Manifold.Immersion (10s)
✔ [6647/6677] Built Mathlib.Geometry.Manifold.Instances.Sphere (16s)
✔ [6648/6677] Built Mathlib.GroupTheory.GroupAction.CardCommute (2.7s)
✔ [6649/6679] Built Mathlib.Geometry.Manifold.MFDeriv.NormedSpace (24s)
✔ [6650/6679] Built Mathlib.GroupTheory.Congruence.BigOperators (1.0s)
✔ [6651/6682] Built Mathlib.GroupTheory.Commutator.Finite (2.4s)
✔ [6652/6682] Built Mathlib.Geometry.Manifold.Sheaf.LocallyRingedSpace (4.7s)
✔ [6653/6685] Built Mathlib.GroupTheory.SpecificGroups.KleinFour (3.4s)
✔ [6654/6686] Built Mathlib.GroupTheory.FreeGroup.IsFreeGroup (2.3s)
✔ [6655/6686] Built Mathlib.GroupTheory.PresentedGroup (2.3s)
✔ [6656/6687] Built Mathlib.Geometry.Manifold.Diffeomorph (12s)
✔ [6657/6688] Built Mathlib.GroupTheory.SpecificGroups.Dihedral (3.7s)
✔ [6658/6688] Built Mathlib.GroupTheory.DoubleCoset (3.3s)
✔ [6659/6688] Built Mathlib.GroupTheory.Coprod.Basic (8.7s)
✔ [6660/6688] Built Mathlib.Geometry.Manifold.SmoothEmbedding (3.0s)
✔ [6661/6688] Built Mathlib.Topology.VectorBundle.Riemannian (31s)
✔ [6662/6688] Built Mathlib.Geometry.Manifold.MFDeriv.Tangent (3.0s)
✔ [6663/6688] Built Mathlib.GroupTheory.CoprodI (8.5s)
✔ [6664/6688] Built Mathlib.Geometry.Manifold.VectorBundle.MDifferentiable (11s)
✔ [6665/6688] Built Mathlib.GroupTheory.DivisibleHull (9.2s)
✔ [6666/6691] Built Mathlib.Geometry.Manifold.PoincareConjecture (3.0s)
✔ [6667/6691] Built Mathlib.GroupTheory.Coxeter.Matrix (12s)
✔ [6668/6692] Built Mathlib.Geometry.Manifold.WhitneyEmbedding (6.3s)
✔ [6669/6692] Built Mathlib.GroupTheory.FixedPointFree (2.8s)
✔ [6670/6692] Built Mathlib.GroupTheory.FiniteAbelian.Duality (3.4s)
✔ [6671/6693] Built Mathlib.Geometry.Manifold.LocalDiffeomorph (6.2s)
✔ [6672/6694] Built Mathlib.GroupTheory.CommutingProbability (4.5s)
✔ [6673/6695] Built Mathlib.Order.Radical (1.9s)
✔ [6674/6696] Built Mathlib.Geometry.Manifold.IntegralCurve.Basic (4.9s)
✔ [6675/6697] Built Mathlib.GroupTheory.FreeGroup.CyclicallyReduced (3.6s)
✔ [6676/6697] Built Mathlib.GroupTheory.FreeGroup.GeneratorEquiv (3.1s)
✔ [6677/6698] Built Mathlib.GroupTheory.FreeGroup.Orbit (3.0s)
✔ [6678/6699] Built Mathlib.GroupTheory.Coxeter.Basic (5.4s)
✔ [6679/6699] Built Mathlib.GroupTheory.FreeGroup.NielsenSchreier (3.0s)
✔ [6680/6699] Built Mathlib.Geometry.Manifold.VectorBundle.LocalFrame (7.6s)
✔ [6681/6699] Built Mathlib.GroupTheory.Nilpotent (6.5s)
✔ [6682/6702] Built Mathlib.GroupTheory.GroupAction.DomAct.ActionHom (2.1s)
✔ [6683/6702] Built Mathlib.GroupTheory.GroupAction.Embedding (1.8s)
✔ [6684/6710] Built Mathlib.GroupTheory.Frattini (2.4s)
✔ [6685/6711] Built Mathlib.Geometry.Manifold.IntegralCurve.Transform (4.8s)
✔ [6686/6712] Built Mathlib.GroupTheory.Coxeter.Length (3.7s)
✔ [6687/6712] Built Mathlib.GroupTheory.GroupAction.Transitive (2.4s)
✔ [6688/6713] Built Mathlib.GroupTheory.Goursat (5.7s)
✔ [6689/6713] Built Mathlib.GroupTheory.IndexNormal (2.5s)
✔ [6690/6715] Built Mathlib.SetTheory.Cardinal.Embedding (2.2s)
✔ [6691/6716] Built Mathlib.GroupTheory.GroupAction.Support (1.7s)
✔ [6692/6717] Built Mathlib.GroupTheory.GroupAction.Period (2.6s)
✔ [6693/6718] Built Mathlib.GroupTheory.GroupAction.Blocks (7.5s)
✔ [6694/6719] Built Mathlib.GroupTheory.GroupAction.SubMulAction.OfStabilizer (5.6s)
✔ [6695/6719] Built Mathlib.Geometry.Manifold.IntegralCurve.ExistUnique (4.9s)
✔ [6696/6720] Built Mathlib.GroupTheory.MonoidLocalization.DivPairs (2.4s)
✔ [6697/6720] Built Mathlib.GroupTheory.SpecificGroups.Alternating (4.1s)
✔ [6698/6720] Built Mathlib.GroupTheory.Coxeter.Inversion (6.1s)
✔ [6699/6722] Built Mathlib.GroupTheory.GroupExtension.Defs (4.0s)
✔ [6700/6722] Built Mathlib.GroupTheory.MonoidLocalization.Lemmas (2.1s)
✔ [6701/6724] Built Mathlib.GroupTheory.MonoidLocalization.Order (2.7s)
✔ [6702/6726] Built Mathlib.GroupTheory.GroupAction.Primitive (4.3s)
✔ [6703/6726] Built Mathlib.GroupTheory.NoncommCoprod (2.6s)
✔ [6704/6726] Built Mathlib.GroupTheory.Perm.ConjAct (2.6s)
✔ [6705/6726] Built Mathlib.GroupTheory.Perm.Cycle.PossibleTypes (2.6s)
✔ [6706/6728] Built Mathlib.GroupTheory.HNNExtension (8.5s)
✔ [6707/6729] Built Mathlib.GroupTheory.GroupExtension.Basic (4.3s)
✔ [6708/6729] Built Mathlib.GroupTheory.Perm.DomMulAct (2.7s)
✔ [6709/6731] Built Mathlib.GroupTheory.GroupAction.Iwasawa (2.3s)
✔ [6710/6732] Built Mathlib.Geometry.Manifold.IntegralCurve.UniformTime (6.1s)
✔ [6711/6737] Built Mathlib.GroupTheory.Perm.ClosureSwap (2.4s)
✔ [6712/6739] Built Mathlib.GroupTheory.Perm.Subgroup (2.1s)
✔ [6713/6739] Built Mathlib.Geometry.Manifold.VectorBundle.Hom (25s)
✔ [6714/6739] Built Mathlib.GroupTheory.Subgroup.Saturated (2.2s)
✔ [6715/6739] Built Mathlib.GroupTheory.RegularWreathProduct (4.3s)
✔ [6716/6740] Built Mathlib.GroupTheory.Transfer (5.0s)
✔ [6717/6740] Built Mathlib.GroupTheory.SpecificGroups.Quaternion (4.4s)
✔ [6718/6740] Built Mathlib.InformationTheory.Hamming (4.1s)
✔ [6719/6745] Built Mathlib.GroupTheory.Perm.Centralizer (5.9s)
✔ [6720/6745] Built Mathlib.GroupTheory.PushoutI (8.3s)
✔ [6721/6746] Built Mathlib.GroupTheory.SchurZassenhaus (3.4s)
✔ [6722/6747] Built Mathlib.GroupTheory.Schreier (3.4s)
✔ [6723/6747] Built Mathlib.Lean.CoreM (1.1s)
✔ [6724/6748] Built Mathlib.MeasureTheory.Measure.Decomposition.IntegralRNDeriv (4.5s)
✔ [6725/6748] Built Mathlib.Lean.Elab.Tactic.Basic (743ms)
✔ [6726/6750] Built Mathlib.Lean.EnvExtension (672ms)
✔ [6727/6752] Built Mathlib.MeasureTheory.Measure.Tilted (5.1s)
✔ [6728/6752] Built Mathlib.Lean.Exception (942ms)
✔ [6729/6753] Built Mathlib.Lean.Expr.ReplaceRec (874ms)
✔ [6730/6754] Built Mathlib.GroupTheory.SpecificGroups.Alternating.Centralizer (4.0s)
✔ [6731/6754] Built Mathlib.Lean.Json (936ms)
✔ [6732/6754] Built Mathlib.GroupTheory.GroupAction.SubMulAction.OfFixingSubgroup (15s)
✔ [6733/6755] Built Mathlib.Lean.LocalContext (860ms)
✔ [6734/6756] Built Mathlib.Lean.Expr (814ms)
✔ [6735/6756] Built Mathlib.Lean.Message (874ms)
✔ [6736/6757] Built Mathlib.Lean.Meta.DiscrTree (872ms)
✔ [6737/6758] Built Mathlib.Geometry.Manifold.ContMDiffMFDeriv (11s)
✔ [6738/6758] Built Mathlib.GroupTheory.SpecificGroups.ZGroup (6.2s)
✔ [6739/6759] Built Mathlib.LinearAlgebra.AffineSpace.ContinuousAffineEquiv (2.4s)
✔ [6740/6760] Built Mathlib.GroupTheory.SpecificGroups.Alternating.KleinFour (3.6s)
✔ [6741/6760] Built Mathlib.MeasureTheory.Measure.LogLikelihoodRatio (4.3s)
✔ [6742/6761] Built Mathlib.LinearAlgebra.AffineSpace.Matrix (3.5s)
✔ [6743/6763] Built Mathlib.LinearAlgebra.AffineSpace.MidpointZero (2.6s)
✔ [6744/6766] Built Mathlib.LinearAlgebra.Basis.Flag (2.8s)
✔ [6745/6766] Built Mathlib.GroupTheory.GroupAction.MultipleTransitivity (7.8s)
✔ [6746/6767] Built Mathlib.InformationTheory.KullbackLeibler.KLFun (4.9s)
✔ [6747/6767] Built Mathlib.LinearAlgebra.TensorProduct.Opposite (5.8s)
✔ [6748/6767] Built Mathlib.LinearAlgebra.Alternating.DomCoprod (8.1s)
✔ [6749/6769] Built Mathlib.LinearAlgebra.QuadraticForm.QuadraticModuleCat (5.2s)
✔ [6750/6770] Built Mathlib.LinearAlgebra.BilinearForm.TensorProduct (9.1s)
✔ [6751/6770] Built Mathlib.GroupTheory.GroupAction.SubMulAction.Combination (4.2s)
✔ [6752/6771] Built Mathlib.Geometry.Manifold.VectorField.Pullback (11s)
✔ [6753/6771] Built Mathlib.LinearAlgebra.CliffordAlgebra.Star (3.2s)
✔ [6754/6772] Built Mathlib.InformationTheory.KullbackLeibler.Basic (4.4s)
✔ [6755/6776] Built Mathlib.LinearAlgebra.CliffordAlgebra.CategoryTheory (3.4s)
✔ [6756/6777] Built Mathlib.LinearAlgebra.QuadraticForm.Prod (6.5s)
✔ [6757/6778] Built Mathlib.LinearAlgebra.CliffordAlgebra.Contraction (11s)
✔ [6758/6778] Built Mathlib.GroupTheory.GroupAction.MultiplePrimitivity (9.5s)
✔ [6759/6779] Built Mathlib.Geometry.Manifold.VectorBundle.Riemannian (29s)
✔ [6760/6779] Built Mathlib.LinearAlgebra.ConvexSpace (4.0s)
✔ [6761/6780] Built Mathlib.LinearAlgebra.Dimension.Torsion.Basic (4.1s)
✔ [6762/6780] Built Mathlib.LinearAlgebra.CliffordAlgebra.Even (11s)
✔ [6763/6780] Built Mathlib.LinearAlgebra.CliffordAlgebra.Inversion (5.8s)
✔ [6764/6780] Built Mathlib.Geometry.Manifold.VectorField.LieBracket (13s)
✔ [6765/6780] Built Mathlib.LinearAlgebra.DirectSum.Basis (2.9s)
✔ [6766/6781] Built Mathlib.LinearAlgebra.TensorProduct.Graded.External (11s)
✔ [6767/6781] Built Mathlib.LinearAlgebra.Dimension.Torsion.Finite (3.4s)
✔ [6768/6783] Built Mathlib.LinearAlgebra.CliffordAlgebra.Equivs (10s)
✔ [6769/6785] Built Mathlib.LinearAlgebra.QuadraticForm.TensorProduct (15s)
✔ [6770/6785] Built Mathlib.LinearAlgebra.Eigenspace.Charpoly (3.1s)
✔ [6771/6785] Built Mathlib.RingTheory.TensorProduct.IsBaseChangeFree (3.8s)
✔ [6772/6785] Built Mathlib.GroupTheory.GroupAction.Jordan (10s)
✔ [6773/6785] Built Mathlib.LinearAlgebra.CliffordAlgebra.SpinGroup (6.2s)
✔ [6774/6789] Built Mathlib.Geometry.Manifold.GroupLieAlgebra (6.2s)
✔ [6775/6790] Built Mathlib.Geometry.Manifold.Riemannian.Basic (14s)
✔ [6776/6791] Built Mathlib.LinearAlgebra.CliffordAlgebra.EvenEquiv (10s)
✔ [6777/6791] Built Mathlib.GroupTheory.Perm.MaximalSubgroups (5.5s)
✔ [6778/6791] Built Mathlib.RingTheory.TensorProduct.IsBaseChangeHom (7.9s)
✔ [6779/6793] Built Mathlib.LinearAlgebra.ExteriorAlgebra.Grading (8.7s)
✔ [6780/6795] Built Mathlib.LinearAlgebra.FreeModule.Determinant (3.2s)
✔ [6781/6796] Built Mathlib.LinearAlgebra.CliffordAlgebra.BaseChange (10s)
✔ [6782/6797] Built Mathlib.LinearAlgebra.GeneralLinearGroup (1.8s)
✔ [6783/6798] Built Mathlib.LinearAlgebra.FreeModule.ModN (5.3s)
✔ [6784/6799] Built Mathlib.LinearAlgebra.FreeModule.Int (6.4s)
✔ [6785/6801] Built Mathlib.LinearAlgebra.TensorPower.Basic (11s)
✔ [6786/6801] Built Mathlib.GroupTheory.SpecificGroups.Alternating.MaximalSubgroups (5.4s)
✔ [6787/6802] Built Mathlib.LinearAlgebra.LeftExact (2.7s)
✔ [6788/6802] Built Mathlib.LinearAlgebra.Matrix.CharP (1.0s)
✔ [6789/6803] Built Mathlib.LinearAlgebra.Matrix.AbsoluteValue (3.0s)
✔ [6790/6803] Built Mathlib.LinearAlgebra.Dual.BaseChange (6.9s)
✔ [6791/6804] Built Mathlib.LinearAlgebra.Goursat (6.0s)
✔ [6792/6805] Built Mathlib.LinearAlgebra.Matrix.Circulant (2.6s)
✔ [6793/6806] Built Mathlib.LinearAlgebra.TensorPower.Pairing (2.9s)
✔ [6794/6806] Built Mathlib.LinearAlgebra.TensorAlgebra.ToTensorPower (3.6s)
✔ [6795/6807] Built Mathlib.LinearAlgebra.Matrix.Determinant.Misc (2.8s)
✔ [6796/6808] Built Mathlib.LinearAlgebra.Matrix.Determinant.TotallyUnimodular (3.2s)
✔ [6797/6808] Built Mathlib.LinearAlgebra.Matrix.FiniteDimensional (2.9s)
✔ [6798/6809] Built Mathlib.LinearAlgebra.Matrix.Charpoly.FiniteField (3.3s)
✔ [6799/6810] Built Mathlib.LinearAlgebra.Matrix.GeneralLinearGroup.Card (3.0s)
✔ [6800/6810] Built Mathlib.LinearAlgebra.Matrix.FixedDetMatrices (4.8s)
✔ [6801/6813] Built Mathlib.LinearAlgebra.Matrix.Gershgorin (3.7s)
✔ [6802/6814] Built Mathlib.LinearAlgebra.Matrix.HermitianFunctionalCalculus (2.8s)
✔ [6803/6815] Built Mathlib.LinearAlgebra.ExteriorPower.Pairing (5.1s)
✔ [6804/6816] Built Mathlib.LinearAlgebra.TensorProduct.Graded.Internal (26s)
✔ [6805/6817] Built Mathlib.LinearAlgebra.Matrix.Integer (2.7s)
✔ [6806/6817] Built Mathlib.LinearAlgebra.FreeProduct.Basic (5.2s)
✔ [6807/6818] Built Mathlib.LinearAlgebra.Matrix.Orthogonal (2.4s)
✔ [6808/6819] Built Mathlib.LinearAlgebra.Matrix.Ideal (4.9s)
✔ [6809/6819] Built Mathlib.LinearAlgebra.Matrix.Irreducible.Defs (3.3s)
✔ [6810/6820] Built Mathlib.LinearAlgebra.Matrix.LDL (3.1s)
✔ [6811/6821] Built Mathlib.LinearAlgebra.Matrix.Permanent (2.6s)
✔ [6812/6822] Built Mathlib.LinearAlgebra.Matrix.ProjectiveSpecialLinearGroup (2.7s)
✔ [6813/6823] Built Mathlib.LinearAlgebra.Matrix.Module (4.1s)
✔ [6814/6823] Built Mathlib.LinearAlgebra.Matrix.Unique (2.5s)
✔ [6815/6827] Built Mathlib.LinearAlgebra.Matrix.IsDiag (2.9s)
✔ [6816/6830] Built Mathlib.LinearAlgebra.Matrix.Swap (3.0s)
✔ [6817/6831] Built Mathlib.LinearAlgebra.Multilinear.DirectSum (3.1s)
✔ [6818/6832] Built Mathlib.LinearAlgebra.Multilinear.FiniteDimensional (3.2s)
✔ [6819/6833] Built Mathlib.LinearAlgebra.Multilinear.Pi (3.2s)
✔ [6820/6834] Built Mathlib.LinearAlgebra.PerfectPairing.Matrix (3.1s)
✔ [6821/6835] Built Mathlib.LinearAlgebra.PiTensorProduct.DFinsupp (3.6s)
✔ [6822/6835] Built Mathlib.LinearAlgebra.CliffordAlgebra.Prod (7.3s)
✔ [6823/6835] Built Mathlib.LinearAlgebra.Projectivization.Action (3.4s)
✔ [6824/6838] Built Mathlib.LinearAlgebra.Projectivization.Independence (3.2s)
✔ [6825/6839] Built Mathlib.LinearAlgebra.Projectivization.Cardinality (4.1s)
✔ [6826/6843] Built Mathlib.LinearAlgebra.Projectivization.Subspace (4.1s)
✔ [6827/6851] Built Mathlib.LinearAlgebra.QuadraticForm.Basis (4.4s)
✔ [6828/6852] Built Mathlib.LinearAlgebra.PiTensorProduct.DirectSum (3.5s)
✔ [6829/6853] Built Mathlib.LinearAlgebra.QuadraticForm.Complex (4.8s)
✔ [6830/6854] Built Mathlib.Order.Interval.Set.OrdConnectedLinear (2.5s)
✔ [6831/6854] Built Mathlib.LinearAlgebra.QuadraticForm.Real (4.9s)
✔ [6832/6855] Built Mathlib.LinearAlgebra.SModEq (2.2s)
✔ [6833/6856] Built Mathlib.LinearAlgebra.RootSystem.RootPairingCat (3.3s)
✔ [6834/6857] Built Mathlib.RingTheory.PiTensorProduct (10s)
✔ [6835/6857] Built Mathlib.LinearAlgebra.SModEq.Pointwise (2.5s)
✔ [6836/6858] Built Mathlib.LinearAlgebra.RootSystem.OfBilinear (5.1s)
✔ [6837/6860] Built Mathlib.LinearAlgebra.QuadraticForm.Dual (8.4s)
✔ [6838/6861] Built Mathlib.LinearAlgebra.SesquilinearForm (2.3s)
✔ [6839/6862] Built Mathlib.LinearAlgebra.SesquilinearForm.Star (3.8s)
✔ [6840/6863] Built Mathlib.LinearAlgebra.PiTensorProduct.Finsupp (2.0s)
✔ [6841/6864] Built Mathlib.LinearAlgebra.QuadraticForm.TensorProduct.Isometries (10s)
✔ [6842/6864] Built Mathlib.LinearAlgebra.TensorAlgebra.Basis (3.7s)
✔ [6843/6865] Built Mathlib.LinearAlgebra.TensorAlgebra.Grading (4.4s)
✔ [6844/6865] Built Mathlib.LinearAlgebra.TensorPower.Symmetric (3.7s)
✔ [6845/6866] Built Mathlib.LinearAlgebra.TensorProduct.Matrix (3.9s)
✔ [6846/6866] Built Mathlib.LinearAlgebra.SymmetricAlgebra.Basic (6.5s)
✔ [6847/6868] Built Mathlib.LinearAlgebra.RootSystem.Chain (9.4s)
✔ [6848/6868] Built Mathlib.LinearAlgebra.PiTensorProduct.Basis (3.1s)
✔ [6849/6869] Built Mathlib.Logic.Equiv.Array (2.0s)
✔ [6850/6869] Built Mathlib.Logic.Equiv.Bool (1.7s)
✔ [6851/6869] Built Mathlib.Logic.Equiv.Pairwise (1.4s)
✔ [6852/6870] Built Mathlib.Logic.Godel.GodelBetaFunction (2.6s)
✔ [6853/6870] Built Mathlib.LinearAlgebra.SpecialLinearGroup (11s)
✔ [6854/6872] Built Mathlib.LinearAlgebra.Transvection (6.8s)
✔ [6855/6875] Built Mathlib.LinearAlgebra.SymmetricAlgebra.Basis (3.2s)
✔ [6856/6876] Built Mathlib.Logic.Hydra (2.7s)
✔ [6857/6877] Built Mathlib.MeasureTheory.Constructions.AddChar (2.5s)
✔ [6858/6881] Built Mathlib.LinearAlgebra.PiTensorProduct.Dual (4.7s)
✔ [6859/6882] Built Mathlib.LinearAlgebra.QuadraticForm.QuadraticModuleCat.Monoidal (8.8s)
✔ [6860/6884] Built Mathlib.MeasureTheory.Category.MeasCat (4.0s)
✔ [6861/6884] Built Mathlib.MeasureTheory.Constructions.Cylinders (3.5s)
✔ [6862/6884] Built Mathlib.MeasureTheory.Constructions.Polish.StronglyMeasurable (3.6s)
✔ [6863/6884] Built Mathlib.MeasureTheory.Constructions.SubmoduleQuotient (2.4s)
✔ [6864/6884] Built Mathlib.MeasureTheory.SetSemiring (3.6s)
✔ [6865/6886] Built Mathlib.LinearAlgebra.QuadraticForm.QuadraticModuleCat.Symmetric (3.8s)
✔ [6866/6886] Built Mathlib.LinearAlgebra.RootSystem.Base (9.9s)
✔ [6867/6886] Built Mathlib.Topology.Order.WithTop (8.0s)
✔ [6868/6888] Built Mathlib.MeasureTheory.Constructions.HaarToSphere (8.2s)
✔ [6869/6888] Built Mathlib.MeasureTheory.Covering.LiminfLimsup (5.3s)
✔ [6870/6888] Built Mathlib.MeasureTheory.Constructions.ClosedCompactCylinders (3.0s)
✔ [6871/6888] Built Mathlib.MeasureTheory.Constructions.Projective (3.6s)
✔ [6872/6888] Built Mathlib.MeasureTheory.SetAlgebra (2.5s)
✔ [6873/6895] Built Mathlib.MeasureTheory.Function.AEEqFun.DomAct (4.2s)
✔ [6874/6895] Built Mathlib.Order.SuccPred.IntervalSucc (3.6s)
✔ [6875/6897] Built Mathlib.MeasureTheory.Measure.AddContent (4.1s)
✔ [6876/6897] Built Mathlib.MeasureTheory.Constructions.BorelSpace.WithTop (2.0s)
✔ [6877/6903] Built Mathlib.MeasureTheory.Function.LpSeminorm.Trim (3.4s)
✔ [6878/6908] Built Mathlib.MeasureTheory.Constructions.ProjectiveFamilyContent (3.9s)
✔ [6879/6913] Built Mathlib.MeasureTheory.Function.UniformIntegrable (8.5s)
✔ [6880/6914] Built Mathlib.LinearAlgebra.RootSystem.CartanMatrix (10s)
✔ [6881/6914] Built Mathlib.MeasureTheory.Measure.HasOuterApproxClosed (5.2s)
✔ [6882/6915] Built Mathlib.Order.Restriction (2.3s)
✔ [6883/6915] Built Mathlib.MeasureTheory.Function.AbsolutelyContinuous (10s)
✔ [6884/6916] Built Mathlib.LinearAlgebra.RootSystem.BaseExists (13s)
✔ [6885/6916] Built Mathlib.MeasureTheory.VectorMeasure.Basic (10s)
✔ [6886/6916] Built Mathlib.MeasureTheory.Function.ConditionalExpectation.AEMeasurable (9.6s)
✔ [6887/6916] Built Mathlib.MeasureTheory.Function.Floor (3.1s)
✔ [6888/6918] Built Mathlib.MeasureTheory.MeasurableSpace.PreorderRestrict (2.1s)
✔ [6889/6918] Built Mathlib.MeasureTheory.Function.Intersectivity (4.7s)
✔ [6890/6918] Built Mathlib.MeasureTheory.Function.LpSpace.ContinuousCompMeasurePreserving (4.2s)
✔ [6891/6919] Built Mathlib.MeasureTheory.VectorMeasure.WithDensity (4.7s)
✔ [6892/6920] Built Mathlib.MeasureTheory.Function.LpSpace.DomAct.Basic (7.0s)
✔ [6893/6921] Built Mathlib.LinearAlgebra.RootSystem.Finite.G2 (21s)
✔ [6894/6922] Built Mathlib.MeasureTheory.VectorMeasure.Decomposition.Hahn (5.8s)
✔ [6895/6922] Built Mathlib.MeasureTheory.Measure.Complex (4.8s)
✔ [6896/6922] Built Mathlib.Topology.Algebra.Constructions.DomMulAct (3.4s)
✔ [6897/6923] Built Mathlib.MeasureTheory.Function.ConditionalExpectation.Unique (4.8s)
✔ [6898/6923] Built Mathlib.MeasureTheory.Measure.FiniteMeasure (9.9s)
✔ [6899/6924] Built Mathlib.MeasureTheory.Function.SpecialFunctions.Arctan (3.2s)
✔ [6900/6924] Built Mathlib.MeasureTheory.Function.SpecialFunctions.Inner (3.5s)
✔ [6901/6925] Built Mathlib.MeasureTheory.Function.SpecialFunctions.RCLike (3.6s)
✔ [6902/6925] Built Mathlib.LinearAlgebra.RootSystem.GeckConstruction.Basic (14s)
✔ [6903/6926] Built Mathlib.MeasureTheory.VectorMeasure.Decomposition.Jordan (4.5s)
✔ [6904/6927] Built Mathlib.MeasureTheory.Function.LpSpace.DomAct.Continuous (3.6s)
✔ [6905/6927] Built Mathlib.MeasureTheory.Function.SpecialFunctions.Sinc (3.9s)
✔ [6906/6927] Built Mathlib.MeasureTheory.Function.UnifTight (4.6s)
✔ [6907/6928] Built Mathlib.MeasureTheory.Group.FoelnerFilter (4.5s)
✔ [6908/6928] Built Mathlib.MeasureTheory.VectorMeasure.Decomposition.Lebesgue (5.9s)
✔ [6909/6928] Built Mathlib.MeasureTheory.Measure.ProbabilityMeasure (7.5s)
✔ [6910/6928] Built Mathlib.MeasureTheory.Group.GeometryOfNumbers (6.7s)
✔ [6911/6932] Built Mathlib.MeasureTheory.Group.IntegralConvolution (4.7s)
✔ [6912/6932] Built Mathlib.MeasureTheory.Group.ModularCharacter (5.1s)
✔ [6913/6935] Built Mathlib.Topology.Algebra.Order.Support (2.6s)
✔ [6914/6935] Built Mathlib.MeasureTheory.Function.ConditionalExpectation.CondexpL2 (11s)
✔ [6915/6936] Built Mathlib.MeasureTheory.VectorMeasure.Decomposition.RadonNikodym (4.0s)
✔ [6916/6936] Built Mathlib.LinearAlgebra.RootSystem.GeckConstruction.Lemmas (16s)
✔ [6917/6936] Built Mathlib.MeasureTheory.Integral.CircleTransform (6.8s)
✔ [6918/6936] Built Mathlib.Topology.Homotopy.Affine (3.5s)
✔ [6919/6938] Built Mathlib.MeasureTheory.Integral.Gamma (5.0s)
✔ [6920/6939] Built Mathlib.MeasureTheory.Measure.Portmanteau (9.1s)
✔ [6921/6939] Built Mathlib.MeasureTheory.Integral.Indicator (3.3s)
✔ [6922/6942] Built Mathlib.MeasureTheory.Integral.CurveIntegral.Basic (12s)
✔ [6923/6942] Built Mathlib.MeasureTheory.Integral.IntervalIntegral.LebesgueDifferentiationThm (5.7s)
✔ [6924/6943] Built Mathlib.MeasureTheory.Integral.IntervalIntegral.Slope (6.4s)
✔ [6925/6944] Built Mathlib.MeasureTheory.Function.ConditionalExpectation.CondexpL1 (10s)
✔ [6926/6944] Built Mathlib.MeasureTheory.Function.ConvergenceInDistribution (6.9s)
✔ [6927/6944] Built Mathlib.Topology.ContinuousMap.CompactlySupported (14s)
✔ [6928/6945] Built Mathlib.MeasureTheory.Integral.MeanValue (3.6s)
✔ [6929/6945] Built Mathlib.MeasureTheory.Integral.LebesgueNormedSpace (2.9s)
✔ [6930/6945] Built Mathlib.MeasureTheory.Integral.IntervalIntegral.TrapezoidalRule (5.9s)
✔ [6931/6945] Built Mathlib.MeasureTheory.Integral.Regular (3.4s)
✔ [6932/6949] Built Mathlib.LinearAlgebra.RootSystem.GeckConstruction.Semisimple (28s)
✔ [6933/6949] Built Mathlib.MeasureTheory.Integral.CompactlySupported (3.0s)
✔ [6934/6952] Built Mathlib.MeasureTheory.Function.ConditionalExpectation.Basic (6.1s)
✔ [6935/6953] Built Mathlib.Order.Interval.Set.Union (2.1s)
✔ [6936/6954] Built Mathlib.MeasureTheory.Integral.IntervalIntegral.DerivIntegrable (9.2s)
✔ [6937/6954] Built Mathlib.MeasureTheory.Integral.IntervalIntegral.MeanValue (4.7s)
✔ [6938/6956] Built Mathlib.MeasureTheory.MeasurableSpace.Invariants (1.7s)
✔ [6939/6958] Built Mathlib.SetTheory.Ordinal.Principal (2.8s)
✔ [6940/6958] Built Mathlib.LinearAlgebra.RootSystem.GeckConstruction.Relations (21s)
✔ [6941/6961] Built Mathlib.MeasureTheory.Function.ConditionalExpectation.Indicator (4.1s)
✔ [6942/6961] Built Mathlib.MeasureTheory.MeasurableSpace.NCard (2.7s)
✔ [6943/6961] Built Mathlib.MeasureTheory.Integral.TorusIntegral (5.5s)
✔ [6944/6963] Built Mathlib.MeasureTheory.Integral.RieszMarkovKakutani.Basic (8.4s)
✔ [6945/6963] Built Mathlib.SetTheory.Cardinal.Ordinal (2.8s)
✔ [6946/6964] Built Mathlib.MeasureTheory.Measure.FiniteMeasureExt (5.2s)
✔ [6947/6964] Built Mathlib.MeasureTheory.Integral.CurveIntegral.Poincare (16s)
✔ [6948/6964] Built Mathlib.MeasureTheory.Function.ConditionalExpectation.Real (4.5s)
✔ [6949/6964] Built Mathlib.Topology.Separation.CompletelyRegular (6.6s)
✔ [6950/6966] Built Mathlib.MeasureTheory.MeasurableSpace.Card (3.7s)
✔ [6951/6967] Built Mathlib.MeasureTheory.Measure.LevyProkhorovMetric (7.9s)
✔ [6952/6967] Built Mathlib.MeasureTheory.Measure.Haar.DistribChar (5.8s)
✔ [6953/6968] Built Mathlib.MeasureTheory.Measure.Haar.MulEquivHaarChar (5.2s)
✔ [6954/6968] Built Mathlib.MeasureTheory.Function.ConditionalExpectation.PullOut (8.9s)
✔ [6955/6968] Built Mathlib.Topology.MetricSpace.MetricSeparated (2.7s)
✔ [6956/6968] Built Mathlib.MeasureTheory.Measure.DiracProba (4.1s)
✔ [6957/6971] Built Mathlib.Probability.Process.Filtration (5.9s)
✔ [6958/6971] Built Mathlib.MeasureTheory.Measure.FiniteMeasurePi (4.9s)
✔ [6959/6972] Built Mathlib.MeasureTheory.Measure.FiniteMeasureProd (5.5s)
✔ [6960/6972] Built Mathlib.MeasureTheory.Integral.RieszMarkovKakutani.Real (14s)
✔ [6961/6972] Built Mathlib.MeasureTheory.Measure.CharacteristicFunction (12s)
✔ [6962/6974] Built Mathlib.MeasureTheory.Measure.Lebesgue.VolumeOfBalls (7.9s)
✔ [6963/6975] Built Mathlib.MeasureTheory.Function.FactorsThrough (4.8s)
✔ [6964/6976] Built Mathlib.Order.CompletePartialOrder (1.9s)
✔ [6965/6977] Built Mathlib.MeasureTheory.Measure.Support (4.8s)
✔ [6966/6978] Built Mathlib.MeasureTheory.Measure.Hausdorff (10s)
✔ [6967/6979] Built Mathlib.MeasureTheory.Measure.Tight (9.8s)
✔ [6968/6979] Built Mathlib.MeasureTheory.Measure.SeparableMeasure (8.8s)
✔ [6969/6979] Built Mathlib.MeasureTheory.Integral.RieszMarkovKakutani.NNReal (6.2s)
✔ [6970/6980] Built Mathlib.MeasureTheory.Measure.WithDensityFinite (2.9s)
✔ [6971/6982] Built Mathlib.MeasureTheory.Measure.IntegralCharFun (5.6s)
✔ [6972/6982] Built Mathlib.MeasureTheory.Order.Group.Lattice (3.1s)
✔ [6973/6984] Built Mathlib.MeasureTheory.Measure.HasOuterApproxClosedProd (18s)
✔ [6974/6986] Built Mathlib.MeasureTheory.OuterMeasure.OfAddContent (2.9s)
✔ [6975/6988] Built Mathlib.ModelTheory.Arithmetic.Presburger.Basic (2.5s)
✔ [6976/6991] Built Mathlib.MeasureTheory.VectorMeasure.Decomposition.JordanSub (3.2s)
✔ [6977/6993] Built Mathlib.MeasureTheory.Order.UpperLower (4.8s)
✔ [6978/6996] Built Mathlib.MeasureTheory.Measure.TightNormed (4.7s)
✔ [6979/6996] Built Mathlib.MeasureTheory.SpecificCodomains.Pi (4.5s)
✔ [6980/6998] Built Mathlib.ModelTheory.Equivalence (3.0s)
✔ [6981/6998] Built Mathlib.ModelTheory.FinitelyGenerated (3.4s)
✔ [6982/6998] Built Mathlib.ModelTheory.Graph (3.0s)
✔ [6983/7000] Built Mathlib.Order.CountableDenseLinearOrder (3.5s)
✔ [6984/7002] Built Mathlib.ModelTheory.Arithmetic.Presburger.Semilinear.Defs (6.8s)
✔ [6985/7002] Built Mathlib.ModelTheory.Types (3.4s)
✔ [6986/7002] Built Mathlib.NumberTheory.ADEInequality (3.5s)
✔ [6987/7003] Built Mathlib.Topology.Order.IsLocallyClosed (2.4s)
✔ [6988/7003] Built Mathlib.ModelTheory.Topology.Types (2.5s)
✔ [6989/7003] Built Mathlib.MeasureTheory.SpecificCodomains.WithLp (4.4s)
✔ [6990/7007] Built Mathlib.ModelTheory.Complexity (4.3s)
✔ [6991/7010] Built Mathlib.NumberTheory.ArithmeticFunction.VonMangoldt (3.9s)
✔ [6992/7013] Built Mathlib.MeasureTheory.Measure.Prokhorov (11s)
✔ [6993/7016] Built Mathlib.NumberTheory.Basic (3.9s)
✔ [6994/7018] Built Mathlib.ModelTheory.DirectLimit (7.1s)
✔ [6995/7019] Built Mathlib.RingTheory.MvPowerSeries.LexOrder (4.9s)
✔ [6996/7020] Built Mathlib.NumberTheory.Primorial (3.9s)
✔ [6997/7020] Built Mathlib.NumberTheory.ArithmeticFunction (4.7s)
✔ [6998/7020] Built Mathlib.RingTheory.ZMod.UnitsCyclic (7.4s)
✔ [6999/7022] Built Mathlib.ModelTheory.Arithmetic.Presburger.Semilinear.Basic (8.3s)
✔ [7000/7022] Built Mathlib.NumberTheory.SmoothNumbers (3.0s)
✔ [7001/7027] Built Mathlib.NumberTheory.ClassNumber.AdmissibleAbsoluteValue (2.9s)
✔ [7002/7027] Built Mathlib.ModelTheory.PartialEquiv (4.0s)
✔ [7003/7029] Built Mathlib.RingTheory.MvPowerSeries.NoZeroDivisors (3.9s)
✔ [7004/7029] Built Mathlib.NumberTheory.ArithmeticFunction.Carmichael (4.5s)
✔ [7005/7030] Built Mathlib.NumberTheory.Bertrand (4.9s)
✔ [7006/7030] Built Mathlib.NumberTheory.PrimeCounting (3.2s)
✔ [7007/7030] Built Mathlib.NumberTheory.AbelSummation (11s)
✔ [7008/7031] Built Mathlib.NumberTheory.Padics.PadicNorm (3.6s)
✔ [7009/7031] Built Mathlib.NumberTheory.FunctionField (6.4s)
✔ [7010/7032] Built Mathlib.NumberTheory.ClassNumber.AdmissibleAbs (2.7s)
✔ [7011/7033] Built Mathlib.ModelTheory.Fraisse (3.6s)
✔ [7012/7033] Built Mathlib.NumberTheory.ClassNumber.AdmissibleCardPowDegree (4.9s)
✔ [7013/7034] Built Mathlib.RingTheory.MvPowerSeries.Inverse (4.1s)
✔ [7014/7034] Built Mathlib.NumberTheory.Cyclotomic.Embeddings (3.8s)
✔ [7015/7034] Built Mathlib.NumberTheory.NumberField.Discriminant.Defs (4.6s)
✔ [7016/7034] Built Mathlib.NumberTheory.ClassNumber.Finite (7.9s)
✔ [7017/7034] Built Mathlib.NumberTheory.Cyclotomic.PID (3.6s)
✔ [7018/7037] Built Mathlib.NumberTheory.Cyclotomic.Gal (4.7s)
✔ [7019/7038] Built Mathlib.NumberTheory.Cyclotomic.Rat (3.7s)
✔ [7020/7039] Built Mathlib.NumberTheory.Cyclotomic.Three (3.0s)
✔ [7021/7040] Built Mathlib.ModelTheory.Order (4.8s)
✔ [7022/7043] Built Mathlib.RingTheory.PowerSeries.Inverse (4.9s)
✔ [7023/7043] Built Mathlib.NumberTheory.ClassNumber.FunctionField (4.4s)
✔ [7024/7043] Built Mathlib.NumberTheory.DirichletCharacter.Bounds (3.6s)
✔ [7025/7048] Built Mathlib.NumberTheory.Chebyshev (11s)
✔ [7026/7048] Built Mathlib.NumberTheory.Padics.PadicNumbers (11s)
✔ [7027/7049] Built Mathlib.NumberTheory.Cyclotomic.Discriminant (7.4s)
✔ [7028/7053] Built Mathlib.NumberTheory.MulChar.Duality (4.1s)
✔ [7029/7053] Built Mathlib.NumberTheory.DiophantineApproximation.Basic (6.7s)
✔ [7030/7056] Built Mathlib.NumberTheory.Zsqrtd.Basic (7.6s)
✔ [7031/7056] Built Mathlib.RingTheory.PowerSeries.Derivative (4.3s)
✔ [7032/7056] Built Mathlib.NumberTheory.EulerProduct.Basic (4.6s)
✔ [7033/7059] Built Mathlib.NumberTheory.LSeries.Basic (4.8s)
✔ [7034/7059] Built Mathlib.NumberTheory.DirichletCharacter.Orthogonality (3.5s)
✔ [7035/7060] Built Mathlib.NumberTheory.DiophantineApproximation.ContinuedFractions (3.3s)
✔ [7036/7060] Built Mathlib.NumberTheory.Padics.PadicIntegers (8.0s)
✔ [7037/7060] Built Mathlib.RingTheory.PowerSeries.Exp (4.6s)
✔ [7038/7062] Built Mathlib.NumberTheory.LSeries.AbstractFuncEq (8.4s)
✔ [7039/7062] Built Mathlib.NumberTheory.LSeries.MellinEqDirichlet (6.8s)
✔ [7040/7062] Built Mathlib.NumberTheory.ModularForms.JacobiTheta.TwoVariable (9.0s)
✔ [7041/7063] Built Mathlib.NumberTheory.PellMatiyasevic (7.0s)
✔ [7042/7063] Built Mathlib.NumberTheory.EulerProduct.ExpLog (5.1s)
✔ [7043/7064] Built Mathlib.NumberTheory.SumPrimeReciprocals (4.9s)
✔ [7044/7067] Built Mathlib.NumberTheory.LSeries.Convergence (4.0s)
✔ [7045/7067] Built Mathlib.NumberTheory.FLT.Basic (4.3s)
✔ [7046/7068] Built Mathlib.RingTheory.Polynomial.Wronskian (3.5s)
✔ [7047/7068] Built Mathlib.RingTheory.Radical (4.4s)
✔ [7048/7068] Built Mathlib.NumberTheory.ModularForms.JacobiTheta.Bounds (6.1s)
✔ [7049/7068] Built Mathlib.NumberTheory.Padics.RingHoms (7.0s)
✔ [7050/7068] Built Mathlib.NumberTheory.PythagoreanTriples (7.2s)
✔ [7051/7068] Built Mathlib.NumberTheory.Dioph (7.4s)
✔ [7052/7072] Built Mathlib.NumberTheory.LSeries.Deriv (5.1s)
✔ [7053/7072] Built Mathlib.NumberTheory.Bernoulli (9.5s)
✔ [7054/7074] Built Mathlib.NumberTheory.LSeries.Convolution (4.6s)
✔ [7055/7079] Built Mathlib.RingTheory.UniqueFactorizationDomain.Multiplicative (2.9s)
✔ [7056/7080] Built Mathlib.RingTheory.Ideal.Basis (3.5s)
✔ [7057/7080] Built Mathlib.NumberTheory.FLT.Four (5.9s)
✔ [7058/7080] Built Mathlib.NumberTheory.LSeries.HurwitzZetaOdd (7.7s)
✔ [7059/7087] Built Mathlib.NumberTheory.Cyclotomic.CyclotomicCharacter (8.0s)
✔ [7060/7087] Built Mathlib.NumberTheory.LSeries.HurwitzZetaEven (8.9s)
✔ [7061/7089] Built Mathlib.NumberTheory.NumberField.Norm (6.9s)
✔ [7062/7094] Built Mathlib.NumberTheory.BernoulliPolynomials (7.9s)
✔ [7063/7095] Built Mathlib.Topology.Instances.Complex (5.7s)
✔ [7064/7095] Built Mathlib.RingTheory.Polynomial.Radical (3.9s)
✔ [7065/7095] Built Mathlib.NumberTheory.NumberField.InfinitePlace.Embeddings (9.0s)
✔ [7066/7100] Built Mathlib.RingTheory.Finiteness.Quotient (3.5s)
✔ [7067/7100] Built Mathlib.NumberTheory.LSeries.HurwitzZeta (4.9s)
✔ [7068/7100] Built Mathlib.RingTheory.Ideal.Norm.AbsNorm (6.5s)
✔ [7069/7101] Built Mathlib.NumberTheory.FLT.MasonStothers (4.1s)
✔ [7070/7101] Built Mathlib.RingTheory.Conductor (6.2s)
✔ [7071/7101] Built Mathlib.RingTheory.LocalRing.ResidueField.Instances (7.6s)
✔ [7072/7104] Built Mathlib.RingTheory.FractionalIdeal.Extended (6.9s)
✔ [7073/7107] Built Mathlib.RingTheory.Ideal.Quotient.Index (4.7s)
✔ [7074/7108] Built Mathlib.NumberTheory.LSeries.RiemannZeta (5.4s)
✔ [7075/7108] Built Mathlib.RingTheory.Unramified.Finite (11s)
✔ [7076/7108] Built Mathlib.NumberTheory.FLT.Polynomial (5.8s)
✔ [7077/7108] Built Mathlib.RingTheory.Ideal.Int (4.6s)
✔ [7078/7111] Built Mathlib.RingTheory.DedekindDomain.PID (5.4s)
✔ [7079/7111] Built Mathlib.NumberTheory.NumberField.InfinitePlace.Basic (11s)
✔ [7080/7112] Built Mathlib.RingTheory.FractionalIdeal.Norm (7.2s)
✔ [7081/7115] Built Mathlib.RingTheory.LocalRing.Quotient (5.5s)
✔ [7082/7115] Built Mathlib.RingTheory.Prime (2.4s)
✔ [7083/7115] Built Mathlib.NumberTheory.LSeries.Dirichlet (5.0s)
✔ [7084/7116] Built Mathlib.RingTheory.Unramified.Field (7.0s)
✔ [7085/7116] Built Mathlib.RingTheory.Polynomial.Eisenstein.IsIntegral (9.6s)
✔ [7086/7116] Built Mathlib.RingTheory.Fintype (2.4s)
✔ [7087/7116] Built Mathlib.NumberTheory.NumberField.InfinitePlace.Ramification (9.3s)
✔ [7088/7116] Built Mathlib.NumberTheory.NumberField.FractionalIdeal (6.8s)
✔ [7089/7116] Built Mathlib.NumberTheory.NumberField.Units.Basic (9.5s)
✔ [7090/7116] Built Mathlib.NumberTheory.RamificationInertia.Basic (20s)
✔ [7091/7120] Built Mathlib.NumberTheory.EulerProduct.DirichletLSeries (4.1s)
✔ [7092/7120] Built Mathlib.RingTheory.Unramified.LocalRing (4.7s)
✔ [7093/7120] Built Mathlib.RingTheory.Trace.Quotient (6.9s)
✔ [7094/7123] Built Mathlib.NumberTheory.NumberField.InfinitePlace.TotallyRealComplex (5.7s)
✔ [7095/7123] Built Mathlib.RingTheory.DedekindDomain.Instances (18s)
✔ [7096/7123] Built Mathlib.NumberTheory.LegendreSymbol.QuadraticChar.Basic (4.4s)
✔ [7097/7123] Built Mathlib.NumberTheory.FactorisationProperties (8.8s)
✔ [7098/7123] Built Mathlib.NumberTheory.LucasPrimality (3.2s)
✔ [7099/7125] Built Mathlib.NumberTheory.RamificationInertia.Unramified (5.7s)
✔ [7100/7125] Built Mathlib.NumberTheory.RamificationInertia.Galois (8.6s)
✔ [7101/7125] Built Mathlib.NumberTheory.NumberField.Cyclotomic.Embeddings (4.5s)
✔ [7102/7128] Built Mathlib.RingTheory.NormalClosure (27s)
✔ [7103/7132] Built Mathlib.NumberTheory.FermatPsp (5.1s)
✔ [7104/7133] Built Mathlib.NumberTheory.LegendreSymbol.QuadraticChar.GaussSum (4.5s)
✔ [7105/7138] Built Mathlib.NumberTheory.Harmonic.Defs (2.0s)
✔ [7106/7138] Built Mathlib.NumberTheory.LegendreSymbol.Basic (3.8s)
✔ [7107/7139] Built Mathlib.RingTheory.Ideal.NatInt (3.2s)
✔ [7108/7139] Built Mathlib.NumberTheory.Height.Basic (4.0s)
✔ [7109/7141] Built Mathlib.NumberTheory.Harmonic.Int (3.1s)
✔ [7110/7141] Built Mathlib.RingTheory.Valuation.Archimedean (4.7s)
✔ [7111/7141] Built Mathlib.RingTheory.Valuation.RankOne (4.3s)
✔ [7112/7141] Built Mathlib.RingTheory.DedekindDomain.Factorization (17s)
✔ [7113/7141] Built Mathlib.NumberTheory.Harmonic.EulerMascheroni (4.2s)
✔ [7114/7143] Built Mathlib.NumberTheory.NumberField.CanonicalEmbedding.Basic (21s)
✔ [7115/7143] Built Mathlib.NumberTheory.Harmonic.Bounds (4.3s)
✔ [7116/7143] Built Mathlib.NumberTheory.LegendreSymbol.QuadraticReciprocity (4.6s)
✔ [7117/7143] Built Mathlib.NumberTheory.FrobeniusNumber (4.0s)
✔ [7118/7143] Built Mathlib.RingTheory.RootsOfUnity.Lemmas (3.6s)
✔ [7119/7145] Built Mathlib.NumberTheory.MulChar.Lemmas (4.7s)
✔ [7120/7145] Built Mathlib.Topology.Algebra.Valued.NormedValued (4.8s)
✔ [7121/7145] Built Mathlib.NumberTheory.NumberField.EquivReindex (4.8s)
✔ [7122/7147] Built Mathlib.NumberTheory.Harmonic.GammaDeriv (5.6s)
✔ [7123/7147] Built Mathlib.NumberTheory.Fermat (5.3s)
✔ [7124/7147] Built Mathlib.NumberTheory.JacobiSum.Basic (7.7s)
✔ [7125/7149] Built Mathlib.RingTheory.IsAdjoinRoot (10s)
✔ [7126/7149] Built Mathlib.NumberTheory.NumberField.CanonicalEmbedding.ConvexBody (12s)
✔ [7127/7152] Built Mathlib.NumberTheory.Harmonic.ZetaAsymp (7.0s)
✔ [7128/7152] Built Mathlib.NumberTheory.LSeries.ZMod (9.4s)
✔ [7129/7152] Built Mathlib.NumberTheory.LSeries.Linearity (5.2s)
✔ [7130/7153] Built Mathlib.NumberTheory.NumberField.FinitePlaces (11s)
✔ [7131/7153] Built Mathlib.RingTheory.Ideal.Norm.RelNorm (18s)
✔ [7132/7154] Built Mathlib.NumberTheory.ZetaValues (9.1s)
✔ [7133/7154] Built Mathlib.NumberTheory.LSeries.Positivity (4.8s)
✔ [7134/7155] Built Mathlib.NumberTheory.LSeries.DirichletContinuation (6.3s)
✔ [7135/7155] Built Mathlib.NumberTheory.LSeries.Injectivity (5.4s)
✔ [7136/7155] Built Mathlib.NumberTheory.KummerDedekind (11s)
✔ [7137/7155] Built Mathlib.NumberTheory.NumberField.ProductFormula (6.2s)
✔ [7138/7156] Built Mathlib.NumberTheory.NumberField.Units.DirichletTheorem (12s)
✔ [7139/7156] Built Mathlib.NumberTheory.LSeries.HurwitzZetaValues (6.6s)
✔ [7140/7160] Built Mathlib.NumberTheory.LegendreSymbol.GaussEisensteinLemmas (6.6s)
✔ [7141/7161] Built Mathlib.NumberTheory.NumberField.Discriminant.Basic (15s)
✔ [7142/7161] Built Mathlib.NumberTheory.LSeries.SumCoeff (9.6s)
✔ [7143/7161] Built Mathlib.NumberTheory.LSeries.Nonvanishing (7.3s)
✔ [7144/7161] Built Mathlib.NumberTheory.Height.Instances (5.0s)
✔ [7145/7161] Built Mathlib.NumberTheory.LegendreSymbol.JacobiSymbol (7.2s)
✔ [7146/7166] Built Mathlib.RingTheory.Valuation.DiscreteValuativeRel (3.0s)
✔ [7147/7166] Built Mathlib.RingTheory.DedekindDomain.Different (43s)
✔ [7148/7168] Built Mathlib.RingTheory.Ideal.IsPrincipalPowQuotient (4.0s)
✔ [7149/7168] Built Mathlib.Topology.Algebra.Valued.ValuativeRel (4.8s)
✔ [7150/7168] Built Mathlib.RingTheory.SimpleRing.Field (2.3s)
✔ [7151/7168] Built Mathlib.NumberTheory.MaricaSchoenheim (2.7s)
✔ [7152/7172] Built Mathlib.NumberTheory.NumberField.ClassNumber (5.6s)
✔ [7153/7174] Built Mathlib.Topology.Algebra.IsUniformGroup.DiscreteSubgroup (3.5s)
✔ [7154/7174] Built Mathlib.RingTheory.SimpleRing.Principal (2.8s)
✔ [7155/7176] Built Mathlib.NumberTheory.LSeries.PrimesInAP (7.3s)
✔ [7156/7176] Built Mathlib.Topology.Algebra.Order.ArchimedeanDiscrete (3.7s)
✔ [7157/7181] Built Mathlib.NumberTheory.LucasLehmer (9.6s)
✔ [7158/7189] Built Mathlib.NumberTheory.Modular (9.0s)
✔ [7159/7192] Built Mathlib.Topology.Algebra.Valued.LocallyCompact (9.6s)
✔ [7160/7192] Built Mathlib.NumberTheory.ModularForms.ArithmeticSubgroups (6.7s)
✔ [7161/7194] Built Mathlib.NumberTheory.ModularForms.SlashActions (5.0s)
✔ [7162/7194] Built Mathlib.NumberTheory.ModularForms.DedekindEta (6.1s)
✔ [7163/7195] Built Mathlib.Order.Filter.AtTopBot.Interval (4.2s)
✔ [7164/7195] Built Mathlib.Topology.Compactification.OnePoint.ProjectiveLine (9.5s)
✔ [7165/7197] Built Mathlib.NumberTheory.MahlerMeasure (8.5s)
✔ [7166/7199] Built Mathlib.NumberTheory.LocalField.Basic (5.2s)
✔ [7167/7203] Built Mathlib.NumberTheory.TsumDivisorsAntidiagonal (4.0s)
✔ [7168/7206] Built Mathlib.NumberTheory.ModularForms.CongruenceSubgroups (5.0s)
✔ [7169/7206] Built Mathlib.Topology.Algebra.InfiniteSum.ConditionalInt (5.4s)
✔ [7170/7206] Built Mathlib.NumberTheory.ModularForms.JacobiTheta.OneVariable (5.5s)
✔ [7171/7206] Built Mathlib.NumberTheory.ModularForms.SlashInvariantForms (6.5s)
✔ [7172/7209] Built Mathlib.NumberTheory.Multiplicity (5.5s)
✔ [7173/7209] Built Mathlib.NumberTheory.NumberField.InfinitePlace.Completion (5.5s)
✔ [7174/7209] Built Mathlib.RingTheory.DedekindDomain.LinearDisjoint (22s)
✔ [7175/7209] Built Mathlib.Topology.Algebra.RestrictedProduct.Basic (5.9s)
✔ [7176/7209] Built Mathlib.NumberTheory.ModularForms.JacobiTheta.Manifold (3.6s)
✔ [7177/7210] Built Mathlib.NumberTheory.NumberField.Completion (4.1s)
✔ [7178/7211] Built Mathlib.NumberTheory.ModularForms.EisensteinSeries.Defs (6.9s)
✔ [7179/7211] Built Mathlib.NumberTheory.NumberField.Units.Regulator (10s)
✔ [7180/7211] Built Mathlib.NumberTheory.NumberField.InfiniteAdeleRing (5.7s)
✔ [7181/7213] Built Mathlib.NumberTheory.ModularForms.Cusps (10s)
✔ [7182/7213] Built Mathlib.NumberTheory.NumberField.CanonicalEmbedding.PolarCoord (8.9s)
✔ [7183/7213] Built Mathlib.NumberTheory.NumberField.CanonicalEmbedding.FundamentalCone (11s)
✔ [7184/7213] Built Mathlib.Topology.Algebra.RestrictedProduct.TopologicalSpace (5.7s)
✔ [7185/7213] Built Mathlib.NumberTheory.ModularForms.EisensteinSeries.UniformConvergence (4.3s)
✔ [7186/7215] Built Mathlib.NumberTheory.ModularForms.EisensteinSeries.E2.Defs (6.2s)
✔ [7187/7215] Built Mathlib.NumberTheory.ModularForms.Identities (3.8s)
✔ [7188/7215] Built Mathlib.RingTheory.Polynomial.Cyclotomic.Factorization (4.9s)
✔ [7189/7217] Built Mathlib.NumberTheory.NumberField.Ideal.KummerDedekind (9.2s)
✔ [7190/7218] Built Mathlib.RingTheory.RootsOfUnity.CyclotomicUnits (4.2s)
✔ [7191/7219] Built Mathlib.NumberTheory.ModularForms.BoundedAtCusp (5.8s)
✔ [7192/7219] Built Mathlib.NumberTheory.ModularForms.EisensteinSeries.MDifferentiable (5.1s)
✔ [7193/7219] Built Mathlib.RingTheory.DedekindDomain.FiniteAdeleRing (5.8s)
✔ [7194/7220] Built Mathlib.NumberTheory.ModularForms.EisensteinSeries.IsBoundedAtImInfty (4.5s)
✔ [7195/7221] Built Mathlib.NumberTheory.NumberField.Discriminant.Different (19s)
✔ [7196/7223] Built Mathlib.NumberTheory.Padics.ProperSpace (5.2s)
✔ [7197/7225] Built Mathlib.NumberTheory.NumberField.AdeleRing (6.0s)
✔ [7198/7227] Built Mathlib.Topology.Algebra.InfiniteSum.GroupCompletion (3.1s)
✔ [7199/7228] Built Mathlib.NumberTheory.NumberField.CanonicalEmbedding.NormLeOne (15s)
✔ [7200/7228] Built Mathlib.NumberTheory.SiegelsLemma (13s)
✔ [7201/7230] Built Mathlib.NumberTheory.NumberField.CMField (20s)
✔ [7202/7230] Built Mathlib.Topology.Algebra.Nonarchimedean.Completion (3.8s)
✔ [7203/7231] Built Mathlib.NumberTheory.Ostrowski (11s)
✔ [7204/7231] Built Mathlib.Topology.Algebra.Monoid.AddChar (3.0s)
✔ [7205/7232] Built Mathlib.Topology.MetricSpace.Ultra.ContinuousMaps (4.2s)
✔ [7206/7233] Built Mathlib.NumberTheory.ModularForms.Basic (16s)
✔ [7207/7233] Built Mathlib.Topology.Algebra.InfiniteSum.Nonarchimedean (4.8s)
✔ [7208/7234] Built Mathlib.NumberTheory.Padics.ValuativeRel (5.9s)
✔ [7209/7234] Built Mathlib.NumberTheory.Padics.Complex (9.3s)
✔ [7210/7235] Built Mathlib.NumberTheory.ModularForms.EisensteinSeries.Basic (5.0s)
✔ [7211/7235] Built Mathlib.NumberTheory.Padics.WithVal (11s)
✔ [7212/7236] Built Mathlib.NumberTheory.NumberField.House (12s)
✔ [7213/7236] Built Mathlib.NumberTheory.NumberField.Ideal.Asymptotics (14s)
✔ [7214/7237] Built Mathlib.NumberTheory.PowModTotient (3.4s)
✔ [7215/7237] Built Mathlib.NumberTheory.Pell (6.4s)
✔ [7216/7238] Built Mathlib.NumberTheory.ModularForms.QExpansion (7.4s)
✔ [7217/7238] Built Mathlib.NumberTheory.PrimesCongruentOne (4.2s)
✔ [7218/7238] Built Mathlib.NumberTheory.NumberField.Cyclotomic.Basic (26s)
✔ [7219/7238] Built Mathlib.NumberTheory.Padics.MahlerBasis (8.1s)
✔ [7220/7238] Built Mathlib.NumberTheory.Rayleigh (3.8s)
✔ [7221/7241] Built Mathlib.NumberTheory.SelbergSieve (3.6s)
✔ [7222/7241] Built Mathlib.NumberTheory.Padics.Hensel (18s)
✔ [7223/7241] Built Mathlib.NumberTheory.NumberField.DedekindZeta (5.3s)
✔ [7224/7241] Built Mathlib.NumberTheory.ModularForms.LevelOne (4.5s)
✔ [7225/7241] Built Mathlib.NumberTheory.SumFourSquares (5.5s)
✔ [7226/7242] Built Mathlib.NumberTheory.ModularForms.Petersson (5.3s)
✔ [7227/7242] Built Mathlib.NumberTheory.NumberField.Cyclotomic.PID (4.4s)
✔ [7228/7243] Built Mathlib.NumberTheory.NumberField.Ideal.Basic (6.4s)
✔ [7229/7243] Built Mathlib.NumberTheory.ModularForms.EisensteinSeries.QExpansion (14s)
✔ [7230/7244] Built Mathlib.NumberTheory.Zsqrtd.GaussianInt (4.5s)
✔ [7231/7244] Built Mathlib.NumberTheory.Padics.AddChar (5.7s)
✔ [7232/7244] Built Mathlib.NumberTheory.Padics.HeightOneSpectrum (15s)
✔ [7233/7246] Built Mathlib.NumberTheory.NumberField.Cyclotomic.Three (7.1s)
✔ [7234/7246] Built Mathlib.NumberTheory.Transcendental.Lindemann.AnalyticalPart (5.3s)
✔ [7235/7250] Built Mathlib.NumberTheory.ModularForms.NormTrace (7.5s)
✔ [7236/7251] Built Mathlib.NumberTheory.Zsqrtd.QuadraticReciprocity (4.1s)
✔ [7237/7251] Built Mathlib.NumberTheory.Transcendental.Liouville.Basic (5.2s)
✔ [7238/7251] Built Mathlib.Topology.Instances.Irrational (3.5s)
✔ [7239/7252] Built Mathlib.NumberTheory.ModularForms.Bounds (8.5s)
✔ [7240/7253] Built Mathlib.NumberTheory.ModularForms.EisensteinSeries.E2.Summable (5.8s)
✔ [7241/7253] Built Mathlib.Topology.Baire.LocallyCompactRegular (2.4s)
✔ [7242/7254] Built Mathlib.NumberTheory.TsumDivsorsAntidiagonal (2.3s)
✔ [7243/7254] Built Mathlib.NumberTheory.VonMangoldt (2.5s)
✔ [7244/7255] Built Mathlib.NumberTheory.NumberField.Cyclotomic.Ideal (16s)
✔ [7245/7256] Built Mathlib.NumberTheory.SumTwoSquares (4.6s)
✔ [7246/7257] Built Mathlib.NumberTheory.Transcendental.Liouville.LiouvilleWith (4.4s)
✔ [7247/7258] Built Mathlib.NumberTheory.Transcendental.Liouville.LiouvilleNumber (4.4s)
✔ [7248/7259] Built Mathlib.NumberTheory.Wilson (3.7s)
✔ [7249/7260] Built Mathlib.NumberTheory.Transcendental.Liouville.Residual (4.2s)
✔ [7250/7262] Built Mathlib.NumberTheory.Zsqrtd.ToReal (3.5s)
✔ [7251/7262] Built Mathlib.Order.Bounded (3.1s)
✔ [7252/7263] Built Mathlib.Order.Bounds.Lattice (2.4s)
✔ [7253/7264] Built Mathlib.NumberTheory.WellApproximable (6.8s)
✔ [7254/7265] Built Mathlib.Order.BourbakiWitt (2.8s)
✔ [7255/7266] Built Mathlib.Order.Category.CompleteLat (3.4s)
✔ [7256/7269] Built Mathlib.Order.Category.Frm (2.8s)
✔ [7257/7269] Built Mathlib.Order.Category.OmegaCompletePartialOrder (2.6s)
✔ [7258/7270] Built Mathlib.Order.Category.FinBddDistLat (3.9s)
✔ [7259/7270] Built Mathlib.Order.Circular.ZMod (2.2s)
✔ [7260/7270] Built Mathlib.NumberTheory.Transcendental.Liouville.Measure (4.6s)
✔ [7261/7273] Built Mathlib.Order.Comparable (2.5s)
✔ [7262/7274] Built Mathlib.NumberTheory.FLT.Three (13s)
✔ [7263/7275] Built Mathlib.Order.Category.PartOrdEmb (4.4s)
✔ [7264/7277] Built Mathlib.Order.Extension.Linear (1.9s)
✔ [7265/7278] Built Mathlib.Order.Concept (2.8s)
✔ [7266/7279] Built Mathlib.Order.CompleteLattice.PiLex (3.2s)
✔ [7267/7280] Built Mathlib.Order.CompleteSublattice (3.5s)
✔ [7268/7281] Built Mathlib.SetTheory.Ordinal.Rank (2.4s)
✔ [7269/7281] Built Mathlib.Order.Category.FinBoolAlg (3.9s)
✔ [7270/7282] Built Mathlib.Order.Filter.ListTraverse (2.2s)
✔ [7271/7283] Built Mathlib.Order.Filter.CardinalInter (3.4s)
✔ [7272/7283] Built Mathlib.Order.Filter.Partial (2.7s)
✔ [7273/7284] Built Mathlib.Order.Heyting.Boundary (2.5s)
✔ [7274/7285] Built Mathlib.Order.Height (3.7s)
✔ [7275/7285] Built Mathlib.Order.Interval.Set.SurjOn (2.1s)
✔ [7276/7286] Built Mathlib.Order.CompleteLattice.SetLike (2.0s)
✔ [7277/7286] Built Mathlib.Order.Interval.Lex (2.6s)
✔ [7278/7288] Built Mathlib.Order.Heyting.Regular (3.5s)
✔ [7279/7291] Built Mathlib.Order.Extension.Well (2.4s)
✔ [7280/7291] Built Mathlib.Order.KonigLemma (3.1s)
✔ [7281/7294] Built Mathlib.Order.Lattice.Congruence (2.5s)
✔ [7282/7295] Built Mathlib.Order.Partition.Basic (2.5s)
✔ [7283/7297] Built Mathlib.Order.Monotone.MonovaryOrder (2.9s)
✔ [7284/7297] Built Mathlib.Order.PFilter (2.8s)
✔ [7285/7298] Built Mathlib.Order.Rel.GaloisConnection (2.2s)
✔ [7286/7299] Built Mathlib.Order.SaddlePoint (2.1s)
✔ [7287/7300] Built Mathlib.Order.Nucleus (4.1s)
✔ [7288/7301] Built Mathlib.Order.Set (1.9s)
✔ [7289/7301] Built Mathlib.Order.Filter.Cocardinal (5.8s)
✔ [7290/7301] Built Mathlib.Order.ScottContinuity.Prod (2.6s)
✔ [7291/7301] Built Mathlib.Order.TeichmullerTukey (2.5s)
✔ [7292/7306] Built Mathlib.Order.PrimeIdeal (2.0s)
✔ [7293/7306] Built Mathlib.Order.SuccPred.Tree (2.9s)
✔ [7294/7310] Built Mathlib.Order.UpperLower.Hom (2.4s)
✔ [7295/7315] Built Mathlib.Order.UpperLower.LocallyFinite (2.5s)
✔ [7296/7334] Built Mathlib.Order.UpperLower.Relative (2.3s)
✔ [7297/7343] Built Mathlib.Order.ScottContinuity.Complete (1.0s)
✔ [7298/7346] Built Mathlib.Order.UpperLower.Prod (3.6s)
✔ [7299/7354] Built Mathlib.Order.PrimeSeparator (3.2s)
✔ [7300/7361] Built Mathlib.Order.Sublocale (5.0s)
✔ [7301/7362] Built Mathlib.Probability.Process.Adapted (4.8s)
✔ [7302/7362] Built Mathlib.Probability.Notation (4.3s)
✔ [7303/7372] Built Mathlib.Probability.Kernel.Disintegration.MeasurableStieltjes (4.2s)
✔ [7304/7374] Built Mathlib.Probability.Kernel.Defs (5.1s)
✔ [7305/7374] Built Mathlib.Probability.Distributions.Beta (4.6s)
✔ [7306/7379] Built Mathlib.Probability.ProbabilityMassFunction.Basic (4.1s)
✔ [7307/7379] Built Mathlib.Probability.Kernel.IonescuTulcea.Maps (4.5s)
✔ [7308/7382] Built Mathlib.Probability.Process.PartitionFiltration (4.9s)
✔ [7309/7388] Built Mathlib.Probability.Moments.IntegrableExpMul (7.8s)
✔ [7310/7409] Built Mathlib.Probability.Process.Predictable (6.7s)
✔ [7311/7410] Built Mathlib.Probability.Kernel.Basic (5.5s)
✔ [7312/7410] Built Mathlib.Probability.Distributions.Poisson (4.2s)
✔ [7313/7410] Built Mathlib.Probability.Distributions.Fernique (11s)
✔ [7314/7410] Built Mathlib.Probability.Distributions.Geometric (3.5s)
✔ [7315/7410] Built Mathlib.Probability.Integration (3.9s)
✔ [7316/7410] Built Mathlib.Probability.ProbabilityMassFunction.Monad (4.5s)
✔ [7317/7410] Built Mathlib.Probability.Process.Kolmogorov (4.1s)
✔ [7318/7412] Built Mathlib.Probability.Kernel.Integral (4.2s)
✔ [7319/7414] Built Mathlib.Probability.Kernel.MeasurableLIntegral (3.4s)
✔ [7320/7415] Built Mathlib.Probability.Kernel.Composition.CompNotation (3.2s)
✔ [7321/7415] Built Mathlib.Probability.Kernel.Composition.MapComap (5.4s)
✔ [7322/7415] Built Mathlib.Probability.Process.Stopping (13s)
✔ [7323/7415] Built Mathlib.RepresentationTheory.AlgebraRepresentation.Basic (3.8s)
✔ [7324/7416] Built Mathlib.Probability.Kernel.SetIntegral (3.7s)
✔ [7325/7416] Built Mathlib.Probability.ProbabilityMassFunction.Constructions (4.5s)
✔ [7326/7416] Built Mathlib.Probability.Independence.Kernel.Indep (5.9s)
✔ [7327/7417] Built Mathlib.Probability.Kernel.WithDensity (4.9s)
✔ [7328/7419] Built Mathlib.Probability.Kernel.Composition.Comp (4.4s)
✔ [7329/7419] Built Mathlib.Probability.Kernel.Composition.ParallelComp (3.9s)
✔ [7330/7419] Built Mathlib.Probability.Kernel.MeasurableIntegral (5.7s)
✔ [7331/7419] Built Mathlib.Probability.Kernel.Proper (5.4s)
✔ [7332/7419] Built Mathlib.Probability.ProbabilityMassFunction.Binomial (3.1s)
✔ [7333/7419] Built Mathlib.Probability.ProbabilityMassFunction.Integrals (3.5s)
✔ [7334/7419] Built Mathlib.Probability.Kernel.Irreducible (3.4s)
✔ [7335/7421] Built Mathlib.Probability.Process.HittingTime (6.0s)
✔ [7336/7440] Built Mathlib.Probability.Decision.Risk.Defs (3.7s)
✔ [7337/7441] Built Mathlib.Probability.Martingale.Basic (7.0s)
✔ [7338/7441] Built Mathlib.RingTheory.SimpleModule.InjectiveProjective (2.7s)
✔ [7339/7441] Built Mathlib.Probability.Kernel.Composition.CompMap (3.2s)
✔ [7340/7441] Built Mathlib.RepresentationTheory.Maschke (5.3s)
✔ [7341/7441] Built Mathlib.Probability.Kernel.Composition.CompProd (4.8s)
✔ [7342/7441] Built Mathlib.RepresentationTheory.Subrepresentation (4.6s)
✔ [7343/7444] Built Mathlib.Probability.Martingale.OptionalSampling (5.2s)
✔ [7344/7444] Built Mathlib.RepresentationTheory.Intertwining (5.9s)
✔ [7345/7445] Built Mathlib.Probability.Martingale.Centering (5.1s)
✔ [7346/7446] Built Mathlib.Probability.Martingale.OptionalStopping (5.0s)
✔ [7347/7447] Built Mathlib.Probability.Martingale.Upcrossing (7.1s)
✔ [7348/7447] Built Mathlib.Probability.Kernel.Composition.Prod (3.9s)
✔ [7349/7449] Built Mathlib.RepresentationTheory.Irreducible (2.9s)
✔ [7350/7449] Built Mathlib.Probability.Kernel.Composition.MeasureCompProd (4.3s)
✔ [7351/7450] Built Mathlib.RingTheory.AdicCompletion.LocalRing (4.2s)
✔ [7352/7450] Built Mathlib.RingTheory.AdicCompletion.Noetherian (3.1s)
✔ [7353/7451] Built Mathlib.RepresentationTheory.Rep (22s)
✔ [7354/7451] Built Mathlib.Probability.Kernel.Disintegration.CDFToKernel (6.6s)
✔ [7355/7452] Built Mathlib.Probability.Kernel.Composition.KernelLemmas (3.6s)
✔ [7356/7452] Built Mathlib.Probability.Martingale.Convergence (5.4s)
✔ [7357/7452] Built Mathlib.Topology.Algebra.Nonarchimedean.AdicTopology (3.7s)
✔ [7358/7452] Built Mathlib.RingTheory.Algebraic.Pi (3.0s)
✔ [7359/7452] Built Mathlib.Probability.Kernel.Disintegration.Basic (4.5s)
✔ [7360/7452] Built Mathlib.Probability.Kernel.IonescuTulcea.PartialTraj (5.0s)
✔ [7361/7452] Built Mathlib.RingTheory.Artinian.Algebra (3.6s)
✔ [7362/7452] Built Mathlib.Probability.Kernel.Disintegration.CondCDF (4.7s)
✔ [7363/7452] Built Mathlib.RingTheory.AdicCompletion.Algebra (15s)
✔ [7364/7452] Built Mathlib.RepresentationTheory.FDRep (6.4s)
✔ [7365/7452] Built Mathlib.RepresentationTheory.Homological.Resolution (8.4s)
✔ [7366/7452] Built Mathlib.RingTheory.Algebraic.StronglyTranscendental (6.2s)
✔ [7367/7452] Built Mathlib.Probability.Kernel.Composition.MeasureComp (3.5s)
✔ [7368/7452] Built Mathlib.RingTheory.AdicCompletion.Topology (3.7s)
✔ [7369/7452] Built Mathlib.RepresentationTheory.Coinduced (10s)
✔ [7370/7455] Built Mathlib.Probability.CDF (3.0s)
✔ [7371/7455] Built Mathlib.Probability.Martingale.BorelCantelli (5.9s)
✔ [7372/7455] Built Mathlib.RingTheory.AdicCompletion.RingHom (5.2s)
✔ [7373/7455] Built Mathlib.Probability.Kernel.Disintegration.Density (6.6s)
✔ [7374/7455] Built Mathlib.Probability.Kernel.Invariance (3.4s)
✔ [7375/7455] Built Mathlib.Probability.Decision.Risk.Basic (4.6s)
✔ [7376/7455] Built Mathlib.RepresentationTheory.Coinvariants (17s)
✔ [7377/7455] Built Mathlib.RepresentationTheory.Tannaka (7.2s)
✔ [7378/7457] Built Mathlib.RepresentationTheory.Invariants (8.3s)
✔ [7379/7458] Built Mathlib.Probability.Kernel.Composition.Lemmas (3.2s)
✔ [7380/7458] Built Mathlib.RepresentationTheory.Homological.GroupCohomology.Basic (8.7s)
✔ [7381/7458] Built Mathlib.Probability.Independence.Kernel.IndepFun (9.6s)
✔ [7382/7458] Built Mathlib.Probability.Distributions.Pareto (4.7s)
✔ [7383/7458] Built Mathlib.RingTheory.AdicCompletion.Functoriality (12s)
✔ [7384/7458] Built Mathlib.Probability.Kernel.Composition.IntegralCompProd (6.8s)
✔ [7385/7458] Built Mathlib.Probability.Distributions.Gamma (4.6s)
✔ [7386/7459] Built Mathlib.Probability.Kernel.Disintegration.StandardBorel (4.8s)
✔ [7387/7459] Built Mathlib.Probability.Kernel.RadonNikodym (5.5s)
✔ [7388/7459] Built Mathlib.RingTheory.Coalgebra.MonoidAlgebra (3.1s)
✔ [7389/7459] Built Mathlib.RingTheory.Flat.Domain (10s)
✔ [7390/7459] Built Mathlib.RepresentationTheory.Character (4.7s)
✔ [7391/7459] Built Mathlib.RepresentationTheory.Homological.FiniteCyclic (6.7s)
✔ [7392/7460] Built Mathlib.Probability.Independence.Kernel (2.0s)
✔ [7393/7460] Built Mathlib.RepresentationTheory.Homological.GroupHomology.Basic (7.8s)
✔ [7394/7460] Built Mathlib.RingTheory.Coalgebra.Convolution (6.2s)
✔ [7395/7460] Built Mathlib.RingTheory.Coalgebra.MulOpposite (3.6s)
✔ [7396/7460] Built Mathlib.Probability.Distributions.Exponential (5.0s)
✔ [7397/7460] Built Mathlib.Probability.Independence.Basic (6.8s)
✔ [7398/7461] Built Mathlib.Probability.Kernel.Disintegration.Integral (5.2s)
✔ [7399/7461] Built Mathlib.Probability.Kernel.Composition.AbsolutelyContinuous (4.2s)
✔ [7400/7462] Built Mathlib.RingTheory.AdicCompletion.Exactness (8.6s)
✔ [7401/7462] Built Mathlib.RingTheory.Bialgebra.MonoidAlgebra (4.6s)
✔ [7402/7462] Built Mathlib.RingTheory.Complex (2.0s)
✔ [7403/7462] Built Mathlib.RingTheory.Coalgebra.GroupLike (4.3s)
✔ [7404/7462] Built Mathlib.RepresentationTheory.FinGroupCharZero (4.8s)
✔ [7405/7462] Built Mathlib.Probability.Independence.Process (4.8s)
✔ [7406/7462] Built Mathlib.Probability.Independence.CharacteristicFunction (5.6s)
✔ [7407/7462] Built Mathlib.RepresentationTheory.Homological.GroupCohomology.LowDegree (17s)
✔ [7408/7462] Built Mathlib.Probability.ConditionalExpectation (5.3s)
✔ [7409/7462] Built Mathlib.Probability.Independence.Integrable (4.2s)
✔ [7410/7463] Built Mathlib.Probability.Density (5.1s)
✔ [7411/7463] Built Mathlib.RingTheory.Congruence.BigOperators (1.0s)
✔ [7412/7463] Built Mathlib.Probability.Kernel.Disintegration.Unique (3.9s)
✔ [7413/7463] Built Mathlib.Probability.Kernel.CompProdEqIff (3.6s)
✔ [7414/7463] Built Mathlib.RingTheory.Bialgebra.GroupLike (3.2s)
✔ [7415/7463] Built Mathlib.RepresentationTheory.Induced (28s)
✔ [7416/7463] Built Mathlib.Probability.BorelCantelli (4.8s)
✔ [7417/7463] Built Mathlib.RingTheory.Congruence.Hom (8.9s)
✔ [7418/7466] Built Mathlib.RepresentationTheory.Homological.GroupCohomology.FiniteCyclic (7.4s)
✔ [7419/7466] Built Mathlib.Probability.Independence.BoundedContinuousFunction (12s)
✔ [7420/7466] Built Mathlib.RingTheory.Polynomial.ContentIdeal (4.7s)
✔ [7421/7467] Built Mathlib.Probability.Independence.Integration (6.1s)
✔ [7422/7467] Built Mathlib.Probability.Distributions.Uniform (7.6s)
✔ [7423/7467] Built Mathlib.Probability.Kernel.CondDistrib (6.1s)
✔ [7424/7467] Built Mathlib.RingTheory.AdicCompletion.AsTensorProduct (16s)
✔ [7425/7468] Built Mathlib.RepresentationTheory.Homological.GroupHomology.Shapiro (4.1s)
✔ [7426/7468] Built Mathlib.RepresentationTheory.Homological.GroupCohomology.Shapiro (4.6s)
✔ [7427/7469] Built Mathlib.Probability.Kernel.Posterior (5.3s)
✔ [7428/7469] Built Mathlib.RepresentationTheory.Homological.GroupHomology.LowDegree (27s)
✔ [7429/7469] Built Mathlib.RingTheory.PowerSeries.GaussNorm (2.9s)
✔ [7430/7470] Built Mathlib.RepresentationTheory.Homological.GroupCohomology.Functoriality (17s)
✔ [7431/7470] Built Mathlib.RingTheory.DedekindDomain.SInteger (3.7s)
✔ [7432/7470] Built Mathlib.RepresentationTheory.Homological.GroupCohomology.Hilbert90 (5.7s)
✔ [7433/7470] Built Mathlib.Probability.Moments.Covariance (5.2s)
✔ [7434/7470] Built Mathlib.Probability.Kernel.Condexp (5.0s)
✔ [7435/7472] Built Mathlib.RingTheory.DedekindDomain.SelmerGroup (6.1s)
✔ [7436/7473] Built Mathlib.RingTheory.DividedPowers.Basic (5.3s)
✔ [7437/7474] Built Mathlib.Probability.Kernel.IonescuTulcea.Traj (7.9s)
✔ [7438/7474] Built Mathlib.RingTheory.Polynomial.GaussNorm (3.5s)
✔ [7439/7474] Built Mathlib.RepresentationTheory.FiniteIndex (12s)
✔ [7440/7474] Built Mathlib.RepresentationTheory.Homological.GroupCohomology.LongExactSequence (7.5s)
✔ [7441/7474] Built Mathlib.RingTheory.DividedPowers.RatAlgebra (4.5s)
✔ [7442/7475] Built Mathlib.Probability.Moments.Variance (6.5s)
✔ [7443/7478] Built Mathlib.RingTheory.DividedPowers.DPMorphism (4.0s)
✔ [7444/7478] Built Mathlib.RepresentationTheory.Homological.GroupHomology.FiniteCyclic (11s)
✔ [7445/7478] Built Mathlib.Probability.Independence.Conditional (8.4s)
✔ [7446/7478] Built Mathlib.RingTheory.DualNumber (6.1s)
✔ [7447/7478] Built Mathlib.RingTheory.DedekindDomain.GaussLemma (4.0s)
✔ [7448/7479] Built Mathlib.Probability.HasLaw (4.4s)
✔ [7449/7479] Built Mathlib.RingTheory.DividedPowers.Padic (4.9s)
✔ [7450/7479] Built Mathlib.Probability.IdentDistrib (4.8s)
✔ [7451/7479] Built Mathlib.Probability.CondVar (5.8s)
✔ [7452/7479] Built Mathlib.Probability.ProductMeasure (9.1s)
✔ [7453/7479] Built Mathlib.RingTheory.Smooth.Pi (6.4s)
✔ [7454/7479] Built Mathlib.RingTheory.Unramified.Pi (5.2s)
✔ [7455/7479] Built Mathlib.RingTheory.DividedPowers.SubDPIdeal (5.8s)
✔ [7456/7479] Built Mathlib.Probability.Moments.CovarianceBilinDual (11s)
✔ [7457/7483] Built Mathlib.Probability.Independence.ZeroOne (5.1s)
✔ [7458/7484] Built Mathlib.RingTheory.Etale.Locus (5.5s)
✔ [7459/7485] Built Mathlib.Probability.Process.FiniteDimensionalLaws (4.1s)
✔ [7460/7486] Built Mathlib.Probability.Independence.InfinitePi (4.5s)
✔ [7461/7487] Built Mathlib.RingTheory.Etale.Pi (3.2s)
✔ [7462/7487] Built Mathlib.Probability.Moments.Basic (5.9s)
✔ [7463/7487] Built Mathlib.Probability.Distributions.SetBernoulli (4.8s)
✔ [7464/7488] Built Mathlib.RingTheory.IntegralClosure.IsIntegral.AlmostIntegral (5.5s)
✔ [7465/7488] Built Mathlib.Probability.IdentDistribIndep (4.1s)
✔ [7466/7488] Built Mathlib.RingTheory.FilteredAlgebra.Basic (2.6s)
✔ [7467/7488] Built Mathlib.Probability.HasLawExists (4.1s)
✔ [7468/7489] Built Mathlib.Probability.StrongLaw (13s)
✔ [7469/7489] Built Mathlib.RepresentationTheory.Homological.GroupHomology.Functoriality (33s)
✔ [7470/7490] Built Mathlib.RingTheory.Finiteness.ModuleFinitePresentation (3.8s)
✔ [7471/7490] Built Mathlib.RingTheory.Extension.Presentation.Core (9.7s)
✔ [7472/7491] Built Mathlib.Probability.Moments.ComplexMGF (5.6s)
✔ [7473/7491] Built Mathlib.RingTheory.GradedAlgebra.Homogeneous.Subsemiring (3.5s)
✔ [7474/7491] Built Mathlib.Probability.Moments.CovarianceBilin (7.0s)
✔ [7475/7493] Built Mathlib.RingTheory.Frobenius (5.3s)
✔ [7476/7497] Built Mathlib.RingTheory.GradedAlgebra.Noetherian (2.9s)
✔ [7477/7500] Built Mathlib.RepresentationTheory.Homological.GroupHomology.LongExactSequence (6.2s)
✔ [7478/7500] Built Mathlib.RingTheory.Etale.Field (11s)
✔ [7479/7501] Built Mathlib.RingTheory.Grassmannian (3.3s)
✔ [7480/7502] Built Mathlib.RingTheory.Etale.StandardEtale (17s)
✔ [7481/7503] Built Mathlib.Probability.Moments.MGFAnalytic (5.1s)
✔ [7482/7503] Built Mathlib.RingTheory.PowerSeries.WellKnown (3.8s)
✔ [7483/7503] Built Mathlib.RingTheory.HahnSeries.Valuation (3.1s)
✔ [7484/7504] Built Mathlib.RingTheory.HahnSeries.PowerSeries (3.9s)
✔ [7485/7505] Built Mathlib.RingTheory.HopfAlgebra.GroupLike (3.2s)
✔ [7486/7505] Built Mathlib.RingTheory.HahnSeries.HahnEmbedding (5.2s)
✔ [7487/7508] Built Mathlib.RingTheory.Henselian (4.2s)
✔ [7488/7510] Built Mathlib.RingTheory.Polynomial.IsIntegral (16s)
✔ [7489/7510] Built Mathlib.RingTheory.PowerSeries.Binomial (3.4s)
✔ [7490/7511] Built Mathlib.Probability.Moments.Tilted (4.8s)
✔ [7491/7511] Built Mathlib.RingTheory.HopfAlgebra.MonoidAlgebra (4.5s)
✔ [7492/7514] Built Mathlib.RingTheory.HahnSeries.Summable (11s)
✔ [7493/7514] Built Mathlib.Probability.Distributions.Gaussian.Real (7.0s)
✔ [7494/7515] Built Mathlib.RingTheory.Ideal.AssociatedPrime.Basic (5.2s)
✔ [7495/7516] Built Mathlib.RingTheory.IdealFilter.Basic (3.4s)
✔ [7496/7516] Built Mathlib.RingTheory.Ideal.Height (6.1s)
✔ [7497/7516] Built Mathlib.Topology.Algebra.ClopenNhdofOne (2.8s)
✔ [7498/7516] Built Mathlib.RingTheory.IntegralClosure.Algebra.Ideal (4.6s)
✔ [7499/7517] Built Mathlib.RingTheory.HahnSeries.Cardinal (4.2s)
✔ [7500/7517] Built Mathlib.RingTheory.Ideal.AssociatedPrime.Localization (4.9s)
✔ [7501/7517] Built Mathlib.RingTheory.KrullDimension.Field (3.2s)
✔ [7502/7517] Built Mathlib.RingTheory.HahnSeries.HEval (7.3s)
✔ [7503/7518] Built Mathlib.Probability.Moments.SubGaussian (9.4s)
✔ [7504/7520] Built Mathlib.RingTheory.Ideal.AssociatedPrime.Finiteness (7.7s)
✔ [7505/7520] Built Mathlib.Probability.Distributions.Gaussian.Basic (9.5s)
✔ [7506/7521] Built Mathlib.RingTheory.KrullDimension.LocalRing (3.5s)
✔ [7507/7521] Built Mathlib.Topology.Algebra.Category.ProfiniteGrp.Limits (4.2s)
✔ [7508/7522] Built Mathlib.RingTheory.IntegralClosure.GoingDown (5.5s)
✔ [7509/7522] Built Mathlib.RingTheory.KrullDimension.NonZeroDivisors (3.2s)
✔ [7510/7526] Built Mathlib.RingTheory.HahnSeries.Binomial (3.0s)
✔ [7511/7527] Built Mathlib.RingTheory.Ideal.KrullsHeightTheorem (7.6s)
✔ [7512/7527] Built Mathlib.RingTheory.Spectrum.Prime.Module (3.3s)
✔ [7513/7528] Built Mathlib.RingTheory.KrullDimension.PID (3.1s)
✔ [7514/7529] Built Mathlib.RingTheory.KrullDimension.Module (3.8s)
✔ [7515/7529] Built Mathlib.RingTheory.Spectrum.Prime.LTSeries (4.4s)
✔ [7516/7530] Built Mathlib.RingTheory.Regular.IsSMulRegular (4.7s)
✔ [7517/7531] Built Mathlib.Probability.Distributions.Gaussian.Fernique (8.2s)
✔ [7518/7531] Built Mathlib.RingTheory.Lasker (3.7s)
✔ [7519/7532] Built Mathlib.RingTheory.KrullDimension.Polynomial (4.9s)
✔ [7520/7532] Built Mathlib.RingTheory.Length (5.8s)
✔ [7521/7533] Built Mathlib.RingTheory.Kaehler.TensorProduct (23s)
✔ [7522/7534] Built Mathlib.RingTheory.LocalRing.NonLocalRing (2.0s)
✔ [7523/7536] Built Mathlib.RingTheory.LittleWedderburn (9.7s)
✔ [7524/7536] Built Mathlib.RingTheory.LocalProperties.Semilocal (4.6s)
✔ [7525/7537] Built Mathlib.RingTheory.Regular.RegularSequence (10s)
✔ [7526/7538] Built Mathlib.RingTheory.LocalRing.Subring (2.7s)
✔ [7527/7538] Built Mathlib.RingTheory.Localization.AtPrime (2.8s)
✔ [7528/7539] Built Mathlib.RingTheory.Localization.Rat (2.8s)
✔ [7529/7541] Built Mathlib.RingTheory.Localization.Pi (3.9s)
✔ [7530/7542] Built Mathlib.RingTheory.Invariant.Profinite (20s)
✔ [7531/7543] Built Mathlib.Probability.Distributions.Gaussian.CharFun (10s)
✔ [7532/7544] Built Mathlib.RingTheory.Localization.AtPrime.Extension (5.5s)
✔ [7533/7545] Built Mathlib.RingTheory.Morita.Basic (2.5s)
✔ [7534/7546] Built Mathlib.RingTheory.LaurentSeries (18s)
✔ [7535/7546] Built Mathlib.RingTheory.MvPolynomial.Expand (2.9s)
✔ [7536/7546] Built Mathlib.RingTheory.MvPolynomial.EulerIdentity (3.3s)
✔ [7537/7550] Built Mathlib.RingTheory.KrullDimension.Regular (5.2s)
✔ [7538/7551] Built Mathlib.RingTheory.MvPolynomial.Ideal (3.3s)
✔ [7539/7552] Built Mathlib.RingTheory.MvPolynomial.Symmetric.FundamentalTheorem (4.6s)
✔ [7540/7553] Built Mathlib.RingTheory.MvPolynomial.IrreducibleQuadratic (5.8s)
✔ [7541/7554] Built Mathlib.RingTheory.MvPowerSeries.LinearTopology (3.7s)
✔ [7542/7556] Built Mathlib.RingTheory.MvPowerSeries.Evaluation (4.9s)
✔ [7543/7556] Built Mathlib.RingTheory.Nilpotent.GeometricallyReduced (4.5s)
✔ [7544/7556] Built Mathlib.RingTheory.Noetherian.Filter (2.4s)
✔ [7545/7556] Built Mathlib.RingTheory.Noetherian.OfPrime (2.9s)
✔ [7546/7563] Built Mathlib.RingTheory.NormTrace (3.1s)
✔ [7547/7576] Built Mathlib.RingTheory.MvPolynomial.Symmetric.NewtonIdentities (10s)
✔ [7548/7577] Built Mathlib.RingTheory.NoetherNormalization (7.1s)
✔ [7549/7578] Built Mathlib.RingTheory.OrderOfVanishing (5.8s)
✔ [7550/7579] Built Mathlib.RingTheory.WittVector.WittPolynomial (4.5s)
✔ [7551/7580] Built Mathlib.RingTheory.Polynomial.Eisenstein.Distinguished (3.3s)
✔ [7552/7581] Built Mathlib.RingTheory.MvPowerSeries.Substitution (8.1s)
✔ [7553/7581] Built Mathlib.RingTheory.Polynomial.Dickson (4.2s)
✔ [7554/7582] Built Mathlib.RingTheory.Morita.Matrix (15s)
✔ [7555/7583] Built Mathlib.RingTheory.Polynomial.Hermite.Basic (3.8s)
✔ [7556/7584] Built Mathlib.RingTheory.Polynomial.UniversalFactorizationRing (57s)
✔ [7557/7584] Built Mathlib.RingTheory.Perfection (10s)
✔ [7558/7584] Built Mathlib.RingTheory.Polynomial.HilbertPoly (4.3s)
✔ [7559/7584] Built Mathlib.RingTheory.Polynomial.IrreducibleRing (3.2s)
✔ [7560/7585] Built Mathlib.RingTheory.MvPowerSeries.Expand (5.1s)
✔ [7561/7585] Built Mathlib.RingTheory.Polynomial.Opposites (3.4s)
✔ [7562/7587] Built Mathlib.RingTheory.WittVector.StructurePolynomial (6.3s)
✔ [7563/7588] Built Mathlib.RingTheory.Polynomial.Hermite.Gaussian (3.0s)
✔ [7564/7589] Built Mathlib.RingTheory.Polynomial.Selmer (4.4s)
✔ [7565/7590] Built Mathlib.RingTheory.Perfectoid.Untilt (4.5s)
✔ [7566/7590] Built Mathlib.RingTheory.Polynomial.ShiftedLegendre (3.7s)
✔ [7567/7595] Built Mathlib.RingTheory.Polynomial.SmallDegreeVieta (3.0s)
✔ [7568/7596] Built Mathlib.RingTheory.PowerSeries.Catalan (2.0s)
✔ [7569/7597] Built Mathlib.RingTheory.WittVector.Defs (5.8s)
✔ [7570/7597] Built Mathlib.RingTheory.PowerSeries.CoeffMulMem (3.4s)
✔ [7571/7599] Built Mathlib.RingTheory.UniqueFactorizationDomain.Kaplansky (4.0s)
✔ [7572/7599] Built Mathlib.RingTheory.PowerSeries.Evaluation (4.6s)
✔ [7573/7599] Built Mathlib.RingTheory.TensorProduct.DirectLimitFG (7.6s)
✔ [7574/7600] Built Mathlib.RingTheory.PowerSeries.Schroder (3.3s)
✔ [7575/7601] Built Mathlib.RingTheory.Regular.Category (3.5s)
✔ [7576/7601] Built Mathlib.RingTheory.PowerSeries.Restricted (7.3s)
✔ [7577/7601] Built Mathlib.RingTheory.WittVector.Basic (5.0s)
✔ [7578/7602] Built Mathlib.RingTheory.PowerSeries.Ideal (4.5s)
✔ [7579/7602] Built Mathlib.RingTheory.Regular.Flat (3.5s)
✔ [7580/7602] Built Mathlib.RingTheory.PowerSeries.Substitution (4.8s)
✔ [7581/7603] Built Mathlib.RingTheory.PicardGroup (26s)
✔ [7582/7603] Built Mathlib.RingTheory.PowerSeries.WeierstrassPreparation (8.8s)
✔ [7583/7605] Built Mathlib.RingTheory.Regular.Depth (7.3s)
✔ [7584/7605] Built Mathlib.RingTheory.RingHom.Bijective (3.2s)
✔ [7585/7605] Built Mathlib.RingTheory.Etale.QuasiFinite (19s)
✔ [7586/7609] Built Mathlib.RingTheory.RingInvo (2.1s)
✔ [7587/7610] Built Mathlib.RingTheory.WittVector.Teichmuller (3.3s)
✔ [7588/7611] Built Mathlib.RingTheory.RingHom.LocallyStandardSmooth (3.9s)
✔ [7589/7611] Built Mathlib.RingTheory.PowerSeries.Expand (3.9s)
✔ [7590/7614] Built Mathlib.RingTheory.PolynomialLaw.Basic (8.4s)
✔ [7591/7615] Built Mathlib.RingTheory.SimpleRing.Congr (2.0s)
✔ [7592/7616] Built Mathlib.RingTheory.SimpleRing.Matrix (3.3s)
✔ [7593/7617] Built Mathlib.RingTheory.SimpleModule.Rank (3.8s)
✔ [7594/7618] Built Mathlib.RingTheory.WittVector.IsPoly (7.4s)
✔ [7595/7618] Built Mathlib.RingTheory.Smooth.Field (5.1s)
✔ [7596/7618] Built Mathlib.RingTheory.Spectrum.Maximal.Topology (3.2s)
✔ [7597/7618] Built Mathlib.RingTheory.Smooth.AdicCompletion (6.1s)
✔ [7598/7618] Built Mathlib.RingTheory.SimpleModule.Isotypic (10s)
✔ [7599/7619] Built Mathlib.RingTheory.Smooth.Local (6.5s)
✔ [7600/7619] Built Mathlib.RingTheory.WittVector.Verschiebung (3.0s)
✔ [7601/7620] Built Mathlib.RingTheory.WittVector.MulP (3.8s)
✔ [7602/7621] Built Mathlib.RingTheory.Spectrum.Prime.Homeomorph (8.2s)
✔ [7603/7622] Built Mathlib.RingTheory.WittVector.InitTail (5.8s)
✔ [7604/7622] Built Mathlib.RingTheory.Spectrum.Prime.IsOpenComapC (3.5s)
✔ [7605/7623] Built Mathlib.RingTheory.WittVector.Frobenius (7.4s)
✔ [7606/7624] Built Mathlib.RingTheory.TwoSidedIdeal.BigOperators (2.5s)
✔ [7607/7624] Built Mathlib.RingTheory.TwoSidedIdeal.Instances (2.4s)
✔ [7608/7625] Built Mathlib.RingTheory.UniqueFactorizationDomain.Finsupp (2.5s)
✔ [7609/7626] Built Mathlib.RingTheory.WittVector.Truncated (5.1s)
✔ [7610/7627] Built Mathlib.RingTheory.TensorProduct.MonoidAlgebra (7.1s)
✔ [7611/7628] Built Mathlib.RingTheory.Smooth.NoetherianDescent (17s)
✔ [7612/7629] Built Mathlib.RingTheory.WittVector.Identities (4.3s)
✔ [7613/7629] Built Mathlib.RingTheory.SimpleModule.WedderburnArtin (9.3s)
✔ [7614/7629] Built Mathlib.RingTheory.Valuation.IntegrallyClosed (2.2s)
✔ [7615/7630] Built Mathlib.RingTheory.Valuation.Quotient (2.6s)
✔ [7616/7631] Built Mathlib.RingTheory.Valuation.Minpoly (2.8s)
✔ [7617/7631] Built Mathlib.RingTheory.Smooth.IntegralClosure (20s)
✔ [7618/7631] Built Mathlib.RingTheory.Valuation.AlgebraInstances (7.1s)
✔ [7619/7637] Built Mathlib.RingTheory.Smooth.Flat (3.5s)
✔ [7620/7637] Built Mathlib.RingTheory.Valuation.RamificationGroup (2.8s)
✔ [7621/7638] Built Mathlib.RingTheory.Valuation.Extension (6.0s)
✔ [7622/7639] Built Mathlib.RingTheory.WittVector.Domain (3.0s)
✔ [7623/7640] Built Mathlib.RingTheory.Valuation.ValuativeRel (2.3s)
✔ [7624/7640] Built Mathlib.RingTheory.SimpleModule.IsAlgClosed (2.8s)
✔ [7625/7640] Built Mathlib.RingTheory.Valuation.ValuativeRel.Trivial (3.0s)
✔ [7626/7644] Built Mathlib.SetTheory.Cardinal.NatCount (2.5s)
✔ [7627/7654] Built Mathlib.RingTheory.ZMod.Torsion (2.0s)
✔ [7628/7654] Built Mathlib.SetTheory.Cardinal.UnivLE (2.3s)
✔ [7629/7655] Built Mathlib.RingTheory.WittVector.Compare (3.8s)
✔ [7630/7657] Built Mathlib.RingTheory.ZariskisMainTheorem (3.7s)
✔ [7631/7658] Built Mathlib.RingTheory.WittVector.Complete (3.5s)
✔ [7632/7658] Built Mathlib.SetTheory.Descriptive.Tree (2.7s)
✔ [7633/7661] Built Mathlib.SetTheory.PGame.Basic (3.6s)
✔ [7634/7661] Built Mathlib.SetTheory.Lists (3.8s)
✔ [7635/7661] Built Mathlib.SetTheory.Ordinal.CantorNormalForm (3.1s)
✔ [7636/7662] Built Mathlib.SetTheory.Ordinal.FixedPointApproximants (3.4s)
✔ [7637/7662] Built Mathlib.RingTheory.WittVector.MulCoeff (8.4s)
✔ [7638/7664] Built Mathlib.SetTheory.Nimber.Basic (5.0s)
✔ [7639/7666] Built Mathlib.SetTheory.PGame.Order (3.0s)
✔ [7640/7667] Built Mathlib.RingTheory.WittVector.TeichmullerSeries (4.0s)
✔ [7641/7667] Built Mathlib.SetTheory.Ordinal.NaturalOps (8.6s)
✔ [7642/7672] Built Mathlib.SetTheory.Ordinal.Notation (7.6s)
✔ [7643/7672] Built Mathlib.Topology.Order.IsNormal (5.6s)
✔ [7644/7673] Built Mathlib.RingTheory.WittVector.DiscreteValuationRing (4.4s)
✔ [7645/7673] Built Mathlib.Std.Data.HashMap (935ms)
✔ [7646/7678] Built Mathlib.SetTheory.Ordinal.Veblen (5.3s)
✔ [7647/7679] Built Mathlib.SetTheory.ZFC.PSet (2.9s)
✔ [7648/7680] Built Mathlib.Tactic.CC.Lemmas (1.0s)
✔ [7649/7680] Built Mathlib.Tactic.Relation.Symm (794ms)
✔ [7650/7681] Built Mathlib.SetTheory.Ordinal.Topology (3.5s)
✔ [7651/7682] Built Mathlib.Tactic.CancelDenoms (2.1s)
✔ [7652/7683] Built Mathlib.Tactic.Cases (1.5s)
✔ [7653/7684] Built Mathlib.SetTheory.Nimber.Field (9.4s)
✔ [7654/7685] Built Mathlib.SetTheory.PGame.Algebra (7.5s)
✔ [7655/7686] Built Mathlib.Tactic.CC.Datatypes (5.1s)
✔ [7656/7686] Built Mathlib.Tactic.Change (1.1s)
✔ [7657/7687] Built Mathlib.Tactic.CategoryTheory.CheckCompositions (2.4s)
✔ [7658/7687] Built Mathlib.Tactic.Clean (1.0s)
✔ [7659/7687] Built Mathlib.RingTheory.Perfectoid.FontaineTheta (8.4s)
✔ [7660/7688] Built Mathlib.SetTheory.ZFC.Basic (4.0s)
✔ [7661/7690] Built Mathlib.RingTheory.WittVector.FrobeniusFractionField (7.6s)
✔ [7662/7690] Built Mathlib.Tactic.DeriveCountable (3.0s)
✔ [7663/7690] Built Mathlib.Tactic.Eval (1.7s)
✔ [7664/7691] Built Mathlib.Tactic.Explode.Datatypes (941ms)
✔ [7665/7692] Built Mathlib.Tactic.DeriveEncodable (4.2s)
✔ [7666/7692] Built Mathlib.Tactic.DeriveTraversable (3.7s)
✔ [7667/7693] Built Mathlib.SetTheory.ZFC.Rank (2.0s)
✔ [7668/7693] Built Mathlib.Tactic.Explode.Pretty (897ms)
✔ [7669/7694] Built Mathlib.Tactic.CC.MkProof (5.2s)
✔ [7670/7694] Built Mathlib.Tactic.Ext (1.4s)
✔ [7671/7695] Built Mathlib.SetTheory.ZFC.Cardinal (2.9s)
✔ [7672/7696] Built Mathlib.Tactic.FindSyntax (1.3s)
✔ [7673/7696] Built Mathlib.Tactic.Generalize (790ms)
✔ [7674/7696] Built Mathlib.Tactic.GeneralizeProofs (843ms)
✔ [7675/7698] Built Mathlib.RingTheory.Perfectoid.BDeRham (5.7s)
✔ [7676/7699] Built Mathlib.Tactic.Explode (1.5s)
✔ [7677/7700] Built Mathlib.Tactic.Have (1.5s)
✔ [7678/7701] Built Mathlib.Tactic.Linter.CommandRanges (1.0s)
✔ [7679/7701] Built Mathlib.SetTheory.ZFC.Ordinal (3.5s)
✔ [7680/7703] Built Mathlib.Tactic.Linter.CommandStart (757ms)
✔ [7681/7704] Built Mathlib.Tactic.Linarith.Oracle.FourierMotzkin (3.0s)
✔ [7682/7705] Built Mathlib.Tactic.Linter.FindDeprecations (1.5s)
✔ [7683/7705] Built Mathlib.Tactic.LinearCombination' (3.5s)
✔ [7684/7707] Built Mathlib.Tactic.Linter.TextBased.UnicodeLinter (705ms)
✔ [7685/7708] Built Mathlib.Tactic.ITauto (4.6s)
✔ [7686/7708] Built Mathlib.Tactic.Linter.ValidatePRTitle (1.5s)
✔ [7687/7709] Built Mathlib.SetTheory.ZFC.Class (3.2s)
✔ [7688/7709] Built Mathlib.Tactic.ModCases (2.7s)
✔ [7689/7710] Built Mathlib.Tactic.Linter.TextBased (2.3s)
✔ [7690/7711] Built Mathlib.Tactic.NormNum.IsCoprime (2.4s)
✔ [7691/7712] Built Mathlib.Tactic.CC.Addition (9.5s)
✔ [7692/7712] Built Mathlib.RingTheory.WittVector.Isocrystal (11s)
✔ [7693/7713] Built Mathlib.Tactic.NormNum.BigOperators (4.9s)
✔ [7694/7714] Built Mathlib.SetTheory.ZFC.VonNeumann (2.0s)
✔ [7695/7715] Built Mathlib.Tactic.NormNum.Irrational (5.7s)
✔ [7696/7716] Built Mathlib.Tactic.NormNum.ModEq (2.5s)
✔ [7697/7717] Built Mathlib.Tactic.CC (2.5s)
✔ [7698/7718] Built Mathlib.Tactic.NormNum.IsSquare (4.1s)
✔ [7699/7719] Built Mathlib.Tactic.NormNum.NatLog (2.5s)
✔ [7700/7720] Built Mathlib.SetTheory.Game.Basic (18s)
✔ [7701/7720] Built Mathlib.Tactic.NormNum.NatSqrt (2.0s)
✔ [7702/7720] Built Mathlib.Tactic.Polyrith (898ms)
✔ [7703/7721] Built Mathlib.Tactic.NormNum.Parity (2.3s)
✔ [7704/7722] Built Mathlib.Tactic.NormNum.PowMod (2.5s)
✔ [7705/7722] Built Mathlib.Tactic.NormNum.Ordinal (3.4s)
✔ [7706/7724] Built Mathlib.Tactic.PNatToNat (2.6s)
✔ [7707/7726] Built Mathlib.Tactic.Propose (820ms)
✔ [7708/7727] Built Mathlib.SetTheory.Game.Impartial (2.9s)
✔ [7709/7728] Built Mathlib.Tactic.ReduceModChar.Ext (709ms)
✔ [7710/7728] Built Mathlib.Tactic.Recall (1.0s)
✔ [7711/7729] Built Mathlib.Tactic.NormNum.LegendreSymbol (6.9s)
✔ [7712/7729] Built Mathlib.Tactic.NormNum.RealSqrt (3.8s)
✔ [7713/7730] Built Mathlib.Tactic.ProdAssoc (1.9s)
✔ [7714/7734] Built Mathlib.Tactic.Replace (1.0s)
✔ [7717/7734] Built Mathlib.Tactic.RewriteSearch (983ms)
✔ [7718/7735] Built Mathlib.SetTheory.Game.Ordinal (3.9s)
✔ [7719/7737] Built Mathlib.Tactic.Widget.GCongr (1.8s)
✔ [7720/7737] Built Mathlib.Tactic.Sat.FromLRAT (2.0s)
✔ [7722/7740] Built Mathlib.Tactic.Simproc.Divisors (2.8s)
✔ [7724/7741] Built Mathlib.Tactic.Widget.CommDiag (2.5s)
✔ [7725/7742] Built Mathlib.Tactic.Simproc.Factors (3.1s)
✔ [7726/7743] Built Mathlib.Tactic.WithoutCDot (1.3s)
✔ [7727/7743] Built Mathlib.Tactic.ReduceModChar (4.8s)
✔ [7728/7746] Built Mathlib.Tactic.Simproc.FinsetInterval (4.6s)
✔ [7729/7747] Built Mathlib.Testing.Plausible.Sampleable (2.3s)
✔ [7730/7748] Built Mathlib.SetTheory.Surreal.Basic (4.7s)
✔ [7731/7748] Built Mathlib.Testing.Plausible.Testable (2.0s)
✔ [7732/7749] Built Mathlib.Testing.Plausible.Functions (3.6s)
✔ [7733/7750] Built Mathlib.SetTheory.Game.Birthday (5.5s)
✔ [7734/7751] Built Mathlib.Topology.Algebra.Algebra.Rat (3.3s)
✔ [7735/7751] Built Mathlib.Topology.UniformSpace.Ascoli (3.7s)
✔ [7736/7751] Built Mathlib.Topology.Algebra.Group.Units (2.0s)
✔ [7737/7752] Built Mathlib.Topology.Algebra.Group.SubmonoidClosure (3.8s)
✔ [7738/7753] Built Mathlib.Topology.Algebra.Group.OpenMapping (4.4s)
✔ [7739/7753] Built Mathlib.SetTheory.Surreal.Multiplication (4.1s)
✔ [7740/7754] Built Mathlib.Topology.Algebra.IntermediateField (3.7s)
✔ [7741/7754] Built Mathlib.Topology.Algebra.IsOpenUnits (4.3s)
✔ [7742/7755] Built Mathlib.Topology.Algebra.Localization (2.5s)
✔ [7743/7756] Built Mathlib.SetTheory.Game.Nim (3.8s)
✔ [7744/7756] Built Mathlib.Tactic.Widget.StringDiagram (9.6s)
✔ [7745/7759] Built Mathlib.Topology.Algebra.Module.Compact (2.8s)
✔ [7746/7761] Built Mathlib.SetTheory.Game.Short (3.9s)
✔ [7747/7761] Built Mathlib.Topology.Algebra.Module.StrongDual (2.3s)
✔ [7748/7762] Built Mathlib.Topology.Algebra.Group.CompactOpen (4.2s)
✔ [7749/7763] Built Mathlib.Topology.Algebra.MvPolynomial (2.8s)
✔ [7750/7763] Built Mathlib.Topology.Algebra.Nonarchimedean.TotallyDisconnected (2.7s)
✔ [7751/7764] Built Mathlib.SetTheory.Surreal.Dyadic (3.3s)
✔ [7752/7764] Built Mathlib.Topology.Algebra.ProperConstSMul (2.4s)
✔ [7753/7767] Built Mathlib.SetTheory.Game.State (2.7s)
✔ [7754/7768] Built Mathlib.Tactic (4.1s)
✔ [7755/7768] Built Mathlib.Topology.Algebra.ProperAction.Basic (3.6s)
✔ [7756/7769] Built Mathlib.Topology.Algebra.Star.Unitary (2.0s)
✔ [7757/7769] Built Mathlib.Topology.Algebra.Ring.Compact (4.1s)
✔ [7758/7769] Built Mathlib.Topology.Algebra.Valued.WithZeroMulInt (3.0s)
✔ [7759/7772] Built Mathlib.Topology.Algebra.PontryaginDual (3.8s)
✔ [7760/7772] Built Mathlib.SetTheory.Game.Domineering (2.7s)
✔ [7761/7772] Built Mathlib.Topology.Baire.BaireMeasurable (3.4s)
✔ [7762/7777] Built Mathlib.Topology.Category.Born (2.0s)
✔ [7763/7778] Built Mathlib.Topology.Category.TopCat.Sphere (4.3s)
✔ [7764/7783] Built Mathlib.Topology.Algebra.ProperAction.AddTorsor (2.4s)
✔ [7765/7784] Built Mathlib.Topology.Algebra.ProperAction.ProperlyDiscontinuous (3.4s)
✔ [7766/7785] Built Mathlib.Topology.Category.CompHaus.Frm (2.9s)
✔ [7767/7786] Built Mathlib.Topology.Compactness.DeltaGeneratedSpace (3.3s)
✔ [7768/7786] Built Mathlib.Topology.Category.Compactum (4.0s)
✔ [7769/7787] Built Mathlib.Topology.Category.Profinite.Projective (3.1s)
✔ [7770/7787] Built Mathlib.Topology.Category.Profinite.Product (3.6s)
✔ [7771/7788] Built Mathlib.Topology.Category.TopCat.EffectiveEpi (2.4s)
✔ [7772/7788] Built Mathlib.Topology.CWComplex.Abstract.Basic (3.6s)
✔ [7773/7789] Built Mathlib.Topology.Category.Stonean.Adjunctions (3.0s)
✔ [7774/7790] Built Mathlib.Topology.Category.UniformSpace (3.1s)
✔ [7775/7792] Built Mathlib.Topology.Category.Locale (2.8s)
✔ [7776/7792] Built Mathlib.Topology.Compactness.Exterior (1.8s)
✔ [7777/7794] Built Mathlib.Topology.Category.DeltaGenerated (3.3s)
✔ [7778/7794] Built Mathlib.Topology.Compactness.HilbertCubeEmbedding (2.7s)
✔ [7779/7795] Built Mathlib.Topology.CWComplex.Classical.Basic (10s)
✔ [7780/7795] Built Mathlib.Topology.Compactness.PseudometrizableLindelof (1.8s)
✔ [7781/7795] Built Mathlib.Topology.Compactification.OnePoint.Sphere (4.2s)
✔ [7782/7797] Built Mathlib.Topology.Connected.Separation (2.2s)
✔ [7783/7798] Built Mathlib.Topology.Connected.PathComponentOne (2.8s)
✔ [7784/7799] Built Mathlib.Topology.Category.Profinite.Nobeling.Basic (5.7s)
✔ [7785/7800] Built Mathlib.Topology.ContinuousMap.Bounded.ArzelaAscoli (3.1s)
✔ [7786/7800] Built Mathlib.Topology.ContinuousMap.BoundedCompactlySupported (3.5s)
✔ [7787/7800] Built Mathlib.Topology.ContinuousMap.Interval (3.5s)
✔ [7788/7800] Built Mathlib.Topology.ContinuousMap.LocallyConstant (3.0s)
✔ [7789/7801] Built Mathlib.Topology.ContinuousMap.LocallyConvex (3.0s)
✔ [7790/7802] Built Mathlib.Topology.ContinuousMap.SecondCountableSpace (2.7s)
✔ [7791/7803] Built Mathlib.Topology.CWComplex.Classical.Finite (3.0s)
✔ [7792/7804] Built Mathlib.Topology.ContinuousMap.Sigma (2.2s)
✔ [7793/7804] Built Mathlib.Topology.ContinuousMap.T0Sierpinski (2.1s)
✔ [7794/7805] Built Mathlib.Topology.Covering (2.3s)
✔ [7795/7806] Built Mathlib.Topology.DerivedSet (2.4s)
✔ [7796/7807] Built Mathlib.Topology.Category.Profinite.Nobeling.ZeroLimit (3.9s)
✔ [7797/7808] Built Mathlib.Topology.Convenient.GeneratedBy (3.5s)
✔ [7798/7809] Built Mathlib.Topology.Category.Profinite.Nobeling.Span (4.2s)
✔ [7799/7810] Built Mathlib.Topology.Exterior (1.0s)
✔ [7800/7811] Built Mathlib.Topology.CWComplex.Classical.Subcomplex (3.0s)
✔ [7801/7812] Built Mathlib.Topology.Filter (2.7s)
✔ [7802/7813] Built Mathlib.Topology.Germ (2.7s)
✔ [7803/7814] Built Mathlib.Topology.Hom.Open (2.6s)
✔ [7804/7815] Built Mathlib.Topology.Category.Profinite.Nobeling.Successor (8.3s)
✔ [7805/7815] Built Mathlib.Topology.Homotopy.HSpaces (3.0s)
✔ [7806/7817] Built Mathlib.Topology.Homotopy.LocallyContractible (3.3s)
✔ [7807/7817] Built Mathlib.Topology.Instances.PNat (2.7s)
✔ [7808/7818] Built Mathlib.Topology.EMetricSpace.PairReduction (8.5s)
✔ [7809/7819] Built Mathlib.Topology.Instances.RatLemmas (3.1s)
✔ [7810/7819] Built Mathlib.Topology.Instances.ZMod (2.2s)
✔ [7811/7824] Built Mathlib.Topology.Category.Profinite.Nobeling.Induction (3.5s)
✔ [7812/7824] Built Mathlib.Topology.IsClosedRestrict (2.6s)
✔ [7813/7827] Built Mathlib.Topology.Homotopy.Lifting (6.8s)
✔ [7814/7828] Built Mathlib.Topology.List (3.0s)
✔ [7815/7831] Built Mathlib.Topology.Instances.CantorSet (7.3s)
✔ [7816/7831] Built Mathlib.Topology.Maps.Proper.UniversallyClosed (2.3s)
✔ [7817/7831] Built Mathlib.Topology.Sets.VietorisTopology (2.4s)
✔ [7818/7832] Built Mathlib.Topology.MetricSpace.BundledFun (3.7s)
✔ [7819/7832] Built Mathlib.Topology.MetricSpace.Cover (3.3s)
✔ [7820/7833] Built Mathlib.Topology.MetricSpace.Kuratowski (4.2s)
✔ [7821/7833] Built Mathlib.Topology.MetricSpace.HausdorffAlexandroff (3.3s)
✔ [7822/7834] Built Mathlib.Topology.MetricSpace.GromovHausdorffRealized (5.6s)
✔ [7823/7835] Built Mathlib.Topology.MetricSpace.HolderNorm (5.2s)
✔ [7824/7836] Built Mathlib.Topology.MetricSpace.Infsep (4.3s)
✔ [7825/7837] Built Mathlib.Topology.MetricSpace.HausdorffDimension (6.7s)
✔ [7826/7837] Built Mathlib.Topology.Homotopy.HomotopyGroup (15s)
✔ [7827/7837] Built Mathlib.Topology.MetricSpace.ShrinkingLemma (3.3s)
✔ [7828/7842] Built Mathlib.Topology.MetricSpace.Ultra.Pi (2.6s)
✔ [7829/7846] Built Mathlib.Topology.MetricSpace.Ultra.TotallySeparated (2.6s)
✔ [7830/7847] Built Mathlib.Topology.UniformSpace.Closeds (7.4s)
✔ [7831/7848] Built Mathlib.Topology.Metrizable.ContinuousMap (2.5s)
✔ [7832/7848] Built Mathlib.Topology.NatEmbedding (2.5s)
✔ [7833/7852] Built Mathlib.Topology.MetricSpace.Snowflaking (5.3s)
✔ [7834/7853] Built Mathlib.Topology.OpenPartialHomeomorph (1.0s)
✔ [7835/7854] Built Mathlib.Topology.MetricSpace.CoveringNumbers (6.0s)
✔ [7836/7855] Built Mathlib.Topology.Order.LowerUpperTopology (3.0s)
✔ [7837/7855] Built Mathlib.Topology.Order.Filter (2.2s)
✔ [7838/7855] Built Mathlib.Topology.Order.Hom.Basic (2.6s)
✔ [7839/7857] Built Mathlib.Topology.Order.PartialSups (2.4s)
✔ [7840/7857] Built Mathlib.Topology.Order.Priestley (2.2s)
✔ [7841/7857] Built Mathlib.Topology.Order.Category.FrameAdjunction (4.1s)
✔ [7842/7858] Built Mathlib.Topology.Order.NhdsSet (3.5s)
✔ [7843/7859] Built Mathlib.Topology.Partial (2.1s)
✔ [7844/7860] Built Mathlib.Topology.MetricSpace.Closeds (4.4s)
✔ [7845/7861] Built Mathlib.Topology.PartialHomeomorph (1.9s)
✔ [7846/7861] Built Mathlib.Topology.Order.HullKernel (3.2s)
✔ [7847/7862] Built Mathlib.Topology.PreorderRestrict (2.2s)
✔ [7848/7864] Built Mathlib.Topology.Order.UpperLowerSetTopology (3.2s)
✔ [7849/7864] Built Mathlib.Topology.Order.Hom.Esakia (3.0s)
✔ [7850/7864] Built Mathlib.Topology.Semicontinuous (2.5s)
✔ [7851/7865] Built Mathlib.Topology.Separation.AlexandrovDiscrete (2.2s)
✔ [7852/7865] Built Mathlib.Topology.Semicontinuity.Lindelof (3.4s)
✔ [7853/7866] Built Mathlib.Topology.Separation.DisjointCover (2.7s)
✔ [7854/7868] Built Mathlib.Topology.Separation.Lemmas (2.8s)
✔ [7855/7868] Built Mathlib.Topology.Separation.LinearUpperLowerSetTopology (2.3s)
✔ [7856/7869] Built Mathlib.Topology.Separation.NotNormal (2.5s)
✔ [7857/7870] Built Mathlib.Topology.Specialization (2.4s)
✔ [7858/7871] Built Mathlib.Topology.Sets.Order (2.4s)
✔ [7859/7871] Built Mathlib.Topology.Order.ScottTopology (3.0s)
✔ [7860/7872] Built Mathlib.Topology.Sheaves.LocallySurjective (2.0s)
✔ [7861/7872] Built Mathlib.Topology.Sheaves.PUnit (2.6s)
✔ [7862/7873] Built Mathlib.Topology.Sheaves.Over (3.1s)
✔ [7863/7874] Built Mathlib.Topology.Sheaves.MayerVietoris (3.4s)
✔ [7864/7874] Built Mathlib.Topology.Order.Category.AlexDisc (2.7s)
✔ [7865/7875] Built Mathlib.Topology.Sheaves.Alexandrov (4.9s)
✔ [7866/7877] Built Mathlib.Topology.OmegaCompletePartialOrder (2.5s)
✔ [7867/7878] Built Mathlib.Topology.Sheaves.Sheafify (2.9s)
✔ [7868/7879] Built Mathlib.Topology.Order.LawsonTopology (3.3s)
✔ [7869/7880] Built Mathlib.Topology.UniformSpace.AbsoluteValue (2.6s)
✔ [7870/7880] Built Mathlib.Topology.MetricSpace.GromovHausdorff (9.9s)
✔ [7871/7880] Built Mathlib.Topology.Subpath (3.6s)
✔ [7872/7885] Built Mathlib.Topology.UniformSpace.Dini (3.0s)
✔ [7873/7886] Built Mathlib.Topology.Sheaves.Skyscraper (5.5s)
✔ [7874/7887] Built Mathlib.Topology.UniformSpace.Path (2.8s)
✔ [7875/7888] Built Mathlib.Util.AliasIn (724ms)
✔ [7876/7889] Built Mathlib.Topology.UniformSpace.ProdApproximation (2.8s)
✔ [7877/7890] Built Mathlib.Topology.UniformSpace.CompareReals (2.7s)
✔ [7878/7891] Built Mathlib.Util.AssertNoSorry (863ms)
✔ [7880/7930] Built Mathlib.Topology.UniformSpace.Ultra.Basic (2.5s)
✔ [7881/7930] Built Mathlib.Topology.Sheaves.SheafCondition.EqualizerProducts (8.7s)
✔ [7882/7930] Built Mathlib.Util.FormatTable (934ms)
✔ [7883/7930] Built Mathlib.Util.GetAllModules (813ms)
✔ [7884/7930] Built Mathlib.Util.LongNames (852ms)
✔ [7885/7930] Built Mathlib.Util.SleepHeartbeats (712ms)
✔ [7886/7930] Built Mathlib.Util.Export (1.8s)
✔ [7887/7930] Built Mathlib.Util.Simp (1.2s)
✔ [7888/7930] Built Mathlib.Topology.UniformSpace.OfCompactT2 (5.4s)
✔ [7889/7930] Built Mathlib.Topology.UniformSpace.Ultra.Constructions (1.7s)
✔ [7890/7930] Built Mathlib.Topology.UniformSpace.Ultra.Completion (1.6s)
✔ [7891/7930] Built Mathlib.Topology.UniformSpace.Uniformizable (2.1s)
✔ [7892/7930] Built Mathlib (20s)
✔ [7893/7930] Built ProjetCollatz.CollatzCore (32s)
✔ [7894/7930] Built ProjetCollatz.CollatzOddInst (9.9s)
⚠ [7895/7930] Built ProjetCollatz.SyracuseDefs (12s)
warning: ProjetCollatz/SyracuseDefs.lean:80:43: try 'simp' instead of 'simpa'

Note: This linter can be disabled with `set_option linter.unnecessarySimpa false`
warning: ProjetCollatz/SyracuseDefs.lean:84:43: try 'simp' instead of 'simpa'

Note: This linter can be disabled with `set_option linter.unnecessarySimpa false`
warning: ProjetCollatz/SyracuseDefs.lean:100:8: try 'simp' instead of 'simpa'

Note: This linter can be disabled with `set_option linter.unnecessarySimpa false`
warning: ProjetCollatz/SyracuseDefs.lean:162:47: try 'simp' instead of 'simpa'

Note: This linter can be disabled with `set_option linter.unnecessarySimpa false`
warning: ProjetCollatz/SyracuseDefs.lean:143:30: This simp argument is unused:
  Nat.mul_assoc

Hint: Omit it from the simp argument list.
  simp [Nat.pow_succ, N̵a̵t̵.̵m̵u̵l̵_̵a̵s̵s̵o̵c̵,̵ ̵Nat.mul_comm, Nat.mul_left_comm]

Note: This linter can be disabled with `set_option linter.unusedSimpArgs false`
warning: ProjetCollatz/SyracuseDefs.lean:143:59: This simp argument is unused:
  Nat.mul_left_comm

Hint: Omit it from the simp argument list.
  simp [Nat.pow_succ, Nat.mul_assoc, Nat.mul_comm,̵ ̵N̵a̵t̵.̵m̵u̵l̵_̵l̵e̵f̵t̵_̵c̵o̵m̵m̵]

Note: This linter can be disabled with `set_option linter.unusedSimpArgs false`
warning: ProjetCollatz/SyracuseDefs.lean:159:30: This simp argument is unused:
  Nat.mul_assoc

Hint: Omit it from the simp argument list.
  simp ̵[̵N̵a̵t̵.̵m̵u̵l̵_̵a̵s̵s̵o̵c̵]̵

Note: This linter can be disabled with `set_option linter.unusedSimpArgs false`
warning: ProjetCollatz/SyracuseDefs.lean:197:18: try 'simp' instead of 'simpa'

Note: This linter can be disabled with `set_option linter.unnecessarySimpa false`
warning: ProjetCollatz/SyracuseDefs.lean:205:8: Try `simp at hle` instead of `simpa using hle`

Note: This linter can be disabled with `set_option linter.unnecessarySimpa false`
warning: ProjetCollatz/SyracuseDefs.lean:199:39: This simp argument is unused:
  Nat.mul_left_comm

Hint: Omit it from the simp argument list.
  simp [Nat.mul_assoc, N̵a̵t̵.̵m̵u̵l̵_̵l̵e̵f̵t̵_̵c̵o̵m̵m̵,̵ ̵Nat.mul_comm]

Note: This linter can be disabled with `set_option linter.unusedSimpArgs false`
warning: ProjetCollatz/SyracuseDefs.lean:201:38: This simp argument is unused:
  Nat.succ_eq_add_one

Hint: Omit it from the simp argument list.
  simp [Nat.pow_succ, Nat.s̵u̵c̵c̵_̵e̵q̵_̵a̵d̵d̵_̵o̵n̵e̵,̵ ̵N̵a̵t̵.̵mul_assoc]

Note: This linter can be disabled with `set_option linter.unusedSimpArgs false`
✔ [7896/7930] Built ProjetCollatz.Phase6Lemmas (33s)
✔ [7897/7930] Built ProjetCollatz.ModularHierarchy (33s)
ℹ [7898/7930] Built ProjetCollatz.HardLowerBoundPaper (33s)
info: ProjetCollatz/HardLowerBoundPaper.lean:40:0: ProjetCollatz.v2Nat : ℕ → ℕ
info: ProjetCollatz/HardLowerBoundPaper.lean:41:0: ProjetCollatz.pow2_v2Nat_dvd (n : ℕ) : 2 ^ v2Nat n ∣ n
info: ProjetCollatz/HardLowerBoundPaper.lean:42:0: ProjetCollatz.pow2_dvd_le_v2Nat_pos (m k : ℕ) : m ≠ 0 → 2 ^ k ∣ m → k ≤ v2Nat m
info: ProjetCollatz/HardLowerBoundPaper.lean:45:0: ProjetCollatz.syracuseNext (n : ℕ) : ℕ
info: ProjetCollatz/HardLowerBoundPaper.lean:46:0: ProjetCollatz.syracuseNext_spec (n : ℕ) : syracuseNext n * 2 ^ v2_3n1 n = 3 * n + 1
info: ProjetCollatz/HardLowerBoundPaper.lean:47:0: ProjetCollatz.syracuseNext_odd (n : ℕ) : syracuseNext n % 2 = 1
info: ProjetCollatz/HardLowerBoundPaper.lean:50:0: ProjetCollatz.nSeq (start_n : ℕ) : ℕ → ℕ
info: ProjetCollatz/HardLowerBoundPaper.lean:51:0: ProjetCollatz.aSeq (start_n : ℕ) : ℕ → ℕ
info: ProjetCollatz/HardLowerBoundPaper.lean:52:0: ProjetCollatz.x0_of_start (start_n : ℕ) : ℚ
info: ProjetCollatz/HardLowerBoundPaper.lean:53:0: ProjetCollatz.NrecSyr (start_n k : ℕ) : ℚ
info: ProjetCollatz/HardLowerBoundPaper.lean:54:0: ProjetCollatz.steps_up_to_NrecSyr (start_n K : ℕ) :
  CollatzCore.steps_up_to (fun k => NrecSyr start_n k) (aSeq start_n) K
⚠ [7899/7930] Built ProjetCollatz.Phase12ReflectionCerts (33s)
warning: ProjetCollatz/Phase12ReflectionCerts.lean:366:5: unused variable `hS`

Note: This linter can be disabled with `set_option linter.unusedVariables false`
✔ [7900/7930] Built ProjetCollatz.Phase6BLemmas (27s)
✔ [7901/7930] Built ProjetCollatz.Phase45UpperBound (27s)
✔ [7902/7930] Built ProjetCollatz.Phase13Stability (27s)
⚠ [7903/7930] Built ProjetCollatz.Phase7Theorems (19s)
warning: ProjetCollatz/Phase7Theorems.lean:160:5: unused variable `hgt`

Note: This linter can be disabled with `set_option linter.unusedVariables false`
⚠ [7904/7930] Built ProjetCollatz.Phase7Sprint3 (12s)
warning: ProjetCollatz/Phase7Sprint3.lean:215:60: unused variable `hgt`

Note: This linter can be disabled with `set_option linter.unusedVariables false`
warning: ProjetCollatz/Phase7Sprint3.lean:294:61: unused variable `hodd`

Note: This linter can be disabled with `set_option linter.unusedVariables false`
⚠ [7905/7930] Built ProjetCollatz.Phase7Sprint5 (12s)
warning: ProjetCollatz/Phase7Sprint5.lean:168:64: unused variable `hgt`

Note: This linter can be disabled with `set_option linter.unusedVariables false`
warning: ProjetCollatz/Phase7Sprint5.lean:195:64: unused variable `hgt`

Note: This linter can be disabled with `set_option linter.unusedVariables false`
⚠ [7906/7930] Built ProjetCollatz.Phase8Transitions (12s)
warning: ProjetCollatz/Phase8Transitions.lean:57:65: unused variable `hgt`

Note: This linter can be disabled with `set_option linter.unusedVariables false`
warning: ProjetCollatz/Phase8Transitions.lean:80:67: unused variable `hgt`

Note: This linter can be disabled with `set_option linter.unusedVariables false`
warning: ProjetCollatz/Phase8Transitions.lean:106:65: unused variable `hgt`

Note: This linter can be disabled with `set_option linter.unusedVariables false`
warning: ProjetCollatz/Phase8Transitions.lean:120:67: unused variable `hgt`

Note: This linter can be disabled with `set_option linter.unusedVariables false`
warning: ProjetCollatz/Phase8Transitions.lean:148:61: unused variable `hgt`

Note: This linter can be disabled with `set_option linter.unusedVariables false`
warning: ProjetCollatz/Phase8Transitions.lean:178:61: unused variable `hgt`

Note: This linter can be disabled with `set_option linter.unusedVariables false`
warning: ProjetCollatz/Phase8Transitions.lean:210:67: unused variable `hgt`

Note: This linter can be disabled with `set_option linter.unusedVariables false`
⚠ [7907/7930] Built ProjetCollatz.Phase9BinaryCascade (13s)
warning: ProjetCollatz/Phase9BinaryCascade.lean:70:72: unused variable `hgt`

Note: This linter can be disabled with `set_option linter.unusedVariables false`
warning: ProjetCollatz/Phase9BinaryCascade.lean:87:73: unused variable `hgt`

Note: This linter can be disabled with `set_option linter.unusedVariables false`
warning: ProjetCollatz/Phase9BinaryCascade.lean:149:73: unused variable `hgt`

Note: This linter can be disabled with `set_option linter.unusedVariables false`
warning: ProjetCollatz/Phase9BinaryCascade.lean:164:73: unused variable `hgt`

Note: This linter can be disabled with `set_option linter.unusedVariables false`
warning: ProjetCollatz/Phase9BinaryCascade.lean:211:75: unused variable `hgt`

Note: This linter can be disabled with `set_option linter.unusedVariables false`
warning: ProjetCollatz/Phase9BinaryCascade.lean:225:77: unused variable `hgt`

Note: This linter can be disabled with `set_option linter.unusedVariables false`
✔ [7908/7930] Built ProjetCollatz.Phase9CascadeInduction (14s)
⚠ [7909/7930] Built ProjetCollatz.Phase9DescentChain (16s)
warning: ProjetCollatz/Phase9DescentChain.lean:84:54: unused variable `hn`

Note: This linter can be disabled with `set_option linter.unusedVariables false`
warning: ProjetCollatz/Phase9DescentChain.lean:119:5: unused variable `hn2`

Note: This linter can be disabled with `set_option linter.unusedVariables false`
✔ [7910/7930] Built ProjetCollatz.Phase9FirstReturnMap (17s)
✔ [7911/7930] Built ProjetCollatz.Phase54EmpiricalHypotheses (22s)
⚠ [7912/7930] Built ProjetCollatz.Phase9ErgodicDescent (64s)
warning: ProjetCollatz/Phase9ErgodicDescent.lean:136:64: unused variable `hn`

Note: This linter can be disabled with `set_option linter.unusedVariables false`
warning: ProjetCollatz/Phase9ErgodicDescent.lean:189:66: unused variable `hn`

Note: This linter can be disabled with `set_option linter.unusedVariables false`
warning: ProjetCollatz/Phase9ErgodicDescent.lean:247:68: unused variable `hn`

Note: This linter can be disabled with `set_option linter.unusedVariables false`
warning: ProjetCollatz/Phase9ErgodicDescent.lean:309:68: unused variable `hn`

Note: This linter can be disabled with `set_option linter.unusedVariables false`
warning: ProjetCollatz/Phase9ErgodicDescent.lean:358:66: unused variable `hn`

Note: This linter can be disabled with `set_option linter.unusedVariables false`
warning: ProjetCollatz/Phase9ErgodicDescent.lean:391:70: unused variable `hn`

Note: This linter can be disabled with `set_option linter.unusedVariables false`
warning: ProjetCollatz/Phase9ErgodicDescent.lean:440:70: unused variable `hn`

Note: This linter can be disabled with `set_option linter.unusedVariables false`
warning: ProjetCollatz/Phase9ErgodicDescent.lean:501:72: unused variable `hn`

Note: This linter can be disabled with `set_option linter.unusedVariables false`
warning: ProjetCollatz/Phase9ErgodicDescent.lean:560:72: unused variable `hn`

Note: This linter can be disabled with `set_option linter.unusedVariables false`
warning: ProjetCollatz/Phase9ErgodicDescent.lean:619:72: unused variable `hn`

Note: This linter can be disabled with `set_option linter.unusedVariables false`
warning: ProjetCollatz/Phase9ErgodicDescent.lean:678:72: unused variable `hn`

Note: This linter can be disabled with `set_option linter.unusedVariables false`
warning: ProjetCollatz/Phase9ErgodicDescent.lean:736:72: unused variable `hn`

Note: This linter can be disabled with `set_option linter.unusedVariables false`
warning: ProjetCollatz/Phase9ErgodicDescent.lean:794:72: unused variable `hn`

Note: This linter can be disabled with `set_option linter.unusedVariables false`
warning: ProjetCollatz/Phase9ErgodicDescent.lean:852:72: unused variable `hn`

Note: This linter can be disabled with `set_option linter.unusedVariables false`
warning: ProjetCollatz/Phase9ErgodicDescent.lean:910:72: unused variable `hn`

Note: This linter can be disabled with `set_option linter.unusedVariables false`
warning: ProjetCollatz/Phase9ErgodicDescent.lean:968:72: unused variable `hn`

Note: This linter can be disabled with `set_option linter.unusedVariables false`
warning: ProjetCollatz/Phase9ErgodicDescent.lean:1195:66: unused variable `hn`

Note: This linter can be disabled with `set_option linter.unusedVariables false`
warning: ProjetCollatz/Phase9ErgodicDescent.lean:1292:47: unused variable `h7`

Note: This linter can be disabled with `set_option linter.unusedVariables false`
warning: ProjetCollatz/Phase9ErgodicDescent.lean:1369:66: unused variable `hn`

Note: This linter can be disabled with `set_option linter.unusedVariables false`
warning: ProjetCollatz/Phase9ErgodicDescent.lean:1433:70: unused variable `hn`

Note: This linter can be disabled with `set_option linter.unusedVariables false`
warning: ProjetCollatz/Phase9ErgodicDescent.lean:1520:68: unused variable `hn`

Note: This linter can be disabled with `set_option linter.unusedVariables false`
warning: ProjetCollatz/Phase9ErgodicDescent.lean:1611:68: unused variable `hn`

Note: This linter can be disabled with `set_option linter.unusedVariables false`
warning: ProjetCollatz/Phase9ErgodicDescent.lean:1672:68: unused variable `hn`

Note: This linter can be disabled with `set_option linter.unusedVariables false`
warning: ProjetCollatz/Phase9ErgodicDescent.lean:1736:70: unused variable `hn`

Note: This linter can be disabled with `set_option linter.unusedVariables false`
warning: ProjetCollatz/Phase9ErgodicDescent.lean:1811:68: unused variable `hn`

Note: This linter can be disabled with `set_option linter.unusedVariables false`
warning: ProjetCollatz/Phase9ErgodicDescent.lean:1872:70: unused variable `hn`

Note: This linter can be disabled with `set_option linter.unusedVariables false`
warning: ProjetCollatz/Phase9ErgodicDescent.lean:1941:70: unused variable `hn`

Note: This linter can be disabled with `set_option linter.unusedVariables false`
warning: ProjetCollatz/Phase9ErgodicDescent.lean:2002:70: unused variable `hn`

Note: This linter can be disabled with `set_option linter.unusedVariables false`
warning: ProjetCollatz/Phase9ErgodicDescent.lean:2081:72: unused variable `hn`

Note: This linter can be disabled with `set_option linter.unusedVariables false`
warning: ProjetCollatz/Phase9ErgodicDescent.lean:2152:72: unused variable `hn`

Note: This linter can be disabled with `set_option linter.unusedVariables false`
warning: ProjetCollatz/Phase9ErgodicDescent.lean:2227:72: unused variable `hn`

Note: This linter can be disabled with `set_option linter.unusedVariables false`
✔ [7913/7930] Built ProjetCollatz.Phase27DriftLemma (37s)
✔ [7914/7930] Built ProjetCollatz.Phase28CoverageUnification (11s)
✔ [7915/7930] Built ProjetCollatz.Phase29FullCoverage (13s)
✔ [7916/7930] Built ProjetCollatz.Phase30GlobalDescent (16s)
✔ [7917/7930] Built ProjetCollatz.Phase33ConditionalCollatz (16s)
✔ [7918/7930] Built ProjetCollatz.Phase32CarryChain (16s)
✔ [7919/7930] Built ProjetCollatz.Phase46CollatzReduction (12s)
✔ [7920/7930] Built ProjetCollatz.Phase47NoCycle (12s)
✔ [7921/7930] Built ProjetCollatz.Phase50CycleEquation (14s)
✔ [7922/7930] Built ProjetCollatz.Phase50Bridge (18s)
✔ [7923/7930] Built ProjetCollatz.Phase51ExternalHypotheses (18s)
✔ [7924/7930] Built ProjetCollatz.Phase52SteinerEquation (25s)
✔ [7925/7930] Built ProjetCollatz.Phase55CycleBound (18s)
✔ [7926/7930] Built ProjetCollatz.Phase56Bloc18Complete (18s)
✔ [7927/7930] Built ProjetCollatz.Phase58PorteDeuxFinal (28s)
✔ [7928/7930] Built ProjetCollatz.Phase59ContinuedFractions (11s)
✔ [7929/7930] Built ProjetCollatz (13s)
Build completed successfully (7930 jobs).
lake build ProjetCollatz 2>&1  28130.11s user 7245.89s system 636% cpu 1:32:38.86 total
BUILD_EXIT=0
